record_id,article_id,section,pico_category,sentence_text
1,10001477,BACKGROUND,BACKGROUND,Chronic obstructive pulmonary disease exacerbations frequently lead to hospital readmission and increased mortality. (Cohort identifier: 1).
2,10001698,OBJECTIVE,OBJECTIVES,This randomized controlled trial aimed to compare low-dose combination therapy against standard monotherapy. (Trial registration: NCT010001698).
3,10001135,METHODS,METHODS,"A multi-center, double-blind, randomized controlled trial enrolled 1,200 adult patients across 45 clinical sites. (Stratified cluster 3)."
4,10001576,RESULTS,RESULTS,"The 12-month relapse rate was significantly lower in the combined therapy arm (18.2% vs 34.6%, HR: 0.48, 9: 0.31-0.75). (Confidence interval 95%, n=2068)."
5,10001393,BACKGROUND,BACKGROUND,Major depressive disorder is a pervasive mental health condition with substantial socioeconomic burden. (Cohort identifier: 5).
6,10001960,OBJECTIVE,OBJECTIVES,To determine if inhaled corticosteroid cessation increases acute exacerbation risk in moderate COPD. (Trial registration: NCT010001960).
7,10001154,METHODS,METHODS,Statistical analyses followed the intention-to-treat principle using mixed-effects linear regression models. (Stratified cluster 7).
8,10001376,RESULTS,RESULTS,"The 12-month relapse rate was significantly lower in the combined therapy arm (18.2% vs 34.6%, HR: 0.48, 9: 0.31-0.75). (Confidence interval 95%, n=1645)."
9,10001534,BACKGROUND,BACKGROUND,Hypertension remains the leading preventable cause of cardiovascular disease and premature death worldwide. (Cohort identifier: 9).
10,10001417,OBJECTIVE,OBJECTIVES,This randomized controlled trial aimed to compare low-dose combination therapy against standard monotherapy. (Trial registration: NCT010001417).
11,10001258,METHODS,METHODS,Statistical analyses followed the intention-to-treat principle using mixed-effects linear regression models. (Stratified cluster 11).
12,10001416,RESULTS,RESULTS,"Semaglutide significantly reduced mean HbA1c by -1.5% compared to -0.8% with sitagliptin (p < 0.001). (Confidence interval 95%, n=1321)."
13,10001685,BACKGROUND,BACKGROUND,Type 2 diabetes mellitus is a major chronic metabolic disorder associated with high cardiovascular mortality. (Cohort identifier: 13).
14,10001758,OBJECTIVE,OBJECTIVES,To evaluate the efficacy and safety of once-weekly semaglutide compared to daily sitagliptin in adults. (Trial registration: NCT010001758).
15,10001604,METHODS,METHODS,Primary endpoint was change in mean arterial pressure measured at 12 weeks post-randomization. (Stratified cluster 15).
16,10001212,RESULTS,RESULTS,"Combination therapy achieved target blood pressure control in 78.4% of patients compared to 54.2% in the monotherapy group. (Confidence interval 95%, n=988)."
17,10001646,BACKGROUND,BACKGROUND,Type 2 diabetes mellitus is a major chronic metabolic disorder associated with high cardiovascular mortality. (Cohort identifier: 17).
18,10001965,OBJECTIVE,OBJECTIVES,To determine if inhaled corticosteroid cessation increases acute exacerbation risk in moderate COPD. (Trial registration: NCT010001965).
19,10001389,METHODS,METHODS,Primary endpoint was change in mean arterial pressure measured at 12 weeks post-randomization. (Stratified cluster 19).
20,10001807,RESULTS,RESULTS,"Mean postoperative pain scores at 24 hours were significantly reduced in the intervention group (2.1 vs 4.8, p = 0.002). (Confidence interval 95%, n=618)."
21,10001479,BACKGROUND,BACKGROUND,Chronic obstructive pulmonary disease exacerbations frequently lead to hospital readmission and increased mortality. (Cohort identifier: 21).
22,10001260,OBJECTIVE,OBJECTIVES,To evaluate the efficacy and safety of once-weekly semaglutide compared to daily sitagliptin in adults. (Trial registration: NCT010001260).
23,10001392,METHODS,METHODS,"A multi-center, double-blind, randomized controlled trial enrolled 1,200 adult patients across 45 clinical sites. (Stratified cluster 23)."
24,10001988,RESULTS,RESULTS,"Semaglutide significantly reduced mean HbA1c by -1.5% compared to -0.8% with sitagliptin (p < 0.001). (Confidence interval 95%, n=1344)."
25,10001521,BACKGROUND,BACKGROUND,Major depressive disorder is a pervasive mental health condition with substantial socioeconomic burden. (Cohort identifier: 25).
26,10001741,OBJECTIVE,OBJECTIVES,To determine if inhaled corticosteroid cessation increases acute exacerbation risk in moderate COPD. (Trial registration: NCT010001741).
27,10001886,METHODS,METHODS,Participants were randomly allocated (1:1) using computer-generated block randomization to receive drug A or placebo. (Stratified cluster 27).
28,10001648,RESULTS,RESULTS,"Semaglutide significantly reduced mean HbA1c by -1.5% compared to -0.8% with sitagliptin (p < 0.001). (Confidence interval 95%, n=813)."
29,10001984,BACKGROUND,BACKGROUND,Major depressive disorder is a pervasive mental health condition with substantial socioeconomic burden. (Cohort identifier: 29).
30,10001678,OBJECTIVE,OBJECTIVES,This randomized controlled trial aimed to compare low-dose combination therapy against standard monotherapy. (Trial registration: NCT010001678).
31,10001979,METHODS,METHODS,Primary endpoint was change in mean arterial pressure measured at 12 weeks post-randomization. (Stratified cluster 31).
32,10001716,RESULTS,RESULTS,"Mean postoperative pain scores at 24 hours were significantly reduced in the intervention group (2.1 vs 4.8, p = 0.002). (Confidence interval 95%, n=2186)."
33,10001160,BACKGROUND,BACKGROUND,Postoperative pain management following major orthopedic surgery is critical for early patient mobilization. (Cohort identifier: 33).
34,10001838,OBJECTIVE,OBJECTIVES,To determine if inhaled corticosteroid cessation increases acute exacerbation risk in moderate COPD. (Trial registration: NCT010001838).
35,10001328,METHODS,METHODS,Eligible participants aged 18-75 years with documented HbA1c > 8.0% underwent 24 weeks of active treatment. (Stratified cluster 35).
36,10001318,RESULTS,RESULTS,"Semaglutide significantly reduced mean HbA1c by -1.5% compared to -0.8% with sitagliptin (p < 0.001). (Confidence interval 95%, n=677)."
37,10001168,BACKGROUND,BACKGROUND,Chronic obstructive pulmonary disease exacerbations frequently lead to hospital readmission and increased mortality. (Cohort identifier: 37).
38,10001885,OBJECTIVE,OBJECTIVES,This randomized controlled trial aimed to compare low-dose combination therapy against standard monotherapy. (Trial registration: NCT010001885).
39,10001535,METHODS,METHODS,Statistical analyses followed the intention-to-treat principle using mixed-effects linear regression models. (Stratified cluster 39).
40,10001237,RESULTS,RESULTS,"Combination therapy achieved target blood pressure control in 78.4% of patients compared to 54.2% in the monotherapy group. (Confidence interval 95%, n=2152)."
41,10001509,BACKGROUND,BACKGROUND,Major depressive disorder is a pervasive mental health condition with substantial socioeconomic burden. (Cohort identifier: 41).
42,10001659,OBJECTIVE,OBJECTIVES,This randomized controlled trial aimed to compare low-dose combination therapy against standard monotherapy. (Trial registration: NCT010001659).
43,10001604,METHODS,METHODS,Participants were randomly allocated (1:1) using computer-generated block randomization to receive drug A or placebo. (Stratified cluster 43).
44,10001606,RESULTS,RESULTS,"Semaglutide significantly reduced mean HbA1c by -1.5% compared to -0.8% with sitagliptin (p < 0.001). (Confidence interval 95%, n=2154)."
45,10001977,BACKGROUND,BACKGROUND,Hypertension remains the leading preventable cause of cardiovascular disease and premature death worldwide. (Cohort identifier: 45).
46,10001508,OBJECTIVE,OBJECTIVES,This randomized controlled trial aimed to compare low-dose combination therapy against standard monotherapy. (Trial registration: NCT010001508).
47,10001493,METHODS,METHODS,Statistical analyses followed the intention-to-treat principle using mixed-effects linear regression models. (Stratified cluster 47).
48,10001654,RESULTS,RESULTS,"Mean postoperative pain scores at 24 hours were significantly reduced in the intervention group (2.1 vs 4.8, p = 0.002). (Confidence interval 95%, n=2332)."
49,10001928,BACKGROUND,BACKGROUND,Hypertension remains the leading preventable cause of cardiovascular disease and premature death worldwide. (Cohort identifier: 49).
50,10001193,OBJECTIVE,OBJECTIVES,We investigated whether cognitive behavioral therapy reduces relapse rates compared to standard pharmacotherapy. (Trial registration: NCT010001193).
51,10001191,METHODS,METHODS,Eligible participants aged 18-75 years with documented HbA1c > 8.0% underwent 24 weeks of active treatment. (Stratified cluster 51).
52,10001502,RESULTS,RESULTS,"Mean postoperative pain scores at 24 hours were significantly reduced in the intervention group (2.1 vs 4.8, p = 0.002). (Confidence interval 95%, n=413)."
53,10001483,BACKGROUND,BACKGROUND,Postoperative pain management following major orthopedic surgery is critical for early patient mobilization. (Cohort identifier: 53).
54,10001759,OBJECTIVE,OBJECTIVES,To evaluate the efficacy and safety of once-weekly semaglutide compared to daily sitagliptin in adults. (Trial registration: NCT010001759).
55,10001890,METHODS,METHODS,Participants were randomly allocated (1:1) using computer-generated block randomization to receive drug A or placebo. (Stratified cluster 55).
56,10001085,RESULTS,RESULTS,"Semaglutide significantly reduced mean HbA1c by -1.5% compared to -0.8% with sitagliptin (p < 0.001). (Confidence interval 95%, n=947)."
57,10001742,BACKGROUND,BACKGROUND,Type 2 diabetes mellitus is a major chronic metabolic disorder associated with high cardiovascular mortality. (Cohort identifier: 57).
58,10001843,OBJECTIVE,OBJECTIVES,We investigated whether cognitive behavioral therapy reduces relapse rates compared to standard pharmacotherapy. (Trial registration: NCT010001843).
59,10001640,METHODS,METHODS,Statistical analyses followed the intention-to-treat principle using mixed-effects linear regression models. (Stratified cluster 59).
60,10001254,RESULTS,RESULTS,"The 12-month relapse rate was significantly lower in the combined therapy arm (18.2% vs 34.6%, HR: 0.48, 9: 0.31-0.75). (Confidence interval 95%, n=451)."
61,10001730,BACKGROUND,BACKGROUND,Postoperative pain management following major orthopedic surgery is critical for early patient mobilization. (Cohort identifier: 61).
62,10001772,OBJECTIVE,OBJECTIVES,To determine if inhaled corticosteroid cessation increases acute exacerbation risk in moderate COPD. (Trial registration: NCT010001772).
63,10001536,METHODS,METHODS,Participants were randomly allocated (1:1) using computer-generated block randomization to receive drug A or placebo. (Stratified cluster 63).
64,10001674,RESULTS,RESULTS,"Semaglutide significantly reduced mean HbA1c by -1.5% compared to -0.8% with sitagliptin (p < 0.001). (Confidence interval 95%, n=1394)."
65,10001748,BACKGROUND,BACKGROUND,Hypertension remains the leading preventable cause of cardiovascular disease and premature death worldwide. (Cohort identifier: 65).
66,10001366,OBJECTIVE,OBJECTIVES,This randomized controlled trial aimed to compare low-dose combination therapy against standard monotherapy. (Trial registration: NCT010001366).
67,10001930,METHODS,METHODS,Participants were randomly allocated (1:1) using computer-generated block randomization to receive drug A or placebo. (Stratified cluster 67).
68,10001065,RESULTS,RESULTS,"Semaglutide significantly reduced mean HbA1c by -1.5% compared to -0.8% with sitagliptin (p < 0.001). (Confidence interval 95%, n=1384)."
69,10001866,BACKGROUND,BACKGROUND,Chronic obstructive pulmonary disease exacerbations frequently lead to hospital readmission and increased mortality. (Cohort identifier: 69).
70,10001077,OBJECTIVE,OBJECTIVES,This randomized controlled trial aimed to compare low-dose combination therapy against standard monotherapy. (Trial registration: NCT010001077).
71,10001361,METHODS,METHODS,Eligible participants aged 18-75 years with documented HbA1c > 8.0% underwent 24 weeks of active treatment. (Stratified cluster 71).
72,10001300,RESULTS,RESULTS,"The 12-month relapse rate was significantly lower in the combined therapy arm (18.2% vs 34.6%, HR: 0.48, 9: 0.31-0.75). (Confidence interval 95%, n=575)."
73,10001073,BACKGROUND,BACKGROUND,Postoperative pain management following major orthopedic surgery is critical for early patient mobilization. (Cohort identifier: 73).
74,10001327,OBJECTIVE,OBJECTIVES,The primary aim was to assess the analgesic effectiveness of intravenous dexamethasone versus placebo. (Trial registration: NCT010001327).
75,10001593,METHODS,METHODS,Participants were randomly allocated (1:1) using computer-generated block randomization to receive drug A or placebo. (Stratified cluster 75).
76,10001539,RESULTS,RESULTS,"Combination therapy achieved target blood pressure control in 78.4% of patients compared to 54.2% in the monotherapy group. (Confidence interval 95%, n=1252)."
77,10001136,BACKGROUND,BACKGROUND,Major depressive disorder is a pervasive mental health condition with substantial socioeconomic burden. (Cohort identifier: 77).
78,10001023,OBJECTIVE,OBJECTIVES,This randomized controlled trial aimed to compare low-dose combination therapy against standard monotherapy. (Trial registration: NCT010001023).
79,10001406,METHODS,METHODS,"A multi-center, double-blind, randomized controlled trial enrolled 1,200 adult patients across 45 clinical sites. (Stratified cluster 79)."
80,10001795,RESULTS,RESULTS,"Semaglutide significantly reduced mean HbA1c by -1.5% compared to -0.8% with sitagliptin (p < 0.001). (Confidence interval 95%, n=2285)."
81,10001196,BACKGROUND,BACKGROUND,Major depressive disorder is a pervasive mental health condition with substantial socioeconomic burden. (Cohort identifier: 81).
82,10001321,OBJECTIVE,OBJECTIVES,The primary aim was to assess the analgesic effectiveness of intravenous dexamethasone versus placebo. (Trial registration: NCT010001321).
83,10001306,METHODS,METHODS,Participants were randomly allocated (1:1) using computer-generated block randomization to receive drug A or placebo. (Stratified cluster 83).
84,10001568,RESULTS,RESULTS,"The 12-month relapse rate was significantly lower in the combined therapy arm (18.2% vs 34.6%, HR: 0.48, 9: 0.31-0.75). (Confidence interval 95%, n=292)."
85,10001812,BACKGROUND,BACKGROUND,Type 2 diabetes mellitus is a major chronic metabolic disorder associated with high cardiovascular mortality. (Cohort identifier: 85).
86,10001584,OBJECTIVE,OBJECTIVES,To evaluate the efficacy and safety of once-weekly semaglutide compared to daily sitagliptin in adults. (Trial registration: NCT010001584).
87,10001062,METHODS,METHODS,Statistical analyses followed the intention-to-treat principle using mixed-effects linear regression models. (Stratified cluster 87).
88,10001740,RESULTS,RESULTS,"Combination therapy achieved target blood pressure control in 78.4% of patients compared to 54.2% in the monotherapy group. (Confidence interval 95%, n=595)."
89,10001218,BACKGROUND,BACKGROUND,Type 2 diabetes mellitus is a major chronic metabolic disorder associated with high cardiovascular mortality. (Cohort identifier: 89).
90,10001436,OBJECTIVE,OBJECTIVES,We investigated whether cognitive behavioral therapy reduces relapse rates compared to standard pharmacotherapy. (Trial registration: NCT010001436).
91,10001465,METHODS,METHODS,"A multi-center, double-blind, randomized controlled trial enrolled 1,200 adult patients across 45 clinical sites. (Stratified cluster 91)."
92,10001642,RESULTS,RESULTS,"No statistically significant difference in serious adverse events was observed between the active drug and placebo arms. (Confidence interval 95%, n=2083)."
93,10001760,BACKGROUND,BACKGROUND,Type 2 diabetes mellitus is a major chronic metabolic disorder associated with high cardiovascular mortality. (Cohort identifier: 93).
94,10001810,OBJECTIVE,OBJECTIVES,To determine if inhaled corticosteroid cessation increases acute exacerbation risk in moderate COPD. (Trial registration: NCT010001810).
95,10001699,METHODS,METHODS,Primary endpoint was change in mean arterial pressure measured at 12 weeks post-randomization. (Stratified cluster 95).
96,10001690,RESULTS,RESULTS,"Mean postoperative pain scores at 24 hours were significantly reduced in the intervention group (2.1 vs 4.8, p = 0.002). (Confidence interval 95%, n=726)."
97,10001704,BACKGROUND,BACKGROUND,Hypertension remains the leading preventable cause of cardiovascular disease and premature death worldwide. (Cohort identifier: 97).
98,10001690,OBJECTIVE,OBJECTIVES,To determine if inhaled corticosteroid cessation increases acute exacerbation risk in moderate COPD. (Trial registration: NCT010001690).
99,10001405,METHODS,METHODS,"A multi-center, double-blind, randomized controlled trial enrolled 1,200 adult patients across 45 clinical sites. (Stratified cluster 99)."
100,10001109,RESULTS,RESULTS,"Semaglutide significantly reduced mean HbA1c by -1.5% compared to -0.8% with sitagliptin (p < 0.001). (Confidence interval 95%, n=287)."
101,10001105,BACKGROUND,BACKGROUND,Postoperative pain management following major orthopedic surgery is critical for early patient mobilization. (Cohort identifier: 101).
102,10001687,OBJECTIVE,OBJECTIVES,We investigated whether cognitive behavioral therapy reduces relapse rates compared to standard pharmacotherapy. (Trial registration: NCT010001687).
103,10001553,METHODS,METHODS,"A multi-center, double-blind, randomized controlled trial enrolled 1,200 adult patients across 45 clinical sites. (Stratified cluster 103)."
104,10001449,RESULTS,RESULTS,"Mean postoperative pain scores at 24 hours were significantly reduced in the intervention group (2.1 vs 4.8, p = 0.002). (Confidence interval 95%, n=696)."
105,10001174,BACKGROUND,BACKGROUND,Type 2 diabetes mellitus is a major chronic metabolic disorder associated with high cardiovascular mortality. (Cohort identifier: 105).
106,10001595,OBJECTIVE,OBJECTIVES,This randomized controlled trial aimed to compare low-dose combination therapy against standard monotherapy. (Trial registration: NCT010001595).
107,10001085,METHODS,METHODS,Eligible participants aged 18-75 years with documented HbA1c > 8.0% underwent 24 weeks of active treatment. (Stratified cluster 107).
108,10001087,RESULTS,RESULTS,"No statistically significant difference in serious adverse events was observed between the active drug and placebo arms. (Confidence interval 95%, n=1770)."
109,10001061,BACKGROUND,BACKGROUND,Chronic obstructive pulmonary disease exacerbations frequently lead to hospital readmission and increased mortality. (Cohort identifier: 109).
110,10001042,OBJECTIVE,OBJECTIVES,This randomized controlled trial aimed to compare low-dose combination therapy against standard monotherapy. (Trial registration: NCT010001042).
111,10001190,METHODS,METHODS,Primary endpoint was change in mean arterial pressure measured at 12 weeks post-randomization. (Stratified cluster 111).
112,10001947,RESULTS,RESULTS,"The 12-month relapse rate was significantly lower in the combined therapy arm (18.2% vs 34.6%, HR: 0.48, 9: 0.31-0.75). (Confidence interval 95%, n=2153)."
113,10001797,BACKGROUND,BACKGROUND,Postoperative pain management following major orthopedic surgery is critical for early patient mobilization. (Cohort identifier: 113).
114,10001720,OBJECTIVE,OBJECTIVES,To determine if inhaled corticosteroid cessation increases acute exacerbation risk in moderate COPD. (Trial registration: NCT010001720).
115,10001164,METHODS,METHODS,Primary endpoint was change in mean arterial pressure measured at 12 weeks post-randomization. (Stratified cluster 115).
116,10001870,RESULTS,RESULTS,"Mean postoperative pain scores at 24 hours were significantly reduced in the intervention group (2.1 vs 4.8, p = 0.002). (Confidence interval 95%, n=1106)."
117,10001985,BACKGROUND,BACKGROUND,Type 2 diabetes mellitus is a major chronic metabolic disorder associated with high cardiovascular mortality. (Cohort identifier: 117).
118,10001672,OBJECTIVE,OBJECTIVES,We investigated whether cognitive behavioral therapy reduces relapse rates compared to standard pharmacotherapy. (Trial registration: NCT010001672).
119,10001268,METHODS,METHODS,"A multi-center, double-blind, randomized controlled trial enrolled 1,200 adult patients across 45 clinical sites. (Stratified cluster 119)."
120,10001607,RESULTS,RESULTS,"No statistically significant difference in serious adverse events was observed between the active drug and placebo arms. (Confidence interval 95%, n=2267)."
121,10001854,BACKGROUND,BACKGROUND,Hypertension remains the leading preventable cause of cardiovascular disease and premature death worldwide. (Cohort identifier: 121).
122,10001768,OBJECTIVE,OBJECTIVES,To determine if inhaled corticosteroid cessation increases acute exacerbation risk in moderate COPD. (Trial registration: NCT010001768).
123,10001474,METHODS,METHODS,Participants were randomly allocated (1:1) using computer-generated block randomization to receive drug A or placebo. (Stratified cluster 123).
124,10001173,RESULTS,RESULTS,"Mean postoperative pain scores at 24 hours were significantly reduced in the intervention group (2.1 vs 4.8, p = 0.002). (Confidence interval 95%, n=163)."
125,10001247,BACKGROUND,BACKGROUND,Postoperative pain management following major orthopedic surgery is critical for early patient mobilization. (Cohort identifier: 125).
126,10001873,OBJECTIVE,OBJECTIVES,We investigated whether cognitive behavioral therapy reduces relapse rates compared to standard pharmacotherapy. (Trial registration: NCT010001873).
127,10001271,METHODS,METHODS,Primary endpoint was change in mean arterial pressure measured at 12 weeks post-randomization. (Stratified cluster 127).
128,10001518,RESULTS,RESULTS,"Mean postoperative pain scores at 24 hours were significantly reduced in the intervention group (2.1 vs 4.8, p = 0.002). (Confidence interval 95%, n=1838)."
129,10001105,BACKGROUND,BACKGROUND,Hypertension remains the leading preventable cause of cardiovascular disease and premature death worldwide. (Cohort identifier: 129).
130,10001189,OBJECTIVE,OBJECTIVES,This randomized controlled trial aimed to compare low-dose combination therapy against standard monotherapy. (Trial registration: NCT010001189).
131,10001749,METHODS,METHODS,Primary endpoint was change in mean arterial pressure measured at 12 weeks post-randomization. (Stratified cluster 131).
132,10001148,RESULTS,RESULTS,"The 12-month relapse rate was significantly lower in the combined therapy arm (18.2% vs 34.6%, HR: 0.48, 9: 0.31-0.75). (Confidence interval 95%, n=289)."
133,10001473,BACKGROUND,BACKGROUND,Chronic obstructive pulmonary disease exacerbations frequently lead to hospital readmission and increased mortality. (Cohort identifier: 133).
134,10001596,OBJECTIVE,OBJECTIVES,To determine if inhaled corticosteroid cessation increases acute exacerbation risk in moderate COPD. (Trial registration: NCT010001596).
135,10001314,METHODS,METHODS,Primary endpoint was change in mean arterial pressure measured at 12 weeks post-randomization. (Stratified cluster 135).
136,10001995,RESULTS,RESULTS,"The 12-month relapse rate was significantly lower in the combined therapy arm (18.2% vs 34.6%, HR: 0.48, 9: 0.31-0.75). (Confidence interval 95%, n=154)."
137,10001753,BACKGROUND,BACKGROUND,Type 2 diabetes mellitus is a major chronic metabolic disorder associated with high cardiovascular mortality. (Cohort identifier: 137).
138,10001098,OBJECTIVE,OBJECTIVES,To evaluate the efficacy and safety of once-weekly semaglutide compared to daily sitagliptin in adults. (Trial registration: NCT010001098).
139,10001579,METHODS,METHODS,Eligible participants aged 18-75 years with documented HbA1c > 8.0% underwent 24 weeks of active treatment. (Stratified cluster 139).
140,10001761,RESULTS,RESULTS,"The 12-month relapse rate was significantly lower in the combined therapy arm (18.2% vs 34.6%, HR: 0.48, 9: 0.31-0.75). (Confidence interval 95%, n=2012)."
141,10001821,BACKGROUND,BACKGROUND,Chronic obstructive pulmonary disease exacerbations frequently lead to hospital readmission and increased mortality. (Cohort identifier: 141).
142,10001338,OBJECTIVE,OBJECTIVES,This randomized controlled trial aimed to compare low-dose combination therapy against standard monotherapy. (Trial registration: NCT010001338).
143,10001222,METHODS,METHODS,Primary endpoint was change in mean arterial pressure measured at 12 weeks post-randomization. (Stratified cluster 143).
144,10001782,RESULTS,RESULTS,"No statistically significant difference in serious adverse events was observed between the active drug and placebo arms. (Confidence interval 95%, n=2252)."
145,10001053,BACKGROUND,BACKGROUND,Chronic obstructive pulmonary disease exacerbations frequently lead to hospital readmission and increased mortality. (Cohort identifier: 145).
146,10001744,OBJECTIVE,OBJECTIVES,We investigated whether cognitive behavioral therapy reduces relapse rates compared to standard pharmacotherapy. (Trial registration: NCT010001744).
147,10001053,METHODS,METHODS,Eligible participants aged 18-75 years with documented HbA1c > 8.0% underwent 24 weeks of active treatment. (Stratified cluster 147).
148,10001860,RESULTS,RESULTS,"No statistically significant difference in serious adverse events was observed between the active drug and placebo arms. (Confidence interval 95%, n=1536)."
149,10001958,BACKGROUND,BACKGROUND,Major depressive disorder is a pervasive mental health condition with substantial socioeconomic burden. (Cohort identifier: 149).
150,10001907,OBJECTIVE,OBJECTIVES,To determine if inhaled corticosteroid cessation increases acute exacerbation risk in moderate COPD. (Trial registration: NCT010001907).
151,10001984,METHODS,METHODS,Primary endpoint was change in mean arterial pressure measured at 12 weeks post-randomization. (Stratified cluster 151).
152,10001242,RESULTS,RESULTS,"Mean postoperative pain scores at 24 hours were significantly reduced in the intervention group (2.1 vs 4.8, p = 0.002). (Confidence interval 95%, n=813)."
153,10001810,BACKGROUND,BACKGROUND,Type 2 diabetes mellitus is a major chronic metabolic disorder associated with high cardiovascular mortality. (Cohort identifier: 153).
154,10001303,OBJECTIVE,OBJECTIVES,The primary aim was to assess the analgesic effectiveness of intravenous dexamethasone versus placebo. (Trial registration: NCT010001303).
155,10001962,METHODS,METHODS,Primary endpoint was change in mean arterial pressure measured at 12 weeks post-randomization. (Stratified cluster 155).
156,10001527,RESULTS,RESULTS,"Combination therapy achieved target blood pressure control in 78.4% of patients compared to 54.2% in the monotherapy group. (Confidence interval 95%, n=2157)."
157,10001368,BACKGROUND,BACKGROUND,Chronic obstructive pulmonary disease exacerbations frequently lead to hospital readmission and increased mortality. (Cohort identifier: 157).
158,10001155,OBJECTIVE,OBJECTIVES,The primary aim was to assess the analgesic effectiveness of intravenous dexamethasone versus placebo. (Trial registration: NCT010001155).
159,10001336,METHODS,METHODS,Participants were randomly allocated (1:1) using computer-generated block randomization to receive drug A or placebo. (Stratified cluster 159).
160,10001353,RESULTS,RESULTS,"No statistically significant difference in serious adverse events was observed between the active drug and placebo arms. (Confidence interval 95%, n=873)."
161,10001220,BACKGROUND,BACKGROUND,Postoperative pain management following major orthopedic surgery is critical for early patient mobilization. (Cohort identifier: 161).
162,10001844,OBJECTIVE,OBJECTIVES,The primary aim was to assess the analgesic effectiveness of intravenous dexamethasone versus placebo. (Trial registration: NCT010001844).
163,10001543,METHODS,METHODS,Eligible participants aged 18-75 years with documented HbA1c > 8.0% underwent 24 weeks of active treatment. (Stratified cluster 163).
164,10001876,RESULTS,RESULTS,"No statistically significant difference in serious adverse events was observed between the active drug and placebo arms. (Confidence interval 95%, n=588)."
165,10001048,BACKGROUND,BACKGROUND,Postoperative pain management following major orthopedic surgery is critical for early patient mobilization. (Cohort identifier: 165).
166,10001218,OBJECTIVE,OBJECTIVES,To determine if inhaled corticosteroid cessation increases acute exacerbation risk in moderate COPD. (Trial registration: NCT010001218).
167,10001483,METHODS,METHODS,Participants were randomly allocated (1:1) using computer-generated block randomization to receive drug A or placebo. (Stratified cluster 167).
168,10001689,RESULTS,RESULTS,"No statistically significant difference in serious adverse events was observed between the active drug and placebo arms. (Confidence interval 95%, n=1328)."
169,10001066,BACKGROUND,BACKGROUND,Postoperative pain management following major orthopedic surgery is critical for early patient mobilization. (Cohort identifier: 169).
170,10001170,OBJECTIVE,OBJECTIVES,This randomized controlled trial aimed to compare low-dose combination therapy against standard monotherapy. (Trial registration: NCT010001170).
171,10001796,METHODS,METHODS,Participants were randomly allocated (1:1) using computer-generated block randomization to receive drug A or placebo. (Stratified cluster 171).
172,10001234,RESULTS,RESULTS,"Combination therapy achieved target blood pressure control in 78.4% of patients compared to 54.2% in the monotherapy group. (Confidence interval 95%, n=2225)."
173,10001387,BACKGROUND,BACKGROUND,Hypertension remains the leading preventable cause of cardiovascular disease and premature death worldwide. (Cohort identifier: 173).
174,10001932,OBJECTIVE,OBJECTIVES,The primary aim was to assess the analgesic effectiveness of intravenous dexamethasone versus placebo. (Trial registration: NCT010001932).
175,10001598,METHODS,METHODS,Participants were randomly allocated (1:1) using computer-generated block randomization to receive drug A or placebo. (Stratified cluster 175).
176,10001560,RESULTS,RESULTS,"Combination therapy achieved target blood pressure control in 78.4% of patients compared to 54.2% in the monotherapy group. (Confidence interval 95%, n=946)."
177,10001507,BACKGROUND,BACKGROUND,Chronic obstructive pulmonary disease exacerbations frequently lead to hospital readmission and increased mortality. (Cohort identifier: 177).
178,10001334,OBJECTIVE,OBJECTIVES,To evaluate the efficacy and safety of once-weekly semaglutide compared to daily sitagliptin in adults. (Trial registration: NCT010001334).
179,10001274,METHODS,METHODS,Eligible participants aged 18-75 years with documented HbA1c > 8.0% underwent 24 weeks of active treatment. (Stratified cluster 179).
180,10001658,RESULTS,RESULTS,"No statistically significant difference in serious adverse events was observed between the active drug and placebo arms. (Confidence interval 95%, n=1438)."
181,10001110,BACKGROUND,BACKGROUND,Type 2 diabetes mellitus is a major chronic metabolic disorder associated with high cardiovascular mortality. (Cohort identifier: 181).
182,10001026,OBJECTIVE,OBJECTIVES,To determine if inhaled corticosteroid cessation increases acute exacerbation risk in moderate COPD. (Trial registration: NCT010001026).
183,10001798,METHODS,METHODS,"A multi-center, double-blind, randomized controlled trial enrolled 1,200 adult patients across 45 clinical sites. (Stratified cluster 183)."
184,10001004,RESULTS,RESULTS,"Mean postoperative pain scores at 24 hours were significantly reduced in the intervention group (2.1 vs 4.8, p = 0.002). (Confidence interval 95%, n=2263)."
185,10001136,BACKGROUND,BACKGROUND,Hypertension remains the leading preventable cause of cardiovascular disease and premature death worldwide. (Cohort identifier: 185).
186,10001884,OBJECTIVE,OBJECTIVES,This randomized controlled trial aimed to compare low-dose combination therapy against standard monotherapy. (Trial registration: NCT010001884).
187,10001690,METHODS,METHODS,"A multi-center, double-blind, randomized controlled trial enrolled 1,200 adult patients across 45 clinical sites. (Stratified cluster 187)."
188,10001676,RESULTS,RESULTS,"No statistically significant difference in serious adverse events was observed between the active drug and placebo arms. (Confidence interval 95%, n=2254)."
189,10001918,BACKGROUND,BACKGROUND,Chronic obstructive pulmonary disease exacerbations frequently lead to hospital readmission and increased mortality. (Cohort identifier: 189).
190,10001786,OBJECTIVE,OBJECTIVES,This randomized controlled trial aimed to compare low-dose combination therapy against standard monotherapy. (Trial registration: NCT010001786).
191,10001509,METHODS,METHODS,Participants were randomly allocated (1:1) using computer-generated block randomization to receive drug A or placebo. (Stratified cluster 191).
192,10001518,RESULTS,RESULTS,"The 12-month relapse rate was significantly lower in the combined therapy arm (18.2% vs 34.6%, HR: 0.48, 9: 0.31-0.75). (Confidence interval 95%, n=1729)."
193,10001013,BACKGROUND,BACKGROUND,Major depressive disorder is a pervasive mental health condition with substantial socioeconomic burden. (Cohort identifier: 193).
194,10001059,OBJECTIVE,OBJECTIVES,We investigated whether cognitive behavioral therapy reduces relapse rates compared to standard pharmacotherapy. (Trial registration: NCT010001059).
195,10001723,METHODS,METHODS,Statistical analyses followed the intention-to-treat principle using mixed-effects linear regression models. (Stratified cluster 195).
196,10001007,RESULTS,RESULTS,"Semaglutide significantly reduced mean HbA1c by -1.5% compared to -0.8% with sitagliptin (p < 0.001). (Confidence interval 95%, n=266)."
197,10001433,BACKGROUND,BACKGROUND,Hypertension remains the leading preventable cause of cardiovascular disease and premature death worldwide. (Cohort identifier: 197).
198,10001385,OBJECTIVE,OBJECTIVES,We investigated whether cognitive behavioral therapy reduces relapse rates compared to standard pharmacotherapy. (Trial registration: NCT010001385).
199,10001899,METHODS,METHODS,Primary endpoint was change in mean arterial pressure measured at 12 weeks post-randomization. (Stratified cluster 199).
200,10001805,RESULTS,RESULTS,"No statistically significant difference in serious adverse events was observed between the active drug and placebo arms. (Confidence interval 95%, n=615)."
201,10001268,BACKGROUND,BACKGROUND,Hypertension remains the leading preventable cause of cardiovascular disease and premature death worldwide. (Cohort identifier: 201).
202,10001436,OBJECTIVE,OBJECTIVES,We investigated whether cognitive behavioral therapy reduces relapse rates compared to standard pharmacotherapy. (Trial registration: NCT010001436).
203,10001882,METHODS,METHODS,Primary endpoint was change in mean arterial pressure measured at 12 weeks post-randomization. (Stratified cluster 203).
204,10001990,RESULTS,RESULTS,"Mean postoperative pain scores at 24 hours were significantly reduced in the intervention group (2.1 vs 4.8, p = 0.002). (Confidence interval 95%, n=2165)."
205,10001492,BACKGROUND,BACKGROUND,Postoperative pain management following major orthopedic surgery is critical for early patient mobilization. (Cohort identifier: 205).
206,10001467,OBJECTIVE,OBJECTIVES,This randomized controlled trial aimed to compare low-dose combination therapy against standard monotherapy. (Trial registration: NCT010001467).
207,10001935,METHODS,METHODS,Primary endpoint was change in mean arterial pressure measured at 12 weeks post-randomization. (Stratified cluster 207).
208,10001254,RESULTS,RESULTS,"Semaglutide significantly reduced mean HbA1c by -1.5% compared to -0.8% with sitagliptin (p < 0.001). (Confidence interval 95%, n=757)."
209,10001863,BACKGROUND,BACKGROUND,Type 2 diabetes mellitus is a major chronic metabolic disorder associated with high cardiovascular mortality. (Cohort identifier: 209).
210,10001361,OBJECTIVE,OBJECTIVES,We investigated whether cognitive behavioral therapy reduces relapse rates compared to standard pharmacotherapy. (Trial registration: NCT010001361).
211,10001396,METHODS,METHODS,"A multi-center, double-blind, randomized controlled trial enrolled 1,200 adult patients across 45 clinical sites. (Stratified cluster 211)."
212,10001662,RESULTS,RESULTS,"Semaglutide significantly reduced mean HbA1c by -1.5% compared to -0.8% with sitagliptin (p < 0.001). (Confidence interval 95%, n=1202)."
213,10001538,BACKGROUND,BACKGROUND,Chronic obstructive pulmonary disease exacerbations frequently lead to hospital readmission and increased mortality. (Cohort identifier: 213).
214,10001125,OBJECTIVE,OBJECTIVES,To evaluate the efficacy and safety of once-weekly semaglutide compared to daily sitagliptin in adults. (Trial registration: NCT010001125).
215,10001927,METHODS,METHODS,Primary endpoint was change in mean arterial pressure measured at 12 weeks post-randomization. (Stratified cluster 215).
216,10001387,RESULTS,RESULTS,"Combination therapy achieved target blood pressure control in 78.4% of patients compared to 54.2% in the monotherapy group. (Confidence interval 95%, n=1846)."
217,10001960,BACKGROUND,BACKGROUND,Postoperative pain management following major orthopedic surgery is critical for early patient mobilization. (Cohort identifier: 217).
218,10001589,OBJECTIVE,OBJECTIVES,We investigated whether cognitive behavioral therapy reduces relapse rates compared to standard pharmacotherapy. (Trial registration: NCT010001589).
219,10001042,METHODS,METHODS,Eligible participants aged 18-75 years with documented HbA1c > 8.0% underwent 24 weeks of active treatment. (Stratified cluster 219).
220,10001242,RESULTS,RESULTS,"Mean postoperative pain scores at 24 hours were significantly reduced in the intervention group (2.1 vs 4.8, p = 0.002). (Confidence interval 95%, n=320)."
221,10001829,BACKGROUND,BACKGROUND,Hypertension remains the leading preventable cause of cardiovascular disease and premature death worldwide. (Cohort identifier: 221).
222,10001577,OBJECTIVE,OBJECTIVES,We investigated whether cognitive behavioral therapy reduces relapse rates compared to standard pharmacotherapy. (Trial registration: NCT010001577).
223,10001451,METHODS,METHODS,Eligible participants aged 18-75 years with documented HbA1c > 8.0% underwent 24 weeks of active treatment. (Stratified cluster 223).
224,10001732,RESULTS,RESULTS,"The 12-month relapse rate was significantly lower in the combined therapy arm (18.2% vs 34.6%, HR: 0.48, 9: 0.31-0.75). (Confidence interval 95%, n=1132)."
225,10001844,BACKGROUND,BACKGROUND,Major depressive disorder is a pervasive mental health condition with substantial socioeconomic burden. (Cohort identifier: 225).
226,10001207,OBJECTIVE,OBJECTIVES,This randomized controlled trial aimed to compare low-dose combination therapy against standard monotherapy. (Trial registration: NCT010001207).
227,10001379,METHODS,METHODS,Eligible participants aged 18-75 years with documented HbA1c > 8.0% underwent 24 weeks of active treatment. (Stratified cluster 227).
228,10001979,RESULTS,RESULTS,"The 12-month relapse rate was significantly lower in the combined therapy arm (18.2% vs 34.6%, HR: 0.48, 9: 0.31-0.75). (Confidence interval 95%, n=1913)."
229,10001347,BACKGROUND,BACKGROUND,Type 2 diabetes mellitus is a major chronic metabolic disorder associated with high cardiovascular mortality. (Cohort identifier: 229).
230,10001944,OBJECTIVE,OBJECTIVES,We investigated whether cognitive behavioral therapy reduces relapse rates compared to standard pharmacotherapy. (Trial registration: NCT010001944).
231,10001961,METHODS,METHODS,"A multi-center, double-blind, randomized controlled trial enrolled 1,200 adult patients across 45 clinical sites. (Stratified cluster 231)."
232,10001294,RESULTS,RESULTS,"No statistically significant difference in serious adverse events was observed between the active drug and placebo arms. (Confidence interval 95%, n=2171)."
233,10001398,BACKGROUND,BACKGROUND,Hypertension remains the leading preventable cause of cardiovascular disease and premature death worldwide. (Cohort identifier: 233).
234,10001027,OBJECTIVE,OBJECTIVES,The primary aim was to assess the analgesic effectiveness of intravenous dexamethasone versus placebo. (Trial registration: NCT010001027).
235,10001441,METHODS,METHODS,"A multi-center, double-blind, randomized controlled trial enrolled 1,200 adult patients across 45 clinical sites. (Stratified cluster 235)."
236,10001299,RESULTS,RESULTS,"Semaglutide significantly reduced mean HbA1c by -1.5% compared to -0.8% with sitagliptin (p < 0.001). (Confidence interval 95%, n=1294)."
237,10001671,BACKGROUND,BACKGROUND,Hypertension remains the leading preventable cause of cardiovascular disease and premature death worldwide. (Cohort identifier: 237).
238,10001034,OBJECTIVE,OBJECTIVES,The primary aim was to assess the analgesic effectiveness of intravenous dexamethasone versus placebo. (Trial registration: NCT010001034).
239,10001102,METHODS,METHODS,Eligible participants aged 18-75 years with documented HbA1c > 8.0% underwent 24 weeks of active treatment. (Stratified cluster 239).
240,10001301,RESULTS,RESULTS,"Semaglutide significantly reduced mean HbA1c by -1.5% compared to -0.8% with sitagliptin (p < 0.001). (Confidence interval 95%, n=1152)."
241,10001293,BACKGROUND,BACKGROUND,Chronic obstructive pulmonary disease exacerbations frequently lead to hospital readmission and increased mortality. (Cohort identifier: 241).
242,10001971,OBJECTIVE,OBJECTIVES,We investigated whether cognitive behavioral therapy reduces relapse rates compared to standard pharmacotherapy. (Trial registration: NCT010001971).
243,10001291,METHODS,METHODS,Eligible participants aged 18-75 years with documented HbA1c > 8.0% underwent 24 weeks of active treatment. (Stratified cluster 243).
244,10001989,RESULTS,RESULTS,"The 12-month relapse rate was significantly lower in the combined therapy arm (18.2% vs 34.6%, HR: 0.48, 9: 0.31-0.75). (Confidence interval 95%, n=883)."
245,10001080,BACKGROUND,BACKGROUND,Chronic obstructive pulmonary disease exacerbations frequently lead to hospital readmission and increased mortality. (Cohort identifier: 245).
246,10001789,OBJECTIVE,OBJECTIVES,To evaluate the efficacy and safety of once-weekly semaglutide compared to daily sitagliptin in adults. (Trial registration: NCT010001789).
247,10001422,METHODS,METHODS,Primary endpoint was change in mean arterial pressure measured at 12 weeks post-randomization. (Stratified cluster 247).
248,10001631,RESULTS,RESULTS,"Semaglutide significantly reduced mean HbA1c by -1.5% compared to -0.8% with sitagliptin (p < 0.001). (Confidence interval 95%, n=167)."
249,10001637,BACKGROUND,BACKGROUND,Chronic obstructive pulmonary disease exacerbations frequently lead to hospital readmission and increased mortality. (Cohort identifier: 249).
250,10001941,OBJECTIVE,OBJECTIVES,To evaluate the efficacy and safety of once-weekly semaglutide compared to daily sitagliptin in adults. (Trial registration: NCT010001941).
251,10001745,METHODS,METHODS,Eligible participants aged 18-75 years with documented HbA1c > 8.0% underwent 24 weeks of active treatment. (Stratified cluster 251).
252,10001680,RESULTS,RESULTS,"Semaglutide significantly reduced mean HbA1c by -1.5% compared to -0.8% with sitagliptin (p < 0.001). (Confidence interval 95%, n=229)."
253,10001721,BACKGROUND,BACKGROUND,Type 2 diabetes mellitus is a major chronic metabolic disorder associated with high cardiovascular mortality. (Cohort identifier: 253).
254,10001467,OBJECTIVE,OBJECTIVES,This randomized controlled trial aimed to compare low-dose combination therapy against standard monotherapy. (Trial registration: NCT010001467).
255,10001109,METHODS,METHODS,Statistical analyses followed the intention-to-treat principle using mixed-effects linear regression models. (Stratified cluster 255).
256,10001816,RESULTS,RESULTS,"Mean postoperative pain scores at 24 hours were significantly reduced in the intervention group (2.1 vs 4.8, p = 0.002). (Confidence interval 95%, n=2139)."
257,10001674,BACKGROUND,BACKGROUND,Type 2 diabetes mellitus is a major chronic metabolic disorder associated with high cardiovascular mortality. (Cohort identifier: 257).
258,10001925,OBJECTIVE,OBJECTIVES,To evaluate the efficacy and safety of once-weekly semaglutide compared to daily sitagliptin in adults. (Trial registration: NCT010001925).
259,10001311,METHODS,METHODS,Statistical analyses followed the intention-to-treat principle using mixed-effects linear regression models. (Stratified cluster 259).
260,10001776,RESULTS,RESULTS,"Mean postoperative pain scores at 24 hours were significantly reduced in the intervention group (2.1 vs 4.8, p = 0.002). (Confidence interval 95%, n=1906)."
261,10001997,BACKGROUND,BACKGROUND,Chronic obstructive pulmonary disease exacerbations frequently lead to hospital readmission and increased mortality. (Cohort identifier: 261).
262,10001853,OBJECTIVE,OBJECTIVES,This randomized controlled trial aimed to compare low-dose combination therapy against standard monotherapy. (Trial registration: NCT010001853).
263,10001598,METHODS,METHODS,Participants were randomly allocated (1:1) using computer-generated block randomization to receive drug A or placebo. (Stratified cluster 263).
264,10001441,RESULTS,RESULTS,"No statistically significant difference in serious adverse events was observed between the active drug and placebo arms. (Confidence interval 95%, n=1830)."
265,10001941,BACKGROUND,BACKGROUND,Postoperative pain management following major orthopedic surgery is critical for early patient mobilization. (Cohort identifier: 265).
266,10001149,OBJECTIVE,OBJECTIVES,This randomized controlled trial aimed to compare low-dose combination therapy against standard monotherapy. (Trial registration: NCT010001149).
267,10001172,METHODS,METHODS,Participants were randomly allocated (1:1) using computer-generated block randomization to receive drug A or placebo. (Stratified cluster 267).
268,10001155,RESULTS,RESULTS,"Mean postoperative pain scores at 24 hours were significantly reduced in the intervention group (2.1 vs 4.8, p = 0.002). (Confidence interval 95%, n=378)."
269,10001343,BACKGROUND,BACKGROUND,Chronic obstructive pulmonary disease exacerbations frequently lead to hospital readmission and increased mortality. (Cohort identifier: 269).
270,10001791,OBJECTIVE,OBJECTIVES,The primary aim was to assess the analgesic effectiveness of intravenous dexamethasone versus placebo. (Trial registration: NCT010001791).
271,10001581,METHODS,METHODS,Eligible participants aged 18-75 years with documented HbA1c > 8.0% underwent 24 weeks of active treatment. (Stratified cluster 271).
272,10001286,RESULTS,RESULTS,"The 12-month relapse rate was significantly lower in the combined therapy arm (18.2% vs 34.6%, HR: 0.48, 9: 0.31-0.75). (Confidence interval 95%, n=327)."
273,10001689,BACKGROUND,BACKGROUND,Postoperative pain management following major orthopedic surgery is critical for early patient mobilization. (Cohort identifier: 273).
274,10001156,OBJECTIVE,OBJECTIVES,The primary aim was to assess the analgesic effectiveness of intravenous dexamethasone versus placebo. (Trial registration: NCT010001156).
275,10001385,METHODS,METHODS,Primary endpoint was change in mean arterial pressure measured at 12 weeks post-randomization. (Stratified cluster 275).
276,10001602,RESULTS,RESULTS,"Semaglutide significantly reduced mean HbA1c by -1.5% compared to -0.8% with sitagliptin (p < 0.001). (Confidence interval 95%, n=2325)."
277,10001591,BACKGROUND,BACKGROUND,Major depressive disorder is a pervasive mental health condition with substantial socioeconomic burden. (Cohort identifier: 277).
278,10001004,OBJECTIVE,OBJECTIVES,To determine if inhaled corticosteroid cessation increases acute exacerbation risk in moderate COPD. (Trial registration: NCT010001004).
279,10001799,METHODS,METHODS,Statistical analyses followed the intention-to-treat principle using mixed-effects linear regression models. (Stratified cluster 279).
280,10001053,RESULTS,RESULTS,"Semaglutide significantly reduced mean HbA1c by -1.5% compared to -0.8% with sitagliptin (p < 0.001). (Confidence interval 95%, n=2191)."
281,10001866,BACKGROUND,BACKGROUND,Postoperative pain management following major orthopedic surgery is critical for early patient mobilization. (Cohort identifier: 281).
282,10001347,OBJECTIVE,OBJECTIVES,The primary aim was to assess the analgesic effectiveness of intravenous dexamethasone versus placebo. (Trial registration: NCT010001347).
283,10001231,METHODS,METHODS,Statistical analyses followed the intention-to-treat principle using mixed-effects linear regression models. (Stratified cluster 283).
284,10001084,RESULTS,RESULTS,"Semaglutide significantly reduced mean HbA1c by -1.5% compared to -0.8% with sitagliptin (p < 0.001). (Confidence interval 95%, n=1381)."
285,10001429,BACKGROUND,BACKGROUND,Postoperative pain management following major orthopedic surgery is critical for early patient mobilization. (Cohort identifier: 285).
286,10001815,OBJECTIVE,OBJECTIVES,To determine if inhaled corticosteroid cessation increases acute exacerbation risk in moderate COPD. (Trial registration: NCT010001815).
287,10001780,METHODS,METHODS,Primary endpoint was change in mean arterial pressure measured at 12 weeks post-randomization. (Stratified cluster 287).
288,10001100,RESULTS,RESULTS,"Semaglutide significantly reduced mean HbA1c by -1.5% compared to -0.8% with sitagliptin (p < 0.001). (Confidence interval 95%, n=275)."
289,10001925,BACKGROUND,BACKGROUND,Major depressive disorder is a pervasive mental health condition with substantial socioeconomic burden. (Cohort identifier: 289).
290,10001514,OBJECTIVE,OBJECTIVES,This randomized controlled trial aimed to compare low-dose combination therapy against standard monotherapy. (Trial registration: NCT010001514).
291,10001575,METHODS,METHODS,Participants were randomly allocated (1:1) using computer-generated block randomization to receive drug A or placebo. (Stratified cluster 291).
292,10001536,RESULTS,RESULTS,"Mean postoperative pain scores at 24 hours were significantly reduced in the intervention group (2.1 vs 4.8, p = 0.002). (Confidence interval 95%, n=2204)."
293,10001616,BACKGROUND,BACKGROUND,Chronic obstructive pulmonary disease exacerbations frequently lead to hospital readmission and increased mortality. (Cohort identifier: 293).
294,10001609,OBJECTIVE,OBJECTIVES,We investigated whether cognitive behavioral therapy reduces relapse rates compared to standard pharmacotherapy. (Trial registration: NCT010001609).
295,10001385,METHODS,METHODS,Participants were randomly allocated (1:1) using computer-generated block randomization to receive drug A or placebo. (Stratified cluster 295).
296,10001477,RESULTS,RESULTS,"No statistically significant difference in serious adverse events was observed between the active drug and placebo arms. (Confidence interval 95%, n=549)."
297,10001797,BACKGROUND,BACKGROUND,Postoperative pain management following major orthopedic surgery is critical for early patient mobilization. (Cohort identifier: 297).
298,10001512,OBJECTIVE,OBJECTIVES,We investigated whether cognitive behavioral therapy reduces relapse rates compared to standard pharmacotherapy. (Trial registration: NCT010001512).
299,10001201,METHODS,METHODS,Participants were randomly allocated (1:1) using computer-generated block randomization to receive drug A or placebo. (Stratified cluster 299).
300,10001899,RESULTS,RESULTS,"Mean postoperative pain scores at 24 hours were significantly reduced in the intervention group (2.1 vs 4.8, p = 0.002). (Confidence interval 95%, n=2418)."
301,10001559,BACKGROUND,BACKGROUND,Chronic obstructive pulmonary disease exacerbations frequently lead to hospital readmission and increased mortality. (Cohort identifier: 301).
302,10001681,OBJECTIVE,OBJECTIVES,We investigated whether cognitive behavioral therapy reduces relapse rates compared to standard pharmacotherapy. (Trial registration: NCT010001681).
303,10001038,METHODS,METHODS,Statistical analyses followed the intention-to-treat principle using mixed-effects linear regression models. (Stratified cluster 303).
304,10001278,RESULTS,RESULTS,"Mean postoperative pain scores at 24 hours were significantly reduced in the intervention group (2.1 vs 4.8, p = 0.002). (Confidence interval 95%, n=312)."
305,10001798,BACKGROUND,BACKGROUND,Major depressive disorder is a pervasive mental health condition with substantial socioeconomic burden. (Cohort identifier: 305).
306,10001857,OBJECTIVE,OBJECTIVES,To evaluate the efficacy and safety of once-weekly semaglutide compared to daily sitagliptin in adults. (Trial registration: NCT010001857).
307,10001984,METHODS,METHODS,Primary endpoint was change in mean arterial pressure measured at 12 weeks post-randomization. (Stratified cluster 307).
308,10001423,RESULTS,RESULTS,"Combination therapy achieved target blood pressure control in 78.4% of patients compared to 54.2% in the monotherapy group. (Confidence interval 95%, n=893)."
309,10001231,BACKGROUND,BACKGROUND,Chronic obstructive pulmonary disease exacerbations frequently lead to hospital readmission and increased mortality. (Cohort identifier: 309).
310,10001048,OBJECTIVE,OBJECTIVES,This randomized controlled trial aimed to compare low-dose combination therapy against standard monotherapy. (Trial registration: NCT010001048).
311,10001672,METHODS,METHODS,Statistical analyses followed the intention-to-treat principle using mixed-effects linear regression models. (Stratified cluster 311).
312,10001765,RESULTS,RESULTS,"Semaglutide significantly reduced mean HbA1c by -1.5% compared to -0.8% with sitagliptin (p < 0.001). (Confidence interval 95%, n=1473)."
313,10001404,BACKGROUND,BACKGROUND,Type 2 diabetes mellitus is a major chronic metabolic disorder associated with high cardiovascular mortality. (Cohort identifier: 313).
314,10001892,OBJECTIVE,OBJECTIVES,We investigated whether cognitive behavioral therapy reduces relapse rates compared to standard pharmacotherapy. (Trial registration: NCT010001892).
315,10001948,METHODS,METHODS,Participants were randomly allocated (1:1) using computer-generated block randomization to receive drug A or placebo. (Stratified cluster 315).
316,10001952,RESULTS,RESULTS,"Mean postoperative pain scores at 24 hours were significantly reduced in the intervention group (2.1 vs 4.8, p = 0.002). (Confidence interval 95%, n=561)."
317,10001631,BACKGROUND,BACKGROUND,Chronic obstructive pulmonary disease exacerbations frequently lead to hospital readmission and increased mortality. (Cohort identifier: 317).
318,10001571,OBJECTIVE,OBJECTIVES,The primary aim was to assess the analgesic effectiveness of intravenous dexamethasone versus placebo. (Trial registration: NCT010001571).
319,10001415,METHODS,METHODS,"A multi-center, double-blind, randomized controlled trial enrolled 1,200 adult patients across 45 clinical sites. (Stratified cluster 319)."
320,10001691,RESULTS,RESULTS,"Combination therapy achieved target blood pressure control in 78.4% of patients compared to 54.2% in the monotherapy group. (Confidence interval 95%, n=1367)."
321,10001204,BACKGROUND,BACKGROUND,Hypertension remains the leading preventable cause of cardiovascular disease and premature death worldwide. (Cohort identifier: 321).
322,10001308,OBJECTIVE,OBJECTIVES,To determine if inhaled corticosteroid cessation increases acute exacerbation risk in moderate COPD. (Trial registration: NCT010001308).
323,10001364,METHODS,METHODS,Statistical analyses followed the intention-to-treat principle using mixed-effects linear regression models. (Stratified cluster 323).
324,10001815,RESULTS,RESULTS,"Mean postoperative pain scores at 24 hours were significantly reduced in the intervention group (2.1 vs 4.8, p = 0.002). (Confidence interval 95%, n=1495)."
325,10001639,BACKGROUND,BACKGROUND,Type 2 diabetes mellitus is a major chronic metabolic disorder associated with high cardiovascular mortality. (Cohort identifier: 325).
326,10001531,OBJECTIVE,OBJECTIVES,We investigated whether cognitive behavioral therapy reduces relapse rates compared to standard pharmacotherapy. (Trial registration: NCT010001531).
327,10001063,METHODS,METHODS,"A multi-center, double-blind, randomized controlled trial enrolled 1,200 adult patients across 45 clinical sites. (Stratified cluster 327)."
328,10001762,RESULTS,RESULTS,"Combination therapy achieved target blood pressure control in 78.4% of patients compared to 54.2% in the monotherapy group. (Confidence interval 95%, n=950)."
329,10001546,BACKGROUND,BACKGROUND,Type 2 diabetes mellitus is a major chronic metabolic disorder associated with high cardiovascular mortality. (Cohort identifier: 329).
330,10001051,OBJECTIVE,OBJECTIVES,To determine if inhaled corticosteroid cessation increases acute exacerbation risk in moderate COPD. (Trial registration: NCT010001051).
331,10001112,METHODS,METHODS,Primary endpoint was change in mean arterial pressure measured at 12 weeks post-randomization. (Stratified cluster 331).
332,10001022,RESULTS,RESULTS,"Semaglutide significantly reduced mean HbA1c by -1.5% compared to -0.8% with sitagliptin (p < 0.001). (Confidence interval 95%, n=1393)."
333,10001326,BACKGROUND,BACKGROUND,Hypertension remains the leading preventable cause of cardiovascular disease and premature death worldwide. (Cohort identifier: 333).
334,10001319,OBJECTIVE,OBJECTIVES,This randomized controlled trial aimed to compare low-dose combination therapy against standard monotherapy. (Trial registration: NCT010001319).
335,10001551,METHODS,METHODS,Eligible participants aged 18-75 years with documented HbA1c > 8.0% underwent 24 weeks of active treatment. (Stratified cluster 335).
336,10001207,RESULTS,RESULTS,"Combination therapy achieved target blood pressure control in 78.4% of patients compared to 54.2% in the monotherapy group. (Confidence interval 95%, n=415)."
337,10001011,BACKGROUND,BACKGROUND,Major depressive disorder is a pervasive mental health condition with substantial socioeconomic burden. (Cohort identifier: 337).
338,10001589,OBJECTIVE,OBJECTIVES,This randomized controlled trial aimed to compare low-dose combination therapy against standard monotherapy. (Trial registration: NCT010001589).
339,10001059,METHODS,METHODS,Participants were randomly allocated (1:1) using computer-generated block randomization to receive drug A or placebo. (Stratified cluster 339).
340,10001288,RESULTS,RESULTS,"Mean postoperative pain scores at 24 hours were significantly reduced in the intervention group (2.1 vs 4.8, p = 0.002). (Confidence interval 95%, n=239)."
341,10001689,BACKGROUND,BACKGROUND,Major depressive disorder is a pervasive mental health condition with substantial socioeconomic burden. (Cohort identifier: 341).
342,10001168,OBJECTIVE,OBJECTIVES,The primary aim was to assess the analgesic effectiveness of intravenous dexamethasone versus placebo. (Trial registration: NCT010001168).
343,10001522,METHODS,METHODS,Participants were randomly allocated (1:1) using computer-generated block randomization to receive drug A or placebo. (Stratified cluster 343).
344,10001427,RESULTS,RESULTS,"No statistically significant difference in serious adverse events was observed between the active drug and placebo arms. (Confidence interval 95%, n=1736)."
345,10001522,BACKGROUND,BACKGROUND,Postoperative pain management following major orthopedic surgery is critical for early patient mobilization. (Cohort identifier: 345).
346,10001497,OBJECTIVE,OBJECTIVES,We investigated whether cognitive behavioral therapy reduces relapse rates compared to standard pharmacotherapy. (Trial registration: NCT010001497).
347,10001325,METHODS,METHODS,Statistical analyses followed the intention-to-treat principle using mixed-effects linear regression models. (Stratified cluster 347).
348,10001808,RESULTS,RESULTS,"Combination therapy achieved target blood pressure control in 78.4% of patients compared to 54.2% in the monotherapy group. (Confidence interval 95%, n=1064)."
349,10001402,BACKGROUND,BACKGROUND,Major depressive disorder is a pervasive mental health condition with substantial socioeconomic burden. (Cohort identifier: 349).
350,10001922,OBJECTIVE,OBJECTIVES,We investigated whether cognitive behavioral therapy reduces relapse rates compared to standard pharmacotherapy. (Trial registration: NCT010001922).
351,10001751,METHODS,METHODS,Eligible participants aged 18-75 years with documented HbA1c > 8.0% underwent 24 weeks of active treatment. (Stratified cluster 351).
352,10001290,RESULTS,RESULTS,"The 12-month relapse rate was significantly lower in the combined therapy arm (18.2% vs 34.6%, HR: 0.48, 9: 0.31-0.75). (Confidence interval 95%, n=568)."
353,10001244,BACKGROUND,BACKGROUND,Chronic obstructive pulmonary disease exacerbations frequently lead to hospital readmission and increased mortality. (Cohort identifier: 353).
354,10001891,OBJECTIVE,OBJECTIVES,We investigated whether cognitive behavioral therapy reduces relapse rates compared to standard pharmacotherapy. (Trial registration: NCT010001891).
355,10001840,METHODS,METHODS,"A multi-center, double-blind, randomized controlled trial enrolled 1,200 adult patients across 45 clinical sites. (Stratified cluster 355)."
356,10001851,RESULTS,RESULTS,"Mean postoperative pain scores at 24 hours were significantly reduced in the intervention group (2.1 vs 4.8, p = 0.002). (Confidence interval 95%, n=1266)."
357,10001159,BACKGROUND,BACKGROUND,Chronic obstructive pulmonary disease exacerbations frequently lead to hospital readmission and increased mortality. (Cohort identifier: 357).
358,10001205,OBJECTIVE,OBJECTIVES,To determine if inhaled corticosteroid cessation increases acute exacerbation risk in moderate COPD. (Trial registration: NCT010001205).
359,10001787,METHODS,METHODS,Participants were randomly allocated (1:1) using computer-generated block randomization to receive drug A or placebo. (Stratified cluster 359).
360,10001750,RESULTS,RESULTS,"Mean postoperative pain scores at 24 hours were significantly reduced in the intervention group (2.1 vs 4.8, p = 0.002). (Confidence interval 95%, n=1957)."
361,10001381,BACKGROUND,BACKGROUND,Postoperative pain management following major orthopedic surgery is critical for early patient mobilization. (Cohort identifier: 361).
362,10001950,OBJECTIVE,OBJECTIVES,The primary aim was to assess the analgesic effectiveness of intravenous dexamethasone versus placebo. (Trial registration: NCT010001950).
363,10001922,METHODS,METHODS,"A multi-center, double-blind, randomized controlled trial enrolled 1,200 adult patients across 45 clinical sites. (Stratified cluster 363)."
364,10001368,RESULTS,RESULTS,"No statistically significant difference in serious adverse events was observed between the active drug and placebo arms. (Confidence interval 95%, n=1186)."
365,10001130,BACKGROUND,BACKGROUND,Chronic obstructive pulmonary disease exacerbations frequently lead to hospital readmission and increased mortality. (Cohort identifier: 365).
366,10001371,OBJECTIVE,OBJECTIVES,We investigated whether cognitive behavioral therapy reduces relapse rates compared to standard pharmacotherapy. (Trial registration: NCT010001371).
367,10001155,METHODS,METHODS,Participants were randomly allocated (1:1) using computer-generated block randomization to receive drug A or placebo. (Stratified cluster 367).
368,10001459,RESULTS,RESULTS,"Semaglutide significantly reduced mean HbA1c by -1.5% compared to -0.8% with sitagliptin (p < 0.001). (Confidence interval 95%, n=1890)."
369,10001237,BACKGROUND,BACKGROUND,Type 2 diabetes mellitus is a major chronic metabolic disorder associated with high cardiovascular mortality. (Cohort identifier: 369).
370,10001841,OBJECTIVE,OBJECTIVES,We investigated whether cognitive behavioral therapy reduces relapse rates compared to standard pharmacotherapy. (Trial registration: NCT010001841).
371,10001941,METHODS,METHODS,Statistical analyses followed the intention-to-treat principle using mixed-effects linear regression models. (Stratified cluster 371).
372,10001345,RESULTS,RESULTS,"Semaglutide significantly reduced mean HbA1c by -1.5% compared to -0.8% with sitagliptin (p < 0.001). (Confidence interval 95%, n=216)."
373,10001655,BACKGROUND,BACKGROUND,Chronic obstructive pulmonary disease exacerbations frequently lead to hospital readmission and increased mortality. (Cohort identifier: 373).
374,10001875,OBJECTIVE,OBJECTIVES,We investigated whether cognitive behavioral therapy reduces relapse rates compared to standard pharmacotherapy. (Trial registration: NCT010001875).
375,10001980,METHODS,METHODS,"A multi-center, double-blind, randomized controlled trial enrolled 1,200 adult patients across 45 clinical sites. (Stratified cluster 375)."
376,10001682,RESULTS,RESULTS,"Combination therapy achieved target blood pressure control in 78.4% of patients compared to 54.2% in the monotherapy group. (Confidence interval 95%, n=1744)."
377,10001917,BACKGROUND,BACKGROUND,Type 2 diabetes mellitus is a major chronic metabolic disorder associated with high cardiovascular mortality. (Cohort identifier: 377).
378,10001080,OBJECTIVE,OBJECTIVES,To determine if inhaled corticosteroid cessation increases acute exacerbation risk in moderate COPD. (Trial registration: NCT010001080).
379,10001761,METHODS,METHODS,"A multi-center, double-blind, randomized controlled trial enrolled 1,200 adult patients across 45 clinical sites. (Stratified cluster 379)."
380,10001008,RESULTS,RESULTS,"No statistically significant difference in serious adverse events was observed between the active drug and placebo arms. (Confidence interval 95%, n=441)."
381,10001565,BACKGROUND,BACKGROUND,Type 2 diabetes mellitus is a major chronic metabolic disorder associated with high cardiovascular mortality. (Cohort identifier: 381).
382,10001013,OBJECTIVE,OBJECTIVES,To determine if inhaled corticosteroid cessation increases acute exacerbation risk in moderate COPD. (Trial registration: NCT010001013).
383,10001601,METHODS,METHODS,Participants were randomly allocated (1:1) using computer-generated block randomization to receive drug A or placebo. (Stratified cluster 383).
384,10001014,RESULTS,RESULTS,"The 12-month relapse rate was significantly lower in the combined therapy arm (18.2% vs 34.6%, HR: 0.48, 9: 0.31-0.75). (Confidence interval 95%, n=493)."
385,10001293,BACKGROUND,BACKGROUND,Major depressive disorder is a pervasive mental health condition with substantial socioeconomic burden. (Cohort identifier: 385).
386,10001951,OBJECTIVE,OBJECTIVES,To determine if inhaled corticosteroid cessation increases acute exacerbation risk in moderate COPD. (Trial registration: NCT010001951).
387,10001800,METHODS,METHODS,Statistical analyses followed the intention-to-treat principle using mixed-effects linear regression models. (Stratified cluster 387).
388,10001943,RESULTS,RESULTS,"Combination therapy achieved target blood pressure control in 78.4% of patients compared to 54.2% in the monotherapy group. (Confidence interval 95%, n=1972)."
389,10001933,BACKGROUND,BACKGROUND,Chronic obstructive pulmonary disease exacerbations frequently lead to hospital readmission and increased mortality. (Cohort identifier: 389).
390,10001145,OBJECTIVE,OBJECTIVES,The primary aim was to assess the analgesic effectiveness of intravenous dexamethasone versus placebo. (Trial registration: NCT010001145).
391,10001064,METHODS,METHODS,Participants were randomly allocated (1:1) using computer-generated block randomization to receive drug A or placebo. (Stratified cluster 391).
392,10001919,RESULTS,RESULTS,"The 12-month relapse rate was significantly lower in the combined therapy arm (18.2% vs 34.6%, HR: 0.48, 9: 0.31-0.75). (Confidence interval 95%, n=2433)."
393,10001698,BACKGROUND,BACKGROUND,Type 2 diabetes mellitus is a major chronic metabolic disorder associated with high cardiovascular mortality. (Cohort identifier: 393).
394,10001479,OBJECTIVE,OBJECTIVES,To determine if inhaled corticosteroid cessation increases acute exacerbation risk in moderate COPD. (Trial registration: NCT010001479).
395,10001735,METHODS,METHODS,Statistical analyses followed the intention-to-treat principle using mixed-effects linear regression models. (Stratified cluster 395).
396,10001085,RESULTS,RESULTS,"Combination therapy achieved target blood pressure control in 78.4% of patients compared to 54.2% in the monotherapy group. (Confidence interval 95%, n=2282)."
397,10001516,BACKGROUND,BACKGROUND,Postoperative pain management following major orthopedic surgery is critical for early patient mobilization. (Cohort identifier: 397).
398,10001298,OBJECTIVE,OBJECTIVES,The primary aim was to assess the analgesic effectiveness of intravenous dexamethasone versus placebo. (Trial registration: NCT010001298).
399,10001120,METHODS,METHODS,Primary endpoint was change in mean arterial pressure measured at 12 weeks post-randomization. (Stratified cluster 399).
400,10001157,RESULTS,RESULTS,"Combination therapy achieved target blood pressure control in 78.4% of patients compared to 54.2% in the monotherapy group. (Confidence interval 95%, n=966)."
401,10001238,BACKGROUND,BACKGROUND,Hypertension remains the leading preventable cause of cardiovascular disease and premature death worldwide. (Cohort identifier: 401).
402,10001316,OBJECTIVE,OBJECTIVES,To evaluate the efficacy and safety of once-weekly semaglutide compared to daily sitagliptin in adults. (Trial registration: NCT010001316).
403,10001695,METHODS,METHODS,Eligible participants aged 18-75 years with documented HbA1c > 8.0% underwent 24 weeks of active treatment. (Stratified cluster 403).
404,10001630,RESULTS,RESULTS,"Mean postoperative pain scores at 24 hours were significantly reduced in the intervention group (2.1 vs 4.8, p = 0.002). (Confidence interval 95%, n=1223)."
405,10001258,BACKGROUND,BACKGROUND,Hypertension remains the leading preventable cause of cardiovascular disease and premature death worldwide. (Cohort identifier: 405).
406,10001897,OBJECTIVE,OBJECTIVES,The primary aim was to assess the analgesic effectiveness of intravenous dexamethasone versus placebo. (Trial registration: NCT010001897).
407,10001420,METHODS,METHODS,Primary endpoint was change in mean arterial pressure measured at 12 weeks post-randomization. (Stratified cluster 407).
408,10001588,RESULTS,RESULTS,"Semaglutide significantly reduced mean HbA1c by -1.5% compared to -0.8% with sitagliptin (p < 0.001). (Confidence interval 95%, n=922)."
409,10001737,BACKGROUND,BACKGROUND,Type 2 diabetes mellitus is a major chronic metabolic disorder associated with high cardiovascular mortality. (Cohort identifier: 409).
410,10001946,OBJECTIVE,OBJECTIVES,This randomized controlled trial aimed to compare low-dose combination therapy against standard monotherapy. (Trial registration: NCT010001946).
411,10001335,METHODS,METHODS,Participants were randomly allocated (1:1) using computer-generated block randomization to receive drug A or placebo. (Stratified cluster 411).
412,10001502,RESULTS,RESULTS,"Semaglutide significantly reduced mean HbA1c by -1.5% compared to -0.8% with sitagliptin (p < 0.001). (Confidence interval 95%, n=2343)."
413,10001786,BACKGROUND,BACKGROUND,Hypertension remains the leading preventable cause of cardiovascular disease and premature death worldwide. (Cohort identifier: 413).
414,10001488,OBJECTIVE,OBJECTIVES,The primary aim was to assess the analgesic effectiveness of intravenous dexamethasone versus placebo. (Trial registration: NCT010001488).
415,10001166,METHODS,METHODS,Statistical analyses followed the intention-to-treat principle using mixed-effects linear regression models. (Stratified cluster 415).
416,10001456,RESULTS,RESULTS,"Semaglutide significantly reduced mean HbA1c by -1.5% compared to -0.8% with sitagliptin (p < 0.001). (Confidence interval 95%, n=1898)."
417,10001343,BACKGROUND,BACKGROUND,Type 2 diabetes mellitus is a major chronic metabolic disorder associated with high cardiovascular mortality. (Cohort identifier: 417).
418,10001263,OBJECTIVE,OBJECTIVES,The primary aim was to assess the analgesic effectiveness of intravenous dexamethasone versus placebo. (Trial registration: NCT010001263).
419,10001073,METHODS,METHODS,Primary endpoint was change in mean arterial pressure measured at 12 weeks post-randomization. (Stratified cluster 419).
420,10001014,RESULTS,RESULTS,"Mean postoperative pain scores at 24 hours were significantly reduced in the intervention group (2.1 vs 4.8, p = 0.002). (Confidence interval 95%, n=1208)."
421,10001098,BACKGROUND,BACKGROUND,Postoperative pain management following major orthopedic surgery is critical for early patient mobilization. (Cohort identifier: 421).
422,10001601,OBJECTIVE,OBJECTIVES,To evaluate the efficacy and safety of once-weekly semaglutide compared to daily sitagliptin in adults. (Trial registration: NCT010001601).
423,10001810,METHODS,METHODS,Eligible participants aged 18-75 years with documented HbA1c > 8.0% underwent 24 weeks of active treatment. (Stratified cluster 423).
424,10001221,RESULTS,RESULTS,"The 12-month relapse rate was significantly lower in the combined therapy arm (18.2% vs 34.6%, HR: 0.48, 9: 0.31-0.75). (Confidence interval 95%, n=1949)."
425,10001764,BACKGROUND,BACKGROUND,Major depressive disorder is a pervasive mental health condition with substantial socioeconomic burden. (Cohort identifier: 425).
426,10001676,OBJECTIVE,OBJECTIVES,To determine if inhaled corticosteroid cessation increases acute exacerbation risk in moderate COPD. (Trial registration: NCT010001676).
427,10001270,METHODS,METHODS,Participants were randomly allocated (1:1) using computer-generated block randomization to receive drug A or placebo. (Stratified cluster 427).
428,10001182,RESULTS,RESULTS,"Semaglutide significantly reduced mean HbA1c by -1.5% compared to -0.8% with sitagliptin (p < 0.001). (Confidence interval 95%, n=2305)."
429,10001653,BACKGROUND,BACKGROUND,Hypertension remains the leading preventable cause of cardiovascular disease and premature death worldwide. (Cohort identifier: 429).
430,10001620,OBJECTIVE,OBJECTIVES,This randomized controlled trial aimed to compare low-dose combination therapy against standard monotherapy. (Trial registration: NCT010001620).
431,10001064,METHODS,METHODS,Statistical analyses followed the intention-to-treat principle using mixed-effects linear regression models. (Stratified cluster 431).
432,10001867,RESULTS,RESULTS,"Mean postoperative pain scores at 24 hours were significantly reduced in the intervention group (2.1 vs 4.8, p = 0.002). (Confidence interval 95%, n=1952)."
433,10001602,BACKGROUND,BACKGROUND,Major depressive disorder is a pervasive mental health condition with substantial socioeconomic burden. (Cohort identifier: 433).
434,10001702,OBJECTIVE,OBJECTIVES,The primary aim was to assess the analgesic effectiveness of intravenous dexamethasone versus placebo. (Trial registration: NCT010001702).
435,10001679,METHODS,METHODS,Statistical analyses followed the intention-to-treat principle using mixed-effects linear regression models. (Stratified cluster 435).
436,10001250,RESULTS,RESULTS,"The 12-month relapse rate was significantly lower in the combined therapy arm (18.2% vs 34.6%, HR: 0.48, 9: 0.31-0.75). (Confidence interval 95%, n=2006)."
437,10001934,BACKGROUND,BACKGROUND,Hypertension remains the leading preventable cause of cardiovascular disease and premature death worldwide. (Cohort identifier: 437).
438,10001478,OBJECTIVE,OBJECTIVES,This randomized controlled trial aimed to compare low-dose combination therapy against standard monotherapy. (Trial registration: NCT010001478).
439,10001942,METHODS,METHODS,Primary endpoint was change in mean arterial pressure measured at 12 weeks post-randomization. (Stratified cluster 439).
440,10001075,RESULTS,RESULTS,"Mean postoperative pain scores at 24 hours were significantly reduced in the intervention group (2.1 vs 4.8, p = 0.002). (Confidence interval 95%, n=2186)."
441,10001320,BACKGROUND,BACKGROUND,Postoperative pain management following major orthopedic surgery is critical for early patient mobilization. (Cohort identifier: 441).
442,10001751,OBJECTIVE,OBJECTIVES,The primary aim was to assess the analgesic effectiveness of intravenous dexamethasone versus placebo. (Trial registration: NCT010001751).
443,10001443,METHODS,METHODS,"A multi-center, double-blind, randomized controlled trial enrolled 1,200 adult patients across 45 clinical sites. (Stratified cluster 443)."
444,10001429,RESULTS,RESULTS,"No statistically significant difference in serious adverse events was observed between the active drug and placebo arms. (Confidence interval 95%, n=1045)."
445,10001163,BACKGROUND,BACKGROUND,Major depressive disorder is a pervasive mental health condition with substantial socioeconomic burden. (Cohort identifier: 445).
446,10001378,OBJECTIVE,OBJECTIVES,The primary aim was to assess the analgesic effectiveness of intravenous dexamethasone versus placebo. (Trial registration: NCT010001378).
447,10001019,METHODS,METHODS,Primary endpoint was change in mean arterial pressure measured at 12 weeks post-randomization. (Stratified cluster 447).
448,10001602,RESULTS,RESULTS,"No statistically significant difference in serious adverse events was observed between the active drug and placebo arms. (Confidence interval 95%, n=2387)."
449,10001855,BACKGROUND,BACKGROUND,Hypertension remains the leading preventable cause of cardiovascular disease and premature death worldwide. (Cohort identifier: 449).
450,10001556,OBJECTIVE,OBJECTIVES,To determine if inhaled corticosteroid cessation increases acute exacerbation risk in moderate COPD. (Trial registration: NCT010001556).
451,10001418,METHODS,METHODS,Eligible participants aged 18-75 years with documented HbA1c > 8.0% underwent 24 weeks of active treatment. (Stratified cluster 451).
452,10001103,RESULTS,RESULTS,"Semaglutide significantly reduced mean HbA1c by -1.5% compared to -0.8% with sitagliptin (p < 0.001). (Confidence interval 95%, n=321)."
453,10001129,BACKGROUND,BACKGROUND,Postoperative pain management following major orthopedic surgery is critical for early patient mobilization. (Cohort identifier: 453).
454,10001259,OBJECTIVE,OBJECTIVES,This randomized controlled trial aimed to compare low-dose combination therapy against standard monotherapy. (Trial registration: NCT010001259).
455,10001222,METHODS,METHODS,"A multi-center, double-blind, randomized controlled trial enrolled 1,200 adult patients across 45 clinical sites. (Stratified cluster 455)."
456,10001195,RESULTS,RESULTS,"Combination therapy achieved target blood pressure control in 78.4% of patients compared to 54.2% in the monotherapy group. (Confidence interval 95%, n=522)."
457,10001477,BACKGROUND,BACKGROUND,Postoperative pain management following major orthopedic surgery is critical for early patient mobilization. (Cohort identifier: 457).
458,10001966,OBJECTIVE,OBJECTIVES,The primary aim was to assess the analgesic effectiveness of intravenous dexamethasone versus placebo. (Trial registration: NCT010001966).
459,10001124,METHODS,METHODS,Statistical analyses followed the intention-to-treat principle using mixed-effects linear regression models. (Stratified cluster 459).
460,10001015,RESULTS,RESULTS,"Mean postoperative pain scores at 24 hours were significantly reduced in the intervention group (2.1 vs 4.8, p = 0.002). (Confidence interval 95%, n=745)."
461,10001253,BACKGROUND,BACKGROUND,Postoperative pain management following major orthopedic surgery is critical for early patient mobilization. (Cohort identifier: 461).
462,10001566,OBJECTIVE,OBJECTIVES,The primary aim was to assess the analgesic effectiveness of intravenous dexamethasone versus placebo. (Trial registration: NCT010001566).
463,10001087,METHODS,METHODS,Primary endpoint was change in mean arterial pressure measured at 12 weeks post-randomization. (Stratified cluster 463).
464,10001807,RESULTS,RESULTS,"No statistically significant difference in serious adverse events was observed between the active drug and placebo arms. (Confidence interval 95%, n=991)."
465,10001683,BACKGROUND,BACKGROUND,Chronic obstructive pulmonary disease exacerbations frequently lead to hospital readmission and increased mortality. (Cohort identifier: 465).
466,10001491,OBJECTIVE,OBJECTIVES,To determine if inhaled corticosteroid cessation increases acute exacerbation risk in moderate COPD. (Trial registration: NCT010001491).
467,10001968,METHODS,METHODS,Primary endpoint was change in mean arterial pressure measured at 12 weeks post-randomization. (Stratified cluster 467).
468,10001868,RESULTS,RESULTS,"Combination therapy achieved target blood pressure control in 78.4% of patients compared to 54.2% in the monotherapy group. (Confidence interval 95%, n=1347)."
469,10001278,BACKGROUND,BACKGROUND,Type 2 diabetes mellitus is a major chronic metabolic disorder associated with high cardiovascular mortality. (Cohort identifier: 469).
470,10001918,OBJECTIVE,OBJECTIVES,To evaluate the efficacy and safety of once-weekly semaglutide compared to daily sitagliptin in adults. (Trial registration: NCT010001918).
471,10001798,METHODS,METHODS,Primary endpoint was change in mean arterial pressure measured at 12 weeks post-randomization. (Stratified cluster 471).
472,10001539,RESULTS,RESULTS,"The 12-month relapse rate was significantly lower in the combined therapy arm (18.2% vs 34.6%, HR: 0.48, 9: 0.31-0.75). (Confidence interval 95%, n=2352)."
473,10001544,BACKGROUND,BACKGROUND,Major depressive disorder is a pervasive mental health condition with substantial socioeconomic burden. (Cohort identifier: 473).
474,10001538,OBJECTIVE,OBJECTIVES,To determine if inhaled corticosteroid cessation increases acute exacerbation risk in moderate COPD. (Trial registration: NCT010001538).
475,10001825,METHODS,METHODS,Eligible participants aged 18-75 years with documented HbA1c > 8.0% underwent 24 weeks of active treatment. (Stratified cluster 475).
476,10001477,RESULTS,RESULTS,"Combination therapy achieved target blood pressure control in 78.4% of patients compared to 54.2% in the monotherapy group. (Confidence interval 95%, n=1815)."
477,10001706,BACKGROUND,BACKGROUND,Major depressive disorder is a pervasive mental health condition with substantial socioeconomic burden. (Cohort identifier: 477).
478,10001757,OBJECTIVE,OBJECTIVES,The primary aim was to assess the analgesic effectiveness of intravenous dexamethasone versus placebo. (Trial registration: NCT010001757).
479,10001782,METHODS,METHODS,Primary endpoint was change in mean arterial pressure measured at 12 weeks post-randomization. (Stratified cluster 479).
480,10001934,RESULTS,RESULTS,"Combination therapy achieved target blood pressure control in 78.4% of patients compared to 54.2% in the monotherapy group. (Confidence interval 95%, n=1563)."
481,10001866,BACKGROUND,BACKGROUND,Chronic obstructive pulmonary disease exacerbations frequently lead to hospital readmission and increased mortality. (Cohort identifier: 481).
482,10001878,OBJECTIVE,OBJECTIVES,To evaluate the efficacy and safety of once-weekly semaglutide compared to daily sitagliptin in adults. (Trial registration: NCT010001878).
483,10001359,METHODS,METHODS,Participants were randomly allocated (1:1) using computer-generated block randomization to receive drug A or placebo. (Stratified cluster 483).
484,10001387,RESULTS,RESULTS,"No statistically significant difference in serious adverse events was observed between the active drug and placebo arms. (Confidence interval 95%, n=1958)."
485,10001875,BACKGROUND,BACKGROUND,Postoperative pain management following major orthopedic surgery is critical for early patient mobilization. (Cohort identifier: 485).
486,10001968,OBJECTIVE,OBJECTIVES,The primary aim was to assess the analgesic effectiveness of intravenous dexamethasone versus placebo. (Trial registration: NCT010001968).
487,10001927,METHODS,METHODS,Eligible participants aged 18-75 years with documented HbA1c > 8.0% underwent 24 weeks of active treatment. (Stratified cluster 487).
488,10001908,RESULTS,RESULTS,"The 12-month relapse rate was significantly lower in the combined therapy arm (18.2% vs 34.6%, HR: 0.48, 9: 0.31-0.75). (Confidence interval 95%, n=158)."
489,10001176,BACKGROUND,BACKGROUND,Hypertension remains the leading preventable cause of cardiovascular disease and premature death worldwide. (Cohort identifier: 489).
490,10001005,OBJECTIVE,OBJECTIVES,The primary aim was to assess the analgesic effectiveness of intravenous dexamethasone versus placebo. (Trial registration: NCT010001005).
491,10001814,METHODS,METHODS,Participants were randomly allocated (1:1) using computer-generated block randomization to receive drug A or placebo. (Stratified cluster 491).
492,10001683,RESULTS,RESULTS,"Combination therapy achieved target blood pressure control in 78.4% of patients compared to 54.2% in the monotherapy group. (Confidence interval 95%, n=869)."
493,10001165,BACKGROUND,BACKGROUND,Chronic obstructive pulmonary disease exacerbations frequently lead to hospital readmission and increased mortality. (Cohort identifier: 493).
494,10001259,OBJECTIVE,OBJECTIVES,To evaluate the efficacy and safety of once-weekly semaglutide compared to daily sitagliptin in adults. (Trial registration: NCT010001259).
495,10001660,METHODS,METHODS,Statistical analyses followed the intention-to-treat principle using mixed-effects linear regression models. (Stratified cluster 495).
496,10001519,RESULTS,RESULTS,"Mean postoperative pain scores at 24 hours were significantly reduced in the intervention group (2.1 vs 4.8, p = 0.002). (Confidence interval 95%, n=704)."
497,10001282,BACKGROUND,BACKGROUND,Postoperative pain management following major orthopedic surgery is critical for early patient mobilization. (Cohort identifier: 497).
498,10001274,OBJECTIVE,OBJECTIVES,To determine if inhaled corticosteroid cessation increases acute exacerbation risk in moderate COPD. (Trial registration: NCT010001274).
499,10001586,METHODS,METHODS,Participants were randomly allocated (1:1) using computer-generated block randomization to receive drug A or placebo. (Stratified cluster 499).
500,10001317,RESULTS,RESULTS,"Semaglutide significantly reduced mean HbA1c by -1.5% compared to -0.8% with sitagliptin (p < 0.001). (Confidence interval 95%, n=335)."
501,10001109,BACKGROUND,BACKGROUND,Postoperative pain management following major orthopedic surgery is critical for early patient mobilization. (Cohort identifier: 501).
502,10001571,OBJECTIVE,OBJECTIVES,To evaluate the efficacy and safety of once-weekly semaglutide compared to daily sitagliptin in adults. (Trial registration: NCT010001571).
503,10001677,METHODS,METHODS,Statistical analyses followed the intention-to-treat principle using mixed-effects linear regression models. (Stratified cluster 503).
504,10001189,RESULTS,RESULTS,"The 12-month relapse rate was significantly lower in the combined therapy arm (18.2% vs 34.6%, HR: 0.48, 9: 0.31-0.75). (Confidence interval 95%, n=1724)."
505,10001203,BACKGROUND,BACKGROUND,Postoperative pain management following major orthopedic surgery is critical for early patient mobilization. (Cohort identifier: 505).
506,10001010,OBJECTIVE,OBJECTIVES,To evaluate the efficacy and safety of once-weekly semaglutide compared to daily sitagliptin in adults. (Trial registration: NCT010001010).
507,10001562,METHODS,METHODS,Eligible participants aged 18-75 years with documented HbA1c > 8.0% underwent 24 weeks of active treatment. (Stratified cluster 507).
508,10001540,RESULTS,RESULTS,"Semaglutide significantly reduced mean HbA1c by -1.5% compared to -0.8% with sitagliptin (p < 0.001). (Confidence interval 95%, n=379)."
509,10001763,BACKGROUND,BACKGROUND,Chronic obstructive pulmonary disease exacerbations frequently lead to hospital readmission and increased mortality. (Cohort identifier: 509).
510,10001733,OBJECTIVE,OBJECTIVES,To determine if inhaled corticosteroid cessation increases acute exacerbation risk in moderate COPD. (Trial registration: NCT010001733).
511,10001776,METHODS,METHODS,Primary endpoint was change in mean arterial pressure measured at 12 weeks post-randomization. (Stratified cluster 511).
512,10001875,RESULTS,RESULTS,"The 12-month relapse rate was significantly lower in the combined therapy arm (18.2% vs 34.6%, HR: 0.48, 9: 0.31-0.75). (Confidence interval 95%, n=541)."
513,10001097,BACKGROUND,BACKGROUND,Major depressive disorder is a pervasive mental health condition with substantial socioeconomic burden. (Cohort identifier: 513).
514,10001130,OBJECTIVE,OBJECTIVES,This randomized controlled trial aimed to compare low-dose combination therapy against standard monotherapy. (Trial registration: NCT010001130).
515,10001771,METHODS,METHODS,Statistical analyses followed the intention-to-treat principle using mixed-effects linear regression models. (Stratified cluster 515).
516,10001371,RESULTS,RESULTS,"Semaglutide significantly reduced mean HbA1c by -1.5% compared to -0.8% with sitagliptin (p < 0.001). (Confidence interval 95%, n=2062)."
517,10001317,BACKGROUND,BACKGROUND,Hypertension remains the leading preventable cause of cardiovascular disease and premature death worldwide. (Cohort identifier: 517).
518,10001034,OBJECTIVE,OBJECTIVES,To evaluate the efficacy and safety of once-weekly semaglutide compared to daily sitagliptin in adults. (Trial registration: NCT010001034).
519,10001213,METHODS,METHODS,Primary endpoint was change in mean arterial pressure measured at 12 weeks post-randomization. (Stratified cluster 519).
520,10001843,RESULTS,RESULTS,"The 12-month relapse rate was significantly lower in the combined therapy arm (18.2% vs 34.6%, HR: 0.48, 9: 0.31-0.75). (Confidence interval 95%, n=2487)."
521,10001825,BACKGROUND,BACKGROUND,Type 2 diabetes mellitus is a major chronic metabolic disorder associated with high cardiovascular mortality. (Cohort identifier: 521).
522,10001539,OBJECTIVE,OBJECTIVES,To determine if inhaled corticosteroid cessation increases acute exacerbation risk in moderate COPD. (Trial registration: NCT010001539).
523,10001838,METHODS,METHODS,Primary endpoint was change in mean arterial pressure measured at 12 weeks post-randomization. (Stratified cluster 523).
524,10001397,RESULTS,RESULTS,"Semaglutide significantly reduced mean HbA1c by -1.5% compared to -0.8% with sitagliptin (p < 0.001). (Confidence interval 95%, n=1866)."
525,10001203,BACKGROUND,BACKGROUND,Hypertension remains the leading preventable cause of cardiovascular disease and premature death worldwide. (Cohort identifier: 525).
526,10001048,OBJECTIVE,OBJECTIVES,To determine if inhaled corticosteroid cessation increases acute exacerbation risk in moderate COPD. (Trial registration: NCT010001048).
527,10001876,METHODS,METHODS,"A multi-center, double-blind, randomized controlled trial enrolled 1,200 adult patients across 45 clinical sites. (Stratified cluster 527)."
528,10001055,RESULTS,RESULTS,"The 12-month relapse rate was significantly lower in the combined therapy arm (18.2% vs 34.6%, HR: 0.48, 9: 0.31-0.75). (Confidence interval 95%, n=2166)."
529,10001105,BACKGROUND,BACKGROUND,Hypertension remains the leading preventable cause of cardiovascular disease and premature death worldwide. (Cohort identifier: 529).
530,10001597,OBJECTIVE,OBJECTIVES,This randomized controlled trial aimed to compare low-dose combination therapy against standard monotherapy. (Trial registration: NCT010001597).
531,10001756,METHODS,METHODS,Participants were randomly allocated (1:1) using computer-generated block randomization to receive drug A or placebo. (Stratified cluster 531).
532,10001389,RESULTS,RESULTS,"The 12-month relapse rate was significantly lower in the combined therapy arm (18.2% vs 34.6%, HR: 0.48, 9: 0.31-0.75). (Confidence interval 95%, n=1916)."
533,10001771,BACKGROUND,BACKGROUND,Postoperative pain management following major orthopedic surgery is critical for early patient mobilization. (Cohort identifier: 533).
534,10001455,OBJECTIVE,OBJECTIVES,To evaluate the efficacy and safety of once-weekly semaglutide compared to daily sitagliptin in adults. (Trial registration: NCT010001455).
535,10001598,METHODS,METHODS,Eligible participants aged 18-75 years with documented HbA1c > 8.0% underwent 24 weeks of active treatment. (Stratified cluster 535).
536,10001634,RESULTS,RESULTS,"The 12-month relapse rate was significantly lower in the combined therapy arm (18.2% vs 34.6%, HR: 0.48, 9: 0.31-0.75). (Confidence interval 95%, n=2297)."
537,10001239,BACKGROUND,BACKGROUND,Major depressive disorder is a pervasive mental health condition with substantial socioeconomic burden. (Cohort identifier: 537).
538,10001413,OBJECTIVE,OBJECTIVES,We investigated whether cognitive behavioral therapy reduces relapse rates compared to standard pharmacotherapy. (Trial registration: NCT010001413).
539,10001851,METHODS,METHODS,Participants were randomly allocated (1:1) using computer-generated block randomization to receive drug A or placebo. (Stratified cluster 539).
540,10001263,RESULTS,RESULTS,"The 12-month relapse rate was significantly lower in the combined therapy arm (18.2% vs 34.6%, HR: 0.48, 9: 0.31-0.75). (Confidence interval 95%, n=1147)."
541,10001036,BACKGROUND,BACKGROUND,Type 2 diabetes mellitus is a major chronic metabolic disorder associated with high cardiovascular mortality. (Cohort identifier: 541).
542,10001425,OBJECTIVE,OBJECTIVES,This randomized controlled trial aimed to compare low-dose combination therapy against standard monotherapy. (Trial registration: NCT010001425).
543,10001708,METHODS,METHODS,Primary endpoint was change in mean arterial pressure measured at 12 weeks post-randomization. (Stratified cluster 543).
544,10001012,RESULTS,RESULTS,"Mean postoperative pain scores at 24 hours were significantly reduced in the intervention group (2.1 vs 4.8, p = 0.002). (Confidence interval 95%, n=1708)."
545,10001445,BACKGROUND,BACKGROUND,Hypertension remains the leading preventable cause of cardiovascular disease and premature death worldwide. (Cohort identifier: 545).
546,10001149,OBJECTIVE,OBJECTIVES,We investigated whether cognitive behavioral therapy reduces relapse rates compared to standard pharmacotherapy. (Trial registration: NCT010001149).
547,10001227,METHODS,METHODS,Primary endpoint was change in mean arterial pressure measured at 12 weeks post-randomization. (Stratified cluster 547).
548,10001086,RESULTS,RESULTS,"No statistically significant difference in serious adverse events was observed between the active drug and placebo arms. (Confidence interval 95%, n=372)."
549,10001303,BACKGROUND,BACKGROUND,Postoperative pain management following major orthopedic surgery is critical for early patient mobilization. (Cohort identifier: 549).
550,10001912,OBJECTIVE,OBJECTIVES,This randomized controlled trial aimed to compare low-dose combination therapy against standard monotherapy. (Trial registration: NCT010001912).
551,10001806,METHODS,METHODS,Statistical analyses followed the intention-to-treat principle using mixed-effects linear regression models. (Stratified cluster 551).
552,10001573,RESULTS,RESULTS,"Semaglutide significantly reduced mean HbA1c by -1.5% compared to -0.8% with sitagliptin (p < 0.001). (Confidence interval 95%, n=1352)."
553,10001711,BACKGROUND,BACKGROUND,Type 2 diabetes mellitus is a major chronic metabolic disorder associated with high cardiovascular mortality. (Cohort identifier: 553).
554,10001838,OBJECTIVE,OBJECTIVES,We investigated whether cognitive behavioral therapy reduces relapse rates compared to standard pharmacotherapy. (Trial registration: NCT010001838).
555,10001119,METHODS,METHODS,Eligible participants aged 18-75 years with documented HbA1c > 8.0% underwent 24 weeks of active treatment. (Stratified cluster 555).
556,10001754,RESULTS,RESULTS,"Combination therapy achieved target blood pressure control in 78.4% of patients compared to 54.2% in the monotherapy group. (Confidence interval 95%, n=1600)."
557,10001357,BACKGROUND,BACKGROUND,Hypertension remains the leading preventable cause of cardiovascular disease and premature death worldwide. (Cohort identifier: 557).
558,10001924,OBJECTIVE,OBJECTIVES,The primary aim was to assess the analgesic effectiveness of intravenous dexamethasone versus placebo. (Trial registration: NCT010001924).
559,10001878,METHODS,METHODS,Primary endpoint was change in mean arterial pressure measured at 12 weeks post-randomization. (Stratified cluster 559).
560,10001610,RESULTS,RESULTS,"Combination therapy achieved target blood pressure control in 78.4% of patients compared to 54.2% in the monotherapy group. (Confidence interval 95%, n=636)."
561,10001942,BACKGROUND,BACKGROUND,Type 2 diabetes mellitus is a major chronic metabolic disorder associated with high cardiovascular mortality. (Cohort identifier: 561).
562,10001789,OBJECTIVE,OBJECTIVES,The primary aim was to assess the analgesic effectiveness of intravenous dexamethasone versus placebo. (Trial registration: NCT010001789).
563,10001716,METHODS,METHODS,Primary endpoint was change in mean arterial pressure measured at 12 weeks post-randomization. (Stratified cluster 563).
564,10001323,RESULTS,RESULTS,"Mean postoperative pain scores at 24 hours were significantly reduced in the intervention group (2.1 vs 4.8, p = 0.002). (Confidence interval 95%, n=748)."
565,10001727,BACKGROUND,BACKGROUND,Type 2 diabetes mellitus is a major chronic metabolic disorder associated with high cardiovascular mortality. (Cohort identifier: 565).
566,10001767,OBJECTIVE,OBJECTIVES,We investigated whether cognitive behavioral therapy reduces relapse rates compared to standard pharmacotherapy. (Trial registration: NCT010001767).
567,10001310,METHODS,METHODS,Participants were randomly allocated (1:1) using computer-generated block randomization to receive drug A or placebo. (Stratified cluster 567).
568,10001169,RESULTS,RESULTS,"No statistically significant difference in serious adverse events was observed between the active drug and placebo arms. (Confidence interval 95%, n=1237)."
569,10001136,BACKGROUND,BACKGROUND,Type 2 diabetes mellitus is a major chronic metabolic disorder associated with high cardiovascular mortality. (Cohort identifier: 569).
570,10001741,OBJECTIVE,OBJECTIVES,To evaluate the efficacy and safety of once-weekly semaglutide compared to daily sitagliptin in adults. (Trial registration: NCT010001741).
571,10001624,METHODS,METHODS,Primary endpoint was change in mean arterial pressure measured at 12 weeks post-randomization. (Stratified cluster 571).
572,10001254,RESULTS,RESULTS,"Semaglutide significantly reduced mean HbA1c by -1.5% compared to -0.8% with sitagliptin (p < 0.001). (Confidence interval 95%, n=1919)."
573,10001770,BACKGROUND,BACKGROUND,Postoperative pain management following major orthopedic surgery is critical for early patient mobilization. (Cohort identifier: 573).
574,10001883,OBJECTIVE,OBJECTIVES,The primary aim was to assess the analgesic effectiveness of intravenous dexamethasone versus placebo. (Trial registration: NCT010001883).
575,10001159,METHODS,METHODS,Primary endpoint was change in mean arterial pressure measured at 12 weeks post-randomization. (Stratified cluster 575).
576,10001494,RESULTS,RESULTS,"Semaglutide significantly reduced mean HbA1c by -1.5% compared to -0.8% with sitagliptin (p < 0.001). (Confidence interval 95%, n=1289)."
577,10001101,BACKGROUND,BACKGROUND,Postoperative pain management following major orthopedic surgery is critical for early patient mobilization. (Cohort identifier: 577).
578,10001091,OBJECTIVE,OBJECTIVES,The primary aim was to assess the analgesic effectiveness of intravenous dexamethasone versus placebo. (Trial registration: NCT010001091).
579,10001175,METHODS,METHODS,Eligible participants aged 18-75 years with documented HbA1c > 8.0% underwent 24 weeks of active treatment. (Stratified cluster 579).
580,10001485,RESULTS,RESULTS,"No statistically significant difference in serious adverse events was observed between the active drug and placebo arms. (Confidence interval 95%, n=1893)."
581,10001086,BACKGROUND,BACKGROUND,Postoperative pain management following major orthopedic surgery is critical for early patient mobilization. (Cohort identifier: 581).
582,10001452,OBJECTIVE,OBJECTIVES,This randomized controlled trial aimed to compare low-dose combination therapy against standard monotherapy. (Trial registration: NCT010001452).
583,10001789,METHODS,METHODS,Primary endpoint was change in mean arterial pressure measured at 12 weeks post-randomization. (Stratified cluster 583).
584,10001485,RESULTS,RESULTS,"Mean postoperative pain scores at 24 hours were significantly reduced in the intervention group (2.1 vs 4.8, p = 0.002). (Confidence interval 95%, n=1515)."
585,10001345,BACKGROUND,BACKGROUND,Chronic obstructive pulmonary disease exacerbations frequently lead to hospital readmission and increased mortality. (Cohort identifier: 585).
586,10001072,OBJECTIVE,OBJECTIVES,We investigated whether cognitive behavioral therapy reduces relapse rates compared to standard pharmacotherapy. (Trial registration: NCT010001072).
587,10001016,METHODS,METHODS,"A multi-center, double-blind, randomized controlled trial enrolled 1,200 adult patients across 45 clinical sites. (Stratified cluster 587)."
588,10001215,RESULTS,RESULTS,"No statistically significant difference in serious adverse events was observed between the active drug and placebo arms. (Confidence interval 95%, n=1260)."
589,10001303,BACKGROUND,BACKGROUND,Postoperative pain management following major orthopedic surgery is critical for early patient mobilization. (Cohort identifier: 589).
590,10001352,OBJECTIVE,OBJECTIVES,To evaluate the efficacy and safety of once-weekly semaglutide compared to daily sitagliptin in adults. (Trial registration: NCT010001352).
591,10001048,METHODS,METHODS,Eligible participants aged 18-75 years with documented HbA1c > 8.0% underwent 24 weeks of active treatment. (Stratified cluster 591).
592,10001894,RESULTS,RESULTS,"Combination therapy achieved target blood pressure control in 78.4% of patients compared to 54.2% in the monotherapy group. (Confidence interval 95%, n=801)."
593,10001616,BACKGROUND,BACKGROUND,Major depressive disorder is a pervasive mental health condition with substantial socioeconomic burden. (Cohort identifier: 593).
594,10001246,OBJECTIVE,OBJECTIVES,To determine if inhaled corticosteroid cessation increases acute exacerbation risk in moderate COPD. (Trial registration: NCT010001246).
595,10001424,METHODS,METHODS,Eligible participants aged 18-75 years with documented HbA1c > 8.0% underwent 24 weeks of active treatment. (Stratified cluster 595).
596,10001850,RESULTS,RESULTS,"Combination therapy achieved target blood pressure control in 78.4% of patients compared to 54.2% in the monotherapy group. (Confidence interval 95%, n=1767)."
597,10001196,BACKGROUND,BACKGROUND,Chronic obstructive pulmonary disease exacerbations frequently lead to hospital readmission and increased mortality. (Cohort identifier: 597).
598,10001551,OBJECTIVE,OBJECTIVES,The primary aim was to assess the analgesic effectiveness of intravenous dexamethasone versus placebo. (Trial registration: NCT010001551).
599,10001551,METHODS,METHODS,Participants were randomly allocated (1:1) using computer-generated block randomization to receive drug A or placebo. (Stratified cluster 599).
600,10001880,RESULTS,RESULTS,"Combination therapy achieved target blood pressure control in 78.4% of patients compared to 54.2% in the monotherapy group. (Confidence interval 95%, n=1736)."
601,10001731,BACKGROUND,BACKGROUND,Postoperative pain management following major orthopedic surgery is critical for early patient mobilization. (Cohort identifier: 601).
602,10001159,OBJECTIVE,OBJECTIVES,The primary aim was to assess the analgesic effectiveness of intravenous dexamethasone versus placebo. (Trial registration: NCT010001159).
603,10001076,METHODS,METHODS,"A multi-center, double-blind, randomized controlled trial enrolled 1,200 adult patients across 45 clinical sites. (Stratified cluster 603)."
604,10001583,RESULTS,RESULTS,"No statistically significant difference in serious adverse events was observed between the active drug and placebo arms. (Confidence interval 95%, n=2391)."
605,10001502,BACKGROUND,BACKGROUND,Postoperative pain management following major orthopedic surgery is critical for early patient mobilization. (Cohort identifier: 605).
606,10001056,OBJECTIVE,OBJECTIVES,To evaluate the efficacy and safety of once-weekly semaglutide compared to daily sitagliptin in adults. (Trial registration: NCT010001056).
607,10001076,METHODS,METHODS,Statistical analyses followed the intention-to-treat principle using mixed-effects linear regression models. (Stratified cluster 607).
608,10001732,RESULTS,RESULTS,"The 12-month relapse rate was significantly lower in the combined therapy arm (18.2% vs 34.6%, HR: 0.48, 9: 0.31-0.75). (Confidence interval 95%, n=712)."
609,10001567,BACKGROUND,BACKGROUND,Hypertension remains the leading preventable cause of cardiovascular disease and premature death worldwide. (Cohort identifier: 609).
610,10001335,OBJECTIVE,OBJECTIVES,We investigated whether cognitive behavioral therapy reduces relapse rates compared to standard pharmacotherapy. (Trial registration: NCT010001335).
611,10001306,METHODS,METHODS,Statistical analyses followed the intention-to-treat principle using mixed-effects linear regression models. (Stratified cluster 611).
612,10001453,RESULTS,RESULTS,"The 12-month relapse rate was significantly lower in the combined therapy arm (18.2% vs 34.6%, HR: 0.48, 9: 0.31-0.75). (Confidence interval 95%, n=1263)."
613,10001948,BACKGROUND,BACKGROUND,Postoperative pain management following major orthopedic surgery is critical for early patient mobilization. (Cohort identifier: 613).
614,10001710,OBJECTIVE,OBJECTIVES,This randomized controlled trial aimed to compare low-dose combination therapy against standard monotherapy. (Trial registration: NCT010001710).
615,10001717,METHODS,METHODS,"A multi-center, double-blind, randomized controlled trial enrolled 1,200 adult patients across 45 clinical sites. (Stratified cluster 615)."
616,10001938,RESULTS,RESULTS,"The 12-month relapse rate was significantly lower in the combined therapy arm (18.2% vs 34.6%, HR: 0.48, 9: 0.31-0.75). (Confidence interval 95%, n=1437)."
617,10001434,BACKGROUND,BACKGROUND,Major depressive disorder is a pervasive mental health condition with substantial socioeconomic burden. (Cohort identifier: 617).
618,10001723,OBJECTIVE,OBJECTIVES,To determine if inhaled corticosteroid cessation increases acute exacerbation risk in moderate COPD. (Trial registration: NCT010001723).
619,10001455,METHODS,METHODS,Participants were randomly allocated (1:1) using computer-generated block randomization to receive drug A or placebo. (Stratified cluster 619).
620,10001052,RESULTS,RESULTS,"Combination therapy achieved target blood pressure control in 78.4% of patients compared to 54.2% in the monotherapy group. (Confidence interval 95%, n=1108)."
621,10001316,BACKGROUND,BACKGROUND,Postoperative pain management following major orthopedic surgery is critical for early patient mobilization. (Cohort identifier: 621).
622,10001287,OBJECTIVE,OBJECTIVES,To determine if inhaled corticosteroid cessation increases acute exacerbation risk in moderate COPD. (Trial registration: NCT010001287).
623,10001168,METHODS,METHODS,Participants were randomly allocated (1:1) using computer-generated block randomization to receive drug A or placebo. (Stratified cluster 623).
624,10001889,RESULTS,RESULTS,"Combination therapy achieved target blood pressure control in 78.4% of patients compared to 54.2% in the monotherapy group. (Confidence interval 95%, n=1755)."
625,10001008,BACKGROUND,BACKGROUND,Type 2 diabetes mellitus is a major chronic metabolic disorder associated with high cardiovascular mortality. (Cohort identifier: 625).
626,10001876,OBJECTIVE,OBJECTIVES,The primary aim was to assess the analgesic effectiveness of intravenous dexamethasone versus placebo. (Trial registration: NCT010001876).
627,10001066,METHODS,METHODS,"A multi-center, double-blind, randomized controlled trial enrolled 1,200 adult patients across 45 clinical sites. (Stratified cluster 627)."
628,10001649,RESULTS,RESULTS,"Semaglutide significantly reduced mean HbA1c by -1.5% compared to -0.8% with sitagliptin (p < 0.001). (Confidence interval 95%, n=880)."
629,10001405,BACKGROUND,BACKGROUND,Postoperative pain management following major orthopedic surgery is critical for early patient mobilization. (Cohort identifier: 629).
630,10001114,OBJECTIVE,OBJECTIVES,We investigated whether cognitive behavioral therapy reduces relapse rates compared to standard pharmacotherapy. (Trial registration: NCT010001114).
631,10001511,METHODS,METHODS,Eligible participants aged 18-75 years with documented HbA1c > 8.0% underwent 24 weeks of active treatment. (Stratified cluster 631).
632,10001241,RESULTS,RESULTS,"Semaglutide significantly reduced mean HbA1c by -1.5% compared to -0.8% with sitagliptin (p < 0.001). (Confidence interval 95%, n=1818)."
633,10001881,BACKGROUND,BACKGROUND,Hypertension remains the leading preventable cause of cardiovascular disease and premature death worldwide. (Cohort identifier: 633).
634,10001630,OBJECTIVE,OBJECTIVES,This randomized controlled trial aimed to compare low-dose combination therapy against standard monotherapy. (Trial registration: NCT010001630).
635,10001170,METHODS,METHODS,Primary endpoint was change in mean arterial pressure measured at 12 weeks post-randomization. (Stratified cluster 635).
636,10001615,RESULTS,RESULTS,"Semaglutide significantly reduced mean HbA1c by -1.5% compared to -0.8% with sitagliptin (p < 0.001). (Confidence interval 95%, n=205)."
637,10001967,BACKGROUND,BACKGROUND,Type 2 diabetes mellitus is a major chronic metabolic disorder associated with high cardiovascular mortality. (Cohort identifier: 637).
638,10001514,OBJECTIVE,OBJECTIVES,This randomized controlled trial aimed to compare low-dose combination therapy against standard monotherapy. (Trial registration: NCT010001514).
639,10001973,METHODS,METHODS,Primary endpoint was change in mean arterial pressure measured at 12 weeks post-randomization. (Stratified cluster 639).
640,10001017,RESULTS,RESULTS,"Combination therapy achieved target blood pressure control in 78.4% of patients compared to 54.2% in the monotherapy group. (Confidence interval 95%, n=2345)."
641,10001603,BACKGROUND,BACKGROUND,Chronic obstructive pulmonary disease exacerbations frequently lead to hospital readmission and increased mortality. (Cohort identifier: 641).
642,10001183,OBJECTIVE,OBJECTIVES,To determine if inhaled corticosteroid cessation increases acute exacerbation risk in moderate COPD. (Trial registration: NCT010001183).
643,10001440,METHODS,METHODS,Eligible participants aged 18-75 years with documented HbA1c > 8.0% underwent 24 weeks of active treatment. (Stratified cluster 643).
644,10001544,RESULTS,RESULTS,"Combination therapy achieved target blood pressure control in 78.4% of patients compared to 54.2% in the monotherapy group. (Confidence interval 95%, n=1540)."
645,10001492,BACKGROUND,BACKGROUND,Postoperative pain management following major orthopedic surgery is critical for early patient mobilization. (Cohort identifier: 645).
646,10001371,OBJECTIVE,OBJECTIVES,We investigated whether cognitive behavioral therapy reduces relapse rates compared to standard pharmacotherapy. (Trial registration: NCT010001371).
647,10001108,METHODS,METHODS,Primary endpoint was change in mean arterial pressure measured at 12 weeks post-randomization. (Stratified cluster 647).
648,10001987,RESULTS,RESULTS,"Semaglutide significantly reduced mean HbA1c by -1.5% compared to -0.8% with sitagliptin (p < 0.001). (Confidence interval 95%, n=1873)."
649,10001734,BACKGROUND,BACKGROUND,Type 2 diabetes mellitus is a major chronic metabolic disorder associated with high cardiovascular mortality. (Cohort identifier: 649).
650,10001822,OBJECTIVE,OBJECTIVES,We investigated whether cognitive behavioral therapy reduces relapse rates compared to standard pharmacotherapy. (Trial registration: NCT010001822).
651,10001205,METHODS,METHODS,Participants were randomly allocated (1:1) using computer-generated block randomization to receive drug A or placebo. (Stratified cluster 651).
652,10001312,RESULTS,RESULTS,"The 12-month relapse rate was significantly lower in the combined therapy arm (18.2% vs 34.6%, HR: 0.48, 9: 0.31-0.75). (Confidence interval 95%, n=695)."
653,10001074,BACKGROUND,BACKGROUND,Major depressive disorder is a pervasive mental health condition with substantial socioeconomic burden. (Cohort identifier: 653).
654,10001343,OBJECTIVE,OBJECTIVES,This randomized controlled trial aimed to compare low-dose combination therapy against standard monotherapy. (Trial registration: NCT010001343).
655,10001740,METHODS,METHODS,Primary endpoint was change in mean arterial pressure measured at 12 weeks post-randomization. (Stratified cluster 655).
656,10001242,RESULTS,RESULTS,"Mean postoperative pain scores at 24 hours were significantly reduced in the intervention group (2.1 vs 4.8, p = 0.002). (Confidence interval 95%, n=2048)."
657,10001793,BACKGROUND,BACKGROUND,Hypertension remains the leading preventable cause of cardiovascular disease and premature death worldwide. (Cohort identifier: 657).
658,10001807,OBJECTIVE,OBJECTIVES,This randomized controlled trial aimed to compare low-dose combination therapy against standard monotherapy. (Trial registration: NCT010001807).
659,10001060,METHODS,METHODS,Statistical analyses followed the intention-to-treat principle using mixed-effects linear regression models. (Stratified cluster 659).
660,10001882,RESULTS,RESULTS,"The 12-month relapse rate was significantly lower in the combined therapy arm (18.2% vs 34.6%, HR: 0.48, 9: 0.31-0.75). (Confidence interval 95%, n=2292)."
661,10001791,BACKGROUND,BACKGROUND,Postoperative pain management following major orthopedic surgery is critical for early patient mobilization. (Cohort identifier: 661).
662,10001932,OBJECTIVE,OBJECTIVES,The primary aim was to assess the analgesic effectiveness of intravenous dexamethasone versus placebo. (Trial registration: NCT010001932).
663,10001841,METHODS,METHODS,Participants were randomly allocated (1:1) using computer-generated block randomization to receive drug A or placebo. (Stratified cluster 663).
664,10001326,RESULTS,RESULTS,"Semaglutide significantly reduced mean HbA1c by -1.5% compared to -0.8% with sitagliptin (p < 0.001). (Confidence interval 95%, n=2139)."
665,10001561,BACKGROUND,BACKGROUND,Hypertension remains the leading preventable cause of cardiovascular disease and premature death worldwide. (Cohort identifier: 665).
666,10001095,OBJECTIVE,OBJECTIVES,To evaluate the efficacy and safety of once-weekly semaglutide compared to daily sitagliptin in adults. (Trial registration: NCT010001095).
667,10001824,METHODS,METHODS,Eligible participants aged 18-75 years with documented HbA1c > 8.0% underwent 24 weeks of active treatment. (Stratified cluster 667).
668,10001296,RESULTS,RESULTS,"The 12-month relapse rate was significantly lower in the combined therapy arm (18.2% vs 34.6%, HR: 0.48, 9: 0.31-0.75). (Confidence interval 95%, n=1212)."
669,10001932,BACKGROUND,BACKGROUND,Major depressive disorder is a pervasive mental health condition with substantial socioeconomic burden. (Cohort identifier: 669).
670,10001450,OBJECTIVE,OBJECTIVES,This randomized controlled trial aimed to compare low-dose combination therapy against standard monotherapy. (Trial registration: NCT010001450).
671,10001006,METHODS,METHODS,Primary endpoint was change in mean arterial pressure measured at 12 weeks post-randomization. (Stratified cluster 671).
672,10001572,RESULTS,RESULTS,"Mean postoperative pain scores at 24 hours were significantly reduced in the intervention group (2.1 vs 4.8, p = 0.002). (Confidence interval 95%, n=672)."
673,10001603,BACKGROUND,BACKGROUND,Major depressive disorder is a pervasive mental health condition with substantial socioeconomic burden. (Cohort identifier: 673).
674,10001186,OBJECTIVE,OBJECTIVES,The primary aim was to assess the analgesic effectiveness of intravenous dexamethasone versus placebo. (Trial registration: NCT010001186).
675,10001418,METHODS,METHODS,Primary endpoint was change in mean arterial pressure measured at 12 weeks post-randomization. (Stratified cluster 675).
676,10001918,RESULTS,RESULTS,"Semaglutide significantly reduced mean HbA1c by -1.5% compared to -0.8% with sitagliptin (p < 0.001). (Confidence interval 95%, n=2319)."
677,10001017,BACKGROUND,BACKGROUND,Chronic obstructive pulmonary disease exacerbations frequently lead to hospital readmission and increased mortality. (Cohort identifier: 677).
678,10001540,OBJECTIVE,OBJECTIVES,To determine if inhaled corticosteroid cessation increases acute exacerbation risk in moderate COPD. (Trial registration: NCT010001540).
679,10001219,METHODS,METHODS,Statistical analyses followed the intention-to-treat principle using mixed-effects linear regression models. (Stratified cluster 679).
680,10001555,RESULTS,RESULTS,"No statistically significant difference in serious adverse events was observed between the active drug and placebo arms. (Confidence interval 95%, n=288)."
681,10001108,BACKGROUND,BACKGROUND,Type 2 diabetes mellitus is a major chronic metabolic disorder associated with high cardiovascular mortality. (Cohort identifier: 681).
682,10001389,OBJECTIVE,OBJECTIVES,To determine if inhaled corticosteroid cessation increases acute exacerbation risk in moderate COPD. (Trial registration: NCT010001389).
683,10001734,METHODS,METHODS,Eligible participants aged 18-75 years with documented HbA1c > 8.0% underwent 24 weeks of active treatment. (Stratified cluster 683).
684,10001380,RESULTS,RESULTS,"Semaglutide significantly reduced mean HbA1c by -1.5% compared to -0.8% with sitagliptin (p < 0.001). (Confidence interval 95%, n=1582)."
685,10001234,BACKGROUND,BACKGROUND,Hypertension remains the leading preventable cause of cardiovascular disease and premature death worldwide. (Cohort identifier: 685).
686,10001734,OBJECTIVE,OBJECTIVES,To evaluate the efficacy and safety of once-weekly semaglutide compared to daily sitagliptin in adults. (Trial registration: NCT010001734).
687,10001637,METHODS,METHODS,Eligible participants aged 18-75 years with documented HbA1c > 8.0% underwent 24 weeks of active treatment. (Stratified cluster 687).
688,10001450,RESULTS,RESULTS,"Combination therapy achieved target blood pressure control in 78.4% of patients compared to 54.2% in the monotherapy group. (Confidence interval 95%, n=1121)."
689,10001626,BACKGROUND,BACKGROUND,Postoperative pain management following major orthopedic surgery is critical for early patient mobilization. (Cohort identifier: 689).
690,10001831,OBJECTIVE,OBJECTIVES,The primary aim was to assess the analgesic effectiveness of intravenous dexamethasone versus placebo. (Trial registration: NCT010001831).
691,10001268,METHODS,METHODS,Primary endpoint was change in mean arterial pressure measured at 12 weeks post-randomization. (Stratified cluster 691).
692,10001027,RESULTS,RESULTS,"Combination therapy achieved target blood pressure control in 78.4% of patients compared to 54.2% in the monotherapy group. (Confidence interval 95%, n=2346)."
693,10001242,BACKGROUND,BACKGROUND,Postoperative pain management following major orthopedic surgery is critical for early patient mobilization. (Cohort identifier: 693).
694,10001842,OBJECTIVE,OBJECTIVES,To evaluate the efficacy and safety of once-weekly semaglutide compared to daily sitagliptin in adults. (Trial registration: NCT010001842).
695,10001165,METHODS,METHODS,Primary endpoint was change in mean arterial pressure measured at 12 weeks post-randomization. (Stratified cluster 695).
696,10001411,RESULTS,RESULTS,"Semaglutide significantly reduced mean HbA1c by -1.5% compared to -0.8% with sitagliptin (p < 0.001). (Confidence interval 95%, n=1711)."
697,10001920,BACKGROUND,BACKGROUND,Chronic obstructive pulmonary disease exacerbations frequently lead to hospital readmission and increased mortality. (Cohort identifier: 697).
698,10001224,OBJECTIVE,OBJECTIVES,The primary aim was to assess the analgesic effectiveness of intravenous dexamethasone versus placebo. (Trial registration: NCT010001224).
699,10001617,METHODS,METHODS,Participants were randomly allocated (1:1) using computer-generated block randomization to receive drug A or placebo. (Stratified cluster 699).
700,10001973,RESULTS,RESULTS,"No statistically significant difference in serious adverse events was observed between the active drug and placebo arms. (Confidence interval 95%, n=835)."
701,10001945,BACKGROUND,BACKGROUND,Hypertension remains the leading preventable cause of cardiovascular disease and premature death worldwide. (Cohort identifier: 701).
702,10001271,OBJECTIVE,OBJECTIVES,To evaluate the efficacy and safety of once-weekly semaglutide compared to daily sitagliptin in adults. (Trial registration: NCT010001271).
703,10001772,METHODS,METHODS,Eligible participants aged 18-75 years with documented HbA1c > 8.0% underwent 24 weeks of active treatment. (Stratified cluster 703).
704,10001743,RESULTS,RESULTS,"Semaglutide significantly reduced mean HbA1c by -1.5% compared to -0.8% with sitagliptin (p < 0.001). (Confidence interval 95%, n=2119)."
705,10001586,BACKGROUND,BACKGROUND,Type 2 diabetes mellitus is a major chronic metabolic disorder associated with high cardiovascular mortality. (Cohort identifier: 705).
706,10001968,OBJECTIVE,OBJECTIVES,The primary aim was to assess the analgesic effectiveness of intravenous dexamethasone versus placebo. (Trial registration: NCT010001968).
707,10001510,METHODS,METHODS,Primary endpoint was change in mean arterial pressure measured at 12 weeks post-randomization. (Stratified cluster 707).
708,10001910,RESULTS,RESULTS,"Combination therapy achieved target blood pressure control in 78.4% of patients compared to 54.2% in the monotherapy group. (Confidence interval 95%, n=242)."
709,10001553,BACKGROUND,BACKGROUND,Postoperative pain management following major orthopedic surgery is critical for early patient mobilization. (Cohort identifier: 709).
710,10001476,OBJECTIVE,OBJECTIVES,This randomized controlled trial aimed to compare low-dose combination therapy against standard monotherapy. (Trial registration: NCT010001476).
711,10001070,METHODS,METHODS,Eligible participants aged 18-75 years with documented HbA1c > 8.0% underwent 24 weeks of active treatment. (Stratified cluster 711).
712,10001780,RESULTS,RESULTS,"The 12-month relapse rate was significantly lower in the combined therapy arm (18.2% vs 34.6%, HR: 0.48, 9: 0.31-0.75). (Confidence interval 95%, n=1151)."
713,10001666,BACKGROUND,BACKGROUND,Chronic obstructive pulmonary disease exacerbations frequently lead to hospital readmission and increased mortality. (Cohort identifier: 713).
714,10001534,OBJECTIVE,OBJECTIVES,To determine if inhaled corticosteroid cessation increases acute exacerbation risk in moderate COPD. (Trial registration: NCT010001534).
715,10001620,METHODS,METHODS,Primary endpoint was change in mean arterial pressure measured at 12 weeks post-randomization. (Stratified cluster 715).
716,10001844,RESULTS,RESULTS,"Combination therapy achieved target blood pressure control in 78.4% of patients compared to 54.2% in the monotherapy group. (Confidence interval 95%, n=1950)."
717,10001506,BACKGROUND,BACKGROUND,Major depressive disorder is a pervasive mental health condition with substantial socioeconomic burden. (Cohort identifier: 717).
718,10001817,OBJECTIVE,OBJECTIVES,The primary aim was to assess the analgesic effectiveness of intravenous dexamethasone versus placebo. (Trial registration: NCT010001817).
719,10001966,METHODS,METHODS,"A multi-center, double-blind, randomized controlled trial enrolled 1,200 adult patients across 45 clinical sites. (Stratified cluster 719)."
720,10001708,RESULTS,RESULTS,"Semaglutide significantly reduced mean HbA1c by -1.5% compared to -0.8% with sitagliptin (p < 0.001). (Confidence interval 95%, n=2093)."
721,10001260,BACKGROUND,BACKGROUND,Type 2 diabetes mellitus is a major chronic metabolic disorder associated with high cardiovascular mortality. (Cohort identifier: 721).
722,10001280,OBJECTIVE,OBJECTIVES,To determine if inhaled corticosteroid cessation increases acute exacerbation risk in moderate COPD. (Trial registration: NCT010001280).
723,10001440,METHODS,METHODS,Primary endpoint was change in mean arterial pressure measured at 12 weeks post-randomization. (Stratified cluster 723).
724,10001829,RESULTS,RESULTS,"The 12-month relapse rate was significantly lower in the combined therapy arm (18.2% vs 34.6%, HR: 0.48, 9: 0.31-0.75). (Confidence interval 95%, n=330)."
725,10001462,BACKGROUND,BACKGROUND,Type 2 diabetes mellitus is a major chronic metabolic disorder associated with high cardiovascular mortality. (Cohort identifier: 725).
726,10001934,OBJECTIVE,OBJECTIVES,The primary aim was to assess the analgesic effectiveness of intravenous dexamethasone versus placebo. (Trial registration: NCT010001934).
727,10001169,METHODS,METHODS,Primary endpoint was change in mean arterial pressure measured at 12 weeks post-randomization. (Stratified cluster 727).
728,10001025,RESULTS,RESULTS,"Mean postoperative pain scores at 24 hours were significantly reduced in the intervention group (2.1 vs 4.8, p = 0.002). (Confidence interval 95%, n=2095)."
729,10001492,BACKGROUND,BACKGROUND,Hypertension remains the leading preventable cause of cardiovascular disease and premature death worldwide. (Cohort identifier: 729).
730,10001478,OBJECTIVE,OBJECTIVES,This randomized controlled trial aimed to compare low-dose combination therapy against standard monotherapy. (Trial registration: NCT010001478).
731,10001494,METHODS,METHODS,Statistical analyses followed the intention-to-treat principle using mixed-effects linear regression models. (Stratified cluster 731).
732,10001888,RESULTS,RESULTS,"Semaglutide significantly reduced mean HbA1c by -1.5% compared to -0.8% with sitagliptin (p < 0.001). (Confidence interval 95%, n=564)."
733,10001975,BACKGROUND,BACKGROUND,Major depressive disorder is a pervasive mental health condition with substantial socioeconomic burden. (Cohort identifier: 733).
734,10001366,OBJECTIVE,OBJECTIVES,To evaluate the efficacy and safety of once-weekly semaglutide compared to daily sitagliptin in adults. (Trial registration: NCT010001366).
735,10001326,METHODS,METHODS,Statistical analyses followed the intention-to-treat principle using mixed-effects linear regression models. (Stratified cluster 735).
736,10001430,RESULTS,RESULTS,"The 12-month relapse rate was significantly lower in the combined therapy arm (18.2% vs 34.6%, HR: 0.48, 9: 0.31-0.75). (Confidence interval 95%, n=730)."
737,10001822,BACKGROUND,BACKGROUND,Postoperative pain management following major orthopedic surgery is critical for early patient mobilization. (Cohort identifier: 737).
738,10001158,OBJECTIVE,OBJECTIVES,To evaluate the efficacy and safety of once-weekly semaglutide compared to daily sitagliptin in adults. (Trial registration: NCT010001158).
739,10001032,METHODS,METHODS,Primary endpoint was change in mean arterial pressure measured at 12 weeks post-randomization. (Stratified cluster 739).
740,10001509,RESULTS,RESULTS,"No statistically significant difference in serious adverse events was observed between the active drug and placebo arms. (Confidence interval 95%, n=565)."
741,10001738,BACKGROUND,BACKGROUND,Major depressive disorder is a pervasive mental health condition with substantial socioeconomic burden. (Cohort identifier: 741).
742,10001944,OBJECTIVE,OBJECTIVES,The primary aim was to assess the analgesic effectiveness of intravenous dexamethasone versus placebo. (Trial registration: NCT010001944).
743,10001742,METHODS,METHODS,"A multi-center, double-blind, randomized controlled trial enrolled 1,200 adult patients across 45 clinical sites. (Stratified cluster 743)."
744,10001982,RESULTS,RESULTS,"No statistically significant difference in serious adverse events was observed between the active drug and placebo arms. (Confidence interval 95%, n=2268)."
745,10001234,BACKGROUND,BACKGROUND,Chronic obstructive pulmonary disease exacerbations frequently lead to hospital readmission and increased mortality. (Cohort identifier: 745).
746,10001400,OBJECTIVE,OBJECTIVES,This randomized controlled trial aimed to compare low-dose combination therapy against standard monotherapy. (Trial registration: NCT010001400).
747,10001324,METHODS,METHODS,Participants were randomly allocated (1:1) using computer-generated block randomization to receive drug A or placebo. (Stratified cluster 747).
748,10001873,RESULTS,RESULTS,"The 12-month relapse rate was significantly lower in the combined therapy arm (18.2% vs 34.6%, HR: 0.48, 9: 0.31-0.75). (Confidence interval 95%, n=1807)."
749,10001674,BACKGROUND,BACKGROUND,Hypertension remains the leading preventable cause of cardiovascular disease and premature death worldwide. (Cohort identifier: 749).
750,10001785,OBJECTIVE,OBJECTIVES,The primary aim was to assess the analgesic effectiveness of intravenous dexamethasone versus placebo. (Trial registration: NCT010001785).
751,10001430,METHODS,METHODS,Primary endpoint was change in mean arterial pressure measured at 12 weeks post-randomization. (Stratified cluster 751).
752,10001117,RESULTS,RESULTS,"Semaglutide significantly reduced mean HbA1c by -1.5% compared to -0.8% with sitagliptin (p < 0.001). (Confidence interval 95%, n=196)."
753,10001273,BACKGROUND,BACKGROUND,Type 2 diabetes mellitus is a major chronic metabolic disorder associated with high cardiovascular mortality. (Cohort identifier: 753).
754,10001165,OBJECTIVE,OBJECTIVES,This randomized controlled trial aimed to compare low-dose combination therapy against standard monotherapy. (Trial registration: NCT010001165).
755,10001980,METHODS,METHODS,"A multi-center, double-blind, randomized controlled trial enrolled 1,200 adult patients across 45 clinical sites. (Stratified cluster 755)."
756,10001202,RESULTS,RESULTS,"The 12-month relapse rate was significantly lower in the combined therapy arm (18.2% vs 34.6%, HR: 0.48, 9: 0.31-0.75). (Confidence interval 95%, n=464)."
757,10001491,BACKGROUND,BACKGROUND,Postoperative pain management following major orthopedic surgery is critical for early patient mobilization. (Cohort identifier: 757).
758,10001099,OBJECTIVE,OBJECTIVES,This randomized controlled trial aimed to compare low-dose combination therapy against standard monotherapy. (Trial registration: NCT010001099).
759,10001917,METHODS,METHODS,Statistical analyses followed the intention-to-treat principle using mixed-effects linear regression models. (Stratified cluster 759).
760,10001807,RESULTS,RESULTS,"Semaglutide significantly reduced mean HbA1c by -1.5% compared to -0.8% with sitagliptin (p < 0.001). (Confidence interval 95%, n=2461)."
761,10001801,BACKGROUND,BACKGROUND,Chronic obstructive pulmonary disease exacerbations frequently lead to hospital readmission and increased mortality. (Cohort identifier: 761).
762,10001487,OBJECTIVE,OBJECTIVES,To evaluate the efficacy and safety of once-weekly semaglutide compared to daily sitagliptin in adults. (Trial registration: NCT010001487).
763,10001415,METHODS,METHODS,"A multi-center, double-blind, randomized controlled trial enrolled 1,200 adult patients across 45 clinical sites. (Stratified cluster 763)."
764,10001368,RESULTS,RESULTS,"No statistically significant difference in serious adverse events was observed between the active drug and placebo arms. (Confidence interval 95%, n=775)."
765,10001442,BACKGROUND,BACKGROUND,Chronic obstructive pulmonary disease exacerbations frequently lead to hospital readmission and increased mortality. (Cohort identifier: 765).
766,10001313,OBJECTIVE,OBJECTIVES,This randomized controlled trial aimed to compare low-dose combination therapy against standard monotherapy. (Trial registration: NCT010001313).
767,10001715,METHODS,METHODS,Eligible participants aged 18-75 years with documented HbA1c > 8.0% underwent 24 weeks of active treatment. (Stratified cluster 767).
768,10001967,RESULTS,RESULTS,"Mean postoperative pain scores at 24 hours were significantly reduced in the intervention group (2.1 vs 4.8, p = 0.002). (Confidence interval 95%, n=2280)."
769,10001438,BACKGROUND,BACKGROUND,Type 2 diabetes mellitus is a major chronic metabolic disorder associated with high cardiovascular mortality. (Cohort identifier: 769).
770,10001011,OBJECTIVE,OBJECTIVES,We investigated whether cognitive behavioral therapy reduces relapse rates compared to standard pharmacotherapy. (Trial registration: NCT010001011).
771,10001552,METHODS,METHODS,Eligible participants aged 18-75 years with documented HbA1c > 8.0% underwent 24 weeks of active treatment. (Stratified cluster 771).
772,10001852,RESULTS,RESULTS,"No statistically significant difference in serious adverse events was observed between the active drug and placebo arms. (Confidence interval 95%, n=676)."
773,10001940,BACKGROUND,BACKGROUND,Hypertension remains the leading preventable cause of cardiovascular disease and premature death worldwide. (Cohort identifier: 773).
774,10001842,OBJECTIVE,OBJECTIVES,To determine if inhaled corticosteroid cessation increases acute exacerbation risk in moderate COPD. (Trial registration: NCT010001842).
775,10001728,METHODS,METHODS,Primary endpoint was change in mean arterial pressure measured at 12 weeks post-randomization. (Stratified cluster 775).
776,10001473,RESULTS,RESULTS,"No statistically significant difference in serious adverse events was observed between the active drug and placebo arms. (Confidence interval 95%, n=541)."
777,10001143,BACKGROUND,BACKGROUND,Type 2 diabetes mellitus is a major chronic metabolic disorder associated with high cardiovascular mortality. (Cohort identifier: 777).
778,10001534,OBJECTIVE,OBJECTIVES,To evaluate the efficacy and safety of once-weekly semaglutide compared to daily sitagliptin in adults. (Trial registration: NCT010001534).
779,10001451,METHODS,METHODS,"A multi-center, double-blind, randomized controlled trial enrolled 1,200 adult patients across 45 clinical sites. (Stratified cluster 779)."
780,10001645,RESULTS,RESULTS,"The 12-month relapse rate was significantly lower in the combined therapy arm (18.2% vs 34.6%, HR: 0.48, 9: 0.31-0.75). (Confidence interval 95%, n=264)."
781,10001117,BACKGROUND,BACKGROUND,Major depressive disorder is a pervasive mental health condition with substantial socioeconomic burden. (Cohort identifier: 781).
782,10001422,OBJECTIVE,OBJECTIVES,We investigated whether cognitive behavioral therapy reduces relapse rates compared to standard pharmacotherapy. (Trial registration: NCT010001422).
783,10001369,METHODS,METHODS,Primary endpoint was change in mean arterial pressure measured at 12 weeks post-randomization. (Stratified cluster 783).
784,10001110,RESULTS,RESULTS,"Combination therapy achieved target blood pressure control in 78.4% of patients compared to 54.2% in the monotherapy group. (Confidence interval 95%, n=480)."
785,10001913,BACKGROUND,BACKGROUND,Chronic obstructive pulmonary disease exacerbations frequently lead to hospital readmission and increased mortality. (Cohort identifier: 785).
786,10001841,OBJECTIVE,OBJECTIVES,We investigated whether cognitive behavioral therapy reduces relapse rates compared to standard pharmacotherapy. (Trial registration: NCT010001841).
787,10001003,METHODS,METHODS,Eligible participants aged 18-75 years with documented HbA1c > 8.0% underwent 24 weeks of active treatment. (Stratified cluster 787).
788,10001403,RESULTS,RESULTS,"Mean postoperative pain scores at 24 hours were significantly reduced in the intervention group (2.1 vs 4.8, p = 0.002). (Confidence interval 95%, n=911)."
789,10001795,BACKGROUND,BACKGROUND,Postoperative pain management following major orthopedic surgery is critical for early patient mobilization. (Cohort identifier: 789).
790,10001968,OBJECTIVE,OBJECTIVES,This randomized controlled trial aimed to compare low-dose combination therapy against standard monotherapy. (Trial registration: NCT010001968).
791,10001694,METHODS,METHODS,"A multi-center, double-blind, randomized controlled trial enrolled 1,200 adult patients across 45 clinical sites. (Stratified cluster 791)."
792,10001225,RESULTS,RESULTS,"No statistically significant difference in serious adverse events was observed between the active drug and placebo arms. (Confidence interval 95%, n=2365)."
793,10001623,BACKGROUND,BACKGROUND,Type 2 diabetes mellitus is a major chronic metabolic disorder associated with high cardiovascular mortality. (Cohort identifier: 793).
794,10001310,OBJECTIVE,OBJECTIVES,This randomized controlled trial aimed to compare low-dose combination therapy against standard monotherapy. (Trial registration: NCT010001310).
795,10001384,METHODS,METHODS,Eligible participants aged 18-75 years with documented HbA1c > 8.0% underwent 24 weeks of active treatment. (Stratified cluster 795).
796,10001782,RESULTS,RESULTS,"No statistically significant difference in serious adverse events was observed between the active drug and placebo arms. (Confidence interval 95%, n=2015)."
797,10001359,BACKGROUND,BACKGROUND,Postoperative pain management following major orthopedic surgery is critical for early patient mobilization. (Cohort identifier: 797).
798,10001372,OBJECTIVE,OBJECTIVES,To determine if inhaled corticosteroid cessation increases acute exacerbation risk in moderate COPD. (Trial registration: NCT010001372).
799,10001853,METHODS,METHODS,Primary endpoint was change in mean arterial pressure measured at 12 weeks post-randomization. (Stratified cluster 799).
800,10001995,RESULTS,RESULTS,"Semaglutide significantly reduced mean HbA1c by -1.5% compared to -0.8% with sitagliptin (p < 0.001). (Confidence interval 95%, n=1715)."
801,10001833,BACKGROUND,BACKGROUND,Hypertension remains the leading preventable cause of cardiovascular disease and premature death worldwide. (Cohort identifier: 801).
802,10001519,OBJECTIVE,OBJECTIVES,The primary aim was to assess the analgesic effectiveness of intravenous dexamethasone versus placebo. (Trial registration: NCT010001519).
803,10001051,METHODS,METHODS,Participants were randomly allocated (1:1) using computer-generated block randomization to receive drug A or placebo. (Stratified cluster 803).
804,10001403,RESULTS,RESULTS,"No statistically significant difference in serious adverse events was observed between the active drug and placebo arms. (Confidence interval 95%, n=1361)."
805,10001594,BACKGROUND,BACKGROUND,Chronic obstructive pulmonary disease exacerbations frequently lead to hospital readmission and increased mortality. (Cohort identifier: 805).
806,10001109,OBJECTIVE,OBJECTIVES,To determine if inhaled corticosteroid cessation increases acute exacerbation risk in moderate COPD. (Trial registration: NCT010001109).
807,10001548,METHODS,METHODS,Eligible participants aged 18-75 years with documented HbA1c > 8.0% underwent 24 weeks of active treatment. (Stratified cluster 807).
808,10001630,RESULTS,RESULTS,"No statistically significant difference in serious adverse events was observed between the active drug and placebo arms. (Confidence interval 95%, n=1486)."
809,10001250,BACKGROUND,BACKGROUND,Chronic obstructive pulmonary disease exacerbations frequently lead to hospital readmission and increased mortality. (Cohort identifier: 809).
810,10001445,OBJECTIVE,OBJECTIVES,To evaluate the efficacy and safety of once-weekly semaglutide compared to daily sitagliptin in adults. (Trial registration: NCT010001445).
811,10001406,METHODS,METHODS,Statistical analyses followed the intention-to-treat principle using mixed-effects linear regression models. (Stratified cluster 811).
812,10001003,RESULTS,RESULTS,"No statistically significant difference in serious adverse events was observed between the active drug and placebo arms. (Confidence interval 95%, n=765)."
813,10001719,BACKGROUND,BACKGROUND,Type 2 diabetes mellitus is a major chronic metabolic disorder associated with high cardiovascular mortality. (Cohort identifier: 813).
814,10001551,OBJECTIVE,OBJECTIVES,This randomized controlled trial aimed to compare low-dose combination therapy against standard monotherapy. (Trial registration: NCT010001551).
815,10001050,METHODS,METHODS,"A multi-center, double-blind, randomized controlled trial enrolled 1,200 adult patients across 45 clinical sites. (Stratified cluster 815)."
816,10001368,RESULTS,RESULTS,"Mean postoperative pain scores at 24 hours were significantly reduced in the intervention group (2.1 vs 4.8, p = 0.002). (Confidence interval 95%, n=1056)."
817,10001586,BACKGROUND,BACKGROUND,Hypertension remains the leading preventable cause of cardiovascular disease and premature death worldwide. (Cohort identifier: 817).
818,10001475,OBJECTIVE,OBJECTIVES,The primary aim was to assess the analgesic effectiveness of intravenous dexamethasone versus placebo. (Trial registration: NCT010001475).
819,10001347,METHODS,METHODS,Statistical analyses followed the intention-to-treat principle using mixed-effects linear regression models. (Stratified cluster 819).
820,10001138,RESULTS,RESULTS,"Combination therapy achieved target blood pressure control in 78.4% of patients compared to 54.2% in the monotherapy group. (Confidence interval 95%, n=673)."
821,10001789,BACKGROUND,BACKGROUND,Hypertension remains the leading preventable cause of cardiovascular disease and premature death worldwide. (Cohort identifier: 821).
822,10001539,OBJECTIVE,OBJECTIVES,To evaluate the efficacy and safety of once-weekly semaglutide compared to daily sitagliptin in adults. (Trial registration: NCT010001539).
823,10001266,METHODS,METHODS,Participants were randomly allocated (1:1) using computer-generated block randomization to receive drug A or placebo. (Stratified cluster 823).
824,10001976,RESULTS,RESULTS,"No statistically significant difference in serious adverse events was observed between the active drug and placebo arms. (Confidence interval 95%, n=827)."
825,10001070,BACKGROUND,BACKGROUND,Chronic obstructive pulmonary disease exacerbations frequently lead to hospital readmission and increased mortality. (Cohort identifier: 825).
826,10001730,OBJECTIVE,OBJECTIVES,We investigated whether cognitive behavioral therapy reduces relapse rates compared to standard pharmacotherapy. (Trial registration: NCT010001730).
827,10001276,METHODS,METHODS,Participants were randomly allocated (1:1) using computer-generated block randomization to receive drug A or placebo. (Stratified cluster 827).
828,10001918,RESULTS,RESULTS,"The 12-month relapse rate was significantly lower in the combined therapy arm (18.2% vs 34.6%, HR: 0.48, 9: 0.31-0.75). (Confidence interval 95%, n=192)."
829,10001265,BACKGROUND,BACKGROUND,Chronic obstructive pulmonary disease exacerbations frequently lead to hospital readmission and increased mortality. (Cohort identifier: 829).
830,10001613,OBJECTIVE,OBJECTIVES,The primary aim was to assess the analgesic effectiveness of intravenous dexamethasone versus placebo. (Trial registration: NCT010001613).
831,10001034,METHODS,METHODS,Eligible participants aged 18-75 years with documented HbA1c > 8.0% underwent 24 weeks of active treatment. (Stratified cluster 831).
832,10001362,RESULTS,RESULTS,"The 12-month relapse rate was significantly lower in the combined therapy arm (18.2% vs 34.6%, HR: 0.48, 9: 0.31-0.75). (Confidence interval 95%, n=421)."
833,10001410,BACKGROUND,BACKGROUND,Hypertension remains the leading preventable cause of cardiovascular disease and premature death worldwide. (Cohort identifier: 833).
834,10001448,OBJECTIVE,OBJECTIVES,To determine if inhaled corticosteroid cessation increases acute exacerbation risk in moderate COPD. (Trial registration: NCT010001448).
835,10001784,METHODS,METHODS,Primary endpoint was change in mean arterial pressure measured at 12 weeks post-randomization. (Stratified cluster 835).
836,10001448,RESULTS,RESULTS,"The 12-month relapse rate was significantly lower in the combined therapy arm (18.2% vs 34.6%, HR: 0.48, 9: 0.31-0.75). (Confidence interval 95%, n=479)."
837,10001462,BACKGROUND,BACKGROUND,Chronic obstructive pulmonary disease exacerbations frequently lead to hospital readmission and increased mortality. (Cohort identifier: 837).
838,10001385,OBJECTIVE,OBJECTIVES,We investigated whether cognitive behavioral therapy reduces relapse rates compared to standard pharmacotherapy. (Trial registration: NCT010001385).
839,10001852,METHODS,METHODS,"A multi-center, double-blind, randomized controlled trial enrolled 1,200 adult patients across 45 clinical sites. (Stratified cluster 839)."
840,10001859,RESULTS,RESULTS,"Semaglutide significantly reduced mean HbA1c by -1.5% compared to -0.8% with sitagliptin (p < 0.001). (Confidence interval 95%, n=1454)."
841,10001345,BACKGROUND,BACKGROUND,Hypertension remains the leading preventable cause of cardiovascular disease and premature death worldwide. (Cohort identifier: 841).
842,10001796,OBJECTIVE,OBJECTIVES,To determine if inhaled corticosteroid cessation increases acute exacerbation risk in moderate COPD. (Trial registration: NCT010001796).
843,10001722,METHODS,METHODS,Participants were randomly allocated (1:1) using computer-generated block randomization to receive drug A or placebo. (Stratified cluster 843).
844,10001035,RESULTS,RESULTS,"The 12-month relapse rate was significantly lower in the combined therapy arm (18.2% vs 34.6%, HR: 0.48, 9: 0.31-0.75). (Confidence interval 95%, n=2158)."
845,10001060,BACKGROUND,BACKGROUND,Chronic obstructive pulmonary disease exacerbations frequently lead to hospital readmission and increased mortality. (Cohort identifier: 845).
846,10001617,OBJECTIVE,OBJECTIVES,To evaluate the efficacy and safety of once-weekly semaglutide compared to daily sitagliptin in adults. (Trial registration: NCT010001617).
847,10001891,METHODS,METHODS,Primary endpoint was change in mean arterial pressure measured at 12 weeks post-randomization. (Stratified cluster 847).
848,10001414,RESULTS,RESULTS,"Semaglutide significantly reduced mean HbA1c by -1.5% compared to -0.8% with sitagliptin (p < 0.001). (Confidence interval 95%, n=971)."
849,10001725,BACKGROUND,BACKGROUND,Major depressive disorder is a pervasive mental health condition with substantial socioeconomic burden. (Cohort identifier: 849).
850,10001147,OBJECTIVE,OBJECTIVES,This randomized controlled trial aimed to compare low-dose combination therapy against standard monotherapy. (Trial registration: NCT010001147).
851,10001460,METHODS,METHODS,"A multi-center, double-blind, randomized controlled trial enrolled 1,200 adult patients across 45 clinical sites. (Stratified cluster 851)."
852,10001317,RESULTS,RESULTS,"The 12-month relapse rate was significantly lower in the combined therapy arm (18.2% vs 34.6%, HR: 0.48, 9: 0.31-0.75). (Confidence interval 95%, n=1745)."
853,10001170,BACKGROUND,BACKGROUND,Major depressive disorder is a pervasive mental health condition with substantial socioeconomic burden. (Cohort identifier: 853).
854,10001490,OBJECTIVE,OBJECTIVES,This randomized controlled trial aimed to compare low-dose combination therapy against standard monotherapy. (Trial registration: NCT010001490).
855,10001730,METHODS,METHODS,Participants were randomly allocated (1:1) using computer-generated block randomization to receive drug A or placebo. (Stratified cluster 855).
856,10001149,RESULTS,RESULTS,"Combination therapy achieved target blood pressure control in 78.4% of patients compared to 54.2% in the monotherapy group. (Confidence interval 95%, n=1823)."
857,10001868,BACKGROUND,BACKGROUND,Postoperative pain management following major orthopedic surgery is critical for early patient mobilization. (Cohort identifier: 857).
858,10001423,OBJECTIVE,OBJECTIVES,To evaluate the efficacy and safety of once-weekly semaglutide compared to daily sitagliptin in adults. (Trial registration: NCT010001423).
859,10001710,METHODS,METHODS,"A multi-center, double-blind, randomized controlled trial enrolled 1,200 adult patients across 45 clinical sites. (Stratified cluster 859)."
860,10001965,RESULTS,RESULTS,"The 12-month relapse rate was significantly lower in the combined therapy arm (18.2% vs 34.6%, HR: 0.48, 9: 0.31-0.75). (Confidence interval 95%, n=1928)."
861,10001434,BACKGROUND,BACKGROUND,Chronic obstructive pulmonary disease exacerbations frequently lead to hospital readmission and increased mortality. (Cohort identifier: 861).
862,10001964,OBJECTIVE,OBJECTIVES,The primary aim was to assess the analgesic effectiveness of intravenous dexamethasone versus placebo. (Trial registration: NCT010001964).
863,10001275,METHODS,METHODS,Statistical analyses followed the intention-to-treat principle using mixed-effects linear regression models. (Stratified cluster 863).
864,10001416,RESULTS,RESULTS,"Combination therapy achieved target blood pressure control in 78.4% of patients compared to 54.2% in the monotherapy group. (Confidence interval 95%, n=726)."
865,10001491,BACKGROUND,BACKGROUND,Type 2 diabetes mellitus is a major chronic metabolic disorder associated with high cardiovascular mortality. (Cohort identifier: 865).
866,10001453,OBJECTIVE,OBJECTIVES,This randomized controlled trial aimed to compare low-dose combination therapy against standard monotherapy. (Trial registration: NCT010001453).
867,10001840,METHODS,METHODS,Eligible participants aged 18-75 years with documented HbA1c > 8.0% underwent 24 weeks of active treatment. (Stratified cluster 867).
868,10001651,RESULTS,RESULTS,"The 12-month relapse rate was significantly lower in the combined therapy arm (18.2% vs 34.6%, HR: 0.48, 9: 0.31-0.75). (Confidence interval 95%, n=2332)."
869,10001478,BACKGROUND,BACKGROUND,Chronic obstructive pulmonary disease exacerbations frequently lead to hospital readmission and increased mortality. (Cohort identifier: 869).
870,10001078,OBJECTIVE,OBJECTIVES,To evaluate the efficacy and safety of once-weekly semaglutide compared to daily sitagliptin in adults. (Trial registration: NCT010001078).
871,10001677,METHODS,METHODS,"A multi-center, double-blind, randomized controlled trial enrolled 1,200 adult patients across 45 clinical sites. (Stratified cluster 871)."
872,10001714,RESULTS,RESULTS,"Combination therapy achieved target blood pressure control in 78.4% of patients compared to 54.2% in the monotherapy group. (Confidence interval 95%, n=1721)."
873,10001126,BACKGROUND,BACKGROUND,Chronic obstructive pulmonary disease exacerbations frequently lead to hospital readmission and increased mortality. (Cohort identifier: 873).
874,10001454,OBJECTIVE,OBJECTIVES,We investigated whether cognitive behavioral therapy reduces relapse rates compared to standard pharmacotherapy. (Trial registration: NCT010001454).
875,10001666,METHODS,METHODS,"A multi-center, double-blind, randomized controlled trial enrolled 1,200 adult patients across 45 clinical sites. (Stratified cluster 875)."
876,10001834,RESULTS,RESULTS,"No statistically significant difference in serious adverse events was observed between the active drug and placebo arms. (Confidence interval 95%, n=857)."
877,10001050,BACKGROUND,BACKGROUND,Postoperative pain management following major orthopedic surgery is critical for early patient mobilization. (Cohort identifier: 877).
878,10001002,OBJECTIVE,OBJECTIVES,We investigated whether cognitive behavioral therapy reduces relapse rates compared to standard pharmacotherapy. (Trial registration: NCT010001002).
879,10001070,METHODS,METHODS,Eligible participants aged 18-75 years with documented HbA1c > 8.0% underwent 24 weeks of active treatment. (Stratified cluster 879).
880,10001773,RESULTS,RESULTS,"No statistically significant difference in serious adverse events was observed between the active drug and placebo arms. (Confidence interval 95%, n=1795)."
881,10001686,BACKGROUND,BACKGROUND,Hypertension remains the leading preventable cause of cardiovascular disease and premature death worldwide. (Cohort identifier: 881).
882,10001434,OBJECTIVE,OBJECTIVES,This randomized controlled trial aimed to compare low-dose combination therapy against standard monotherapy. (Trial registration: NCT010001434).
883,10001537,METHODS,METHODS,"A multi-center, double-blind, randomized controlled trial enrolled 1,200 adult patients across 45 clinical sites. (Stratified cluster 883)."
884,10001195,RESULTS,RESULTS,"No statistically significant difference in serious adverse events was observed between the active drug and placebo arms. (Confidence interval 95%, n=662)."
885,10001226,BACKGROUND,BACKGROUND,Hypertension remains the leading preventable cause of cardiovascular disease and premature death worldwide. (Cohort identifier: 885).
886,10001759,OBJECTIVE,OBJECTIVES,To determine if inhaled corticosteroid cessation increases acute exacerbation risk in moderate COPD. (Trial registration: NCT010001759).
887,10001737,METHODS,METHODS,"A multi-center, double-blind, randomized controlled trial enrolled 1,200 adult patients across 45 clinical sites. (Stratified cluster 887)."
888,10001571,RESULTS,RESULTS,"No statistically significant difference in serious adverse events was observed between the active drug and placebo arms. (Confidence interval 95%, n=1770)."
889,10001878,BACKGROUND,BACKGROUND,Type 2 diabetes mellitus is a major chronic metabolic disorder associated with high cardiovascular mortality. (Cohort identifier: 889).
890,10001857,OBJECTIVE,OBJECTIVES,The primary aim was to assess the analgesic effectiveness of intravenous dexamethasone versus placebo. (Trial registration: NCT010001857).
891,10001207,METHODS,METHODS,Eligible participants aged 18-75 years with documented HbA1c > 8.0% underwent 24 weeks of active treatment. (Stratified cluster 891).
892,10001615,RESULTS,RESULTS,"Mean postoperative pain scores at 24 hours were significantly reduced in the intervention group (2.1 vs 4.8, p = 0.002). (Confidence interval 95%, n=2455)."
893,10001812,BACKGROUND,BACKGROUND,Major depressive disorder is a pervasive mental health condition with substantial socioeconomic burden. (Cohort identifier: 893).
894,10001778,OBJECTIVE,OBJECTIVES,To evaluate the efficacy and safety of once-weekly semaglutide compared to daily sitagliptin in adults. (Trial registration: NCT010001778).
895,10001954,METHODS,METHODS,Eligible participants aged 18-75 years with documented HbA1c > 8.0% underwent 24 weeks of active treatment. (Stratified cluster 895).
896,10001740,RESULTS,RESULTS,"The 12-month relapse rate was significantly lower in the combined therapy arm (18.2% vs 34.6%, HR: 0.48, 9: 0.31-0.75). (Confidence interval 95%, n=2025)."
897,10001163,BACKGROUND,BACKGROUND,Postoperative pain management following major orthopedic surgery is critical for early patient mobilization. (Cohort identifier: 897).
898,10001314,OBJECTIVE,OBJECTIVES,We investigated whether cognitive behavioral therapy reduces relapse rates compared to standard pharmacotherapy. (Trial registration: NCT010001314).
899,10001779,METHODS,METHODS,Participants were randomly allocated (1:1) using computer-generated block randomization to receive drug A or placebo. (Stratified cluster 899).
900,10001320,RESULTS,RESULTS,"The 12-month relapse rate was significantly lower in the combined therapy arm (18.2% vs 34.6%, HR: 0.48, 9: 0.31-0.75). (Confidence interval 95%, n=1619)."
901,10001936,BACKGROUND,BACKGROUND,Postoperative pain management following major orthopedic surgery is critical for early patient mobilization. (Cohort identifier: 901).
902,10001430,OBJECTIVE,OBJECTIVES,This randomized controlled trial aimed to compare low-dose combination therapy against standard monotherapy. (Trial registration: NCT010001430).
903,10001337,METHODS,METHODS,Eligible participants aged 18-75 years with documented HbA1c > 8.0% underwent 24 weeks of active treatment. (Stratified cluster 903).
904,10001096,RESULTS,RESULTS,"Combination therapy achieved target blood pressure control in 78.4% of patients compared to 54.2% in the monotherapy group. (Confidence interval 95%, n=1579)."
905,10001111,BACKGROUND,BACKGROUND,Hypertension remains the leading preventable cause of cardiovascular disease and premature death worldwide. (Cohort identifier: 905).
906,10001480,OBJECTIVE,OBJECTIVES,We investigated whether cognitive behavioral therapy reduces relapse rates compared to standard pharmacotherapy. (Trial registration: NCT010001480).
907,10001783,METHODS,METHODS,Eligible participants aged 18-75 years with documented HbA1c > 8.0% underwent 24 weeks of active treatment. (Stratified cluster 907).
908,10001465,RESULTS,RESULTS,"The 12-month relapse rate was significantly lower in the combined therapy arm (18.2% vs 34.6%, HR: 0.48, 9: 0.31-0.75). (Confidence interval 95%, n=825)."
909,10001083,BACKGROUND,BACKGROUND,Hypertension remains the leading preventable cause of cardiovascular disease and premature death worldwide. (Cohort identifier: 909).
910,10001322,OBJECTIVE,OBJECTIVES,To determine if inhaled corticosteroid cessation increases acute exacerbation risk in moderate COPD. (Trial registration: NCT010001322).
911,10001962,METHODS,METHODS,Participants were randomly allocated (1:1) using computer-generated block randomization to receive drug A or placebo. (Stratified cluster 911).
912,10001152,RESULTS,RESULTS,"Combination therapy achieved target blood pressure control in 78.4% of patients compared to 54.2% in the monotherapy group. (Confidence interval 95%, n=1628)."
913,10001777,BACKGROUND,BACKGROUND,Hypertension remains the leading preventable cause of cardiovascular disease and premature death worldwide. (Cohort identifier: 913).
914,10001370,OBJECTIVE,OBJECTIVES,The primary aim was to assess the analgesic effectiveness of intravenous dexamethasone versus placebo. (Trial registration: NCT010001370).
915,10001037,METHODS,METHODS,Statistical analyses followed the intention-to-treat principle using mixed-effects linear regression models. (Stratified cluster 915).
916,10001093,RESULTS,RESULTS,"Combination therapy achieved target blood pressure control in 78.4% of patients compared to 54.2% in the monotherapy group. (Confidence interval 95%, n=333)."
917,10001440,BACKGROUND,BACKGROUND,Type 2 diabetes mellitus is a major chronic metabolic disorder associated with high cardiovascular mortality. (Cohort identifier: 917).
918,10001396,OBJECTIVE,OBJECTIVES,To determine if inhaled corticosteroid cessation increases acute exacerbation risk in moderate COPD. (Trial registration: NCT010001396).
919,10001043,METHODS,METHODS,Eligible participants aged 18-75 years with documented HbA1c > 8.0% underwent 24 weeks of active treatment. (Stratified cluster 919).
920,10001320,RESULTS,RESULTS,"Semaglutide significantly reduced mean HbA1c by -1.5% compared to -0.8% with sitagliptin (p < 0.001). (Confidence interval 95%, n=2155)."
921,10001742,BACKGROUND,BACKGROUND,Chronic obstructive pulmonary disease exacerbations frequently lead to hospital readmission and increased mortality. (Cohort identifier: 921).
922,10001548,OBJECTIVE,OBJECTIVES,The primary aim was to assess the analgesic effectiveness of intravenous dexamethasone versus placebo. (Trial registration: NCT010001548).
923,10001832,METHODS,METHODS,Participants were randomly allocated (1:1) using computer-generated block randomization to receive drug A or placebo. (Stratified cluster 923).
924,10001004,RESULTS,RESULTS,"The 12-month relapse rate was significantly lower in the combined therapy arm (18.2% vs 34.6%, HR: 0.48, 9: 0.31-0.75). (Confidence interval 95%, n=875)."
925,10001272,BACKGROUND,BACKGROUND,Type 2 diabetes mellitus is a major chronic metabolic disorder associated with high cardiovascular mortality. (Cohort identifier: 925).
926,10001141,OBJECTIVE,OBJECTIVES,This randomized controlled trial aimed to compare low-dose combination therapy against standard monotherapy. (Trial registration: NCT010001141).
927,10001136,METHODS,METHODS,Primary endpoint was change in mean arterial pressure measured at 12 weeks post-randomization. (Stratified cluster 927).
928,10001257,RESULTS,RESULTS,"Combination therapy achieved target blood pressure control in 78.4% of patients compared to 54.2% in the monotherapy group. (Confidence interval 95%, n=1374)."
929,10001209,BACKGROUND,BACKGROUND,Type 2 diabetes mellitus is a major chronic metabolic disorder associated with high cardiovascular mortality. (Cohort identifier: 929).
930,10001589,OBJECTIVE,OBJECTIVES,The primary aim was to assess the analgesic effectiveness of intravenous dexamethasone versus placebo. (Trial registration: NCT010001589).
931,10001789,METHODS,METHODS,Eligible participants aged 18-75 years with documented HbA1c > 8.0% underwent 24 weeks of active treatment. (Stratified cluster 931).
932,10001991,RESULTS,RESULTS,"No statistically significant difference in serious adverse events was observed between the active drug and placebo arms. (Confidence interval 95%, n=1937)."
933,10001589,BACKGROUND,BACKGROUND,Major depressive disorder is a pervasive mental health condition with substantial socioeconomic burden. (Cohort identifier: 933).
934,10001084,OBJECTIVE,OBJECTIVES,This randomized controlled trial aimed to compare low-dose combination therapy against standard monotherapy. (Trial registration: NCT010001084).
935,10001080,METHODS,METHODS,Participants were randomly allocated (1:1) using computer-generated block randomization to receive drug A or placebo. (Stratified cluster 935).
936,10001705,RESULTS,RESULTS,"Combination therapy achieved target blood pressure control in 78.4% of patients compared to 54.2% in the monotherapy group. (Confidence interval 95%, n=706)."
937,10001233,BACKGROUND,BACKGROUND,Hypertension remains the leading preventable cause of cardiovascular disease and premature death worldwide. (Cohort identifier: 937).
938,10001928,OBJECTIVE,OBJECTIVES,We investigated whether cognitive behavioral therapy reduces relapse rates compared to standard pharmacotherapy. (Trial registration: NCT010001928).
939,10001079,METHODS,METHODS,Participants were randomly allocated (1:1) using computer-generated block randomization to receive drug A or placebo. (Stratified cluster 939).
940,10001134,RESULTS,RESULTS,"Combination therapy achieved target blood pressure control in 78.4% of patients compared to 54.2% in the monotherapy group. (Confidence interval 95%, n=2446)."
941,10001624,BACKGROUND,BACKGROUND,Type 2 diabetes mellitus is a major chronic metabolic disorder associated with high cardiovascular mortality. (Cohort identifier: 941).
942,10001088,OBJECTIVE,OBJECTIVES,This randomized controlled trial aimed to compare low-dose combination therapy against standard monotherapy. (Trial registration: NCT010001088).
943,10001005,METHODS,METHODS,Statistical analyses followed the intention-to-treat principle using mixed-effects linear regression models. (Stratified cluster 943).
944,10001887,RESULTS,RESULTS,"Mean postoperative pain scores at 24 hours were significantly reduced in the intervention group (2.1 vs 4.8, p = 0.002). (Confidence interval 95%, n=1312)."
945,10001801,BACKGROUND,BACKGROUND,Type 2 diabetes mellitus is a major chronic metabolic disorder associated with high cardiovascular mortality. (Cohort identifier: 945).
946,10001210,OBJECTIVE,OBJECTIVES,The primary aim was to assess the analgesic effectiveness of intravenous dexamethasone versus placebo. (Trial registration: NCT010001210).
947,10001666,METHODS,METHODS,Statistical analyses followed the intention-to-treat principle using mixed-effects linear regression models. (Stratified cluster 947).
948,10001113,RESULTS,RESULTS,"Combination therapy achieved target blood pressure control in 78.4% of patients compared to 54.2% in the monotherapy group. (Confidence interval 95%, n=2386)."
949,10001811,BACKGROUND,BACKGROUND,Postoperative pain management following major orthopedic surgery is critical for early patient mobilization. (Cohort identifier: 949).
950,10001620,OBJECTIVE,OBJECTIVES,The primary aim was to assess the analgesic effectiveness of intravenous dexamethasone versus placebo. (Trial registration: NCT010001620).
951,10001621,METHODS,METHODS,Primary endpoint was change in mean arterial pressure measured at 12 weeks post-randomization. (Stratified cluster 951).
952,10001793,RESULTS,RESULTS,"Mean postoperative pain scores at 24 hours were significantly reduced in the intervention group (2.1 vs 4.8, p = 0.002). (Confidence interval 95%, n=1380)."
953,10001604,BACKGROUND,BACKGROUND,Postoperative pain management following major orthopedic surgery is critical for early patient mobilization. (Cohort identifier: 953).
954,10001423,OBJECTIVE,OBJECTIVES,To determine if inhaled corticosteroid cessation increases acute exacerbation risk in moderate COPD. (Trial registration: NCT010001423).
955,10001955,METHODS,METHODS,"A multi-center, double-blind, randomized controlled trial enrolled 1,200 adult patients across 45 clinical sites. (Stratified cluster 955)."
956,10001305,RESULTS,RESULTS,"Semaglutide significantly reduced mean HbA1c by -1.5% compared to -0.8% with sitagliptin (p < 0.001). (Confidence interval 95%, n=904)."
957,10001013,BACKGROUND,BACKGROUND,Hypertension remains the leading preventable cause of cardiovascular disease and premature death worldwide. (Cohort identifier: 957).
958,10001285,OBJECTIVE,OBJECTIVES,We investigated whether cognitive behavioral therapy reduces relapse rates compared to standard pharmacotherapy. (Trial registration: NCT010001285).
959,10001766,METHODS,METHODS,"A multi-center, double-blind, randomized controlled trial enrolled 1,200 adult patients across 45 clinical sites. (Stratified cluster 959)."
960,10001091,RESULTS,RESULTS,"The 12-month relapse rate was significantly lower in the combined therapy arm (18.2% vs 34.6%, HR: 0.48, 9: 0.31-0.75). (Confidence interval 95%, n=1513)."
961,10001949,BACKGROUND,BACKGROUND,Type 2 diabetes mellitus is a major chronic metabolic disorder associated with high cardiovascular mortality. (Cohort identifier: 961).
962,10001929,OBJECTIVE,OBJECTIVES,The primary aim was to assess the analgesic effectiveness of intravenous dexamethasone versus placebo. (Trial registration: NCT010001929).
963,10001456,METHODS,METHODS,Participants were randomly allocated (1:1) using computer-generated block randomization to receive drug A or placebo. (Stratified cluster 963).
964,10001822,RESULTS,RESULTS,"No statistically significant difference in serious adverse events was observed between the active drug and placebo arms. (Confidence interval 95%, n=434)."
965,10001724,BACKGROUND,BACKGROUND,Postoperative pain management following major orthopedic surgery is critical for early patient mobilization. (Cohort identifier: 965).
966,10001379,OBJECTIVE,OBJECTIVES,To evaluate the efficacy and safety of once-weekly semaglutide compared to daily sitagliptin in adults. (Trial registration: NCT010001379).
967,10001439,METHODS,METHODS,Primary endpoint was change in mean arterial pressure measured at 12 weeks post-randomization. (Stratified cluster 967).
968,10001717,RESULTS,RESULTS,"The 12-month relapse rate was significantly lower in the combined therapy arm (18.2% vs 34.6%, HR: 0.48, 9: 0.31-0.75). (Confidence interval 95%, n=636)."
969,10001680,BACKGROUND,BACKGROUND,Chronic obstructive pulmonary disease exacerbations frequently lead to hospital readmission and increased mortality. (Cohort identifier: 969).
970,10001737,OBJECTIVE,OBJECTIVES,To determine if inhaled corticosteroid cessation increases acute exacerbation risk in moderate COPD. (Trial registration: NCT010001737).
971,10001531,METHODS,METHODS,"A multi-center, double-blind, randomized controlled trial enrolled 1,200 adult patients across 45 clinical sites. (Stratified cluster 971)."
972,10001770,RESULTS,RESULTS,"Mean postoperative pain scores at 24 hours were significantly reduced in the intervention group (2.1 vs 4.8, p = 0.002). (Confidence interval 95%, n=1207)."
973,10001694,BACKGROUND,BACKGROUND,Hypertension remains the leading preventable cause of cardiovascular disease and premature death worldwide. (Cohort identifier: 973).
974,10001287,OBJECTIVE,OBJECTIVES,This randomized controlled trial aimed to compare low-dose combination therapy against standard monotherapy. (Trial registration: NCT010001287).
975,10001852,METHODS,METHODS,Eligible participants aged 18-75 years with documented HbA1c > 8.0% underwent 24 weeks of active treatment. (Stratified cluster 975).
976,10001618,RESULTS,RESULTS,"No statistically significant difference in serious adverse events was observed between the active drug and placebo arms. (Confidence interval 95%, n=1160)."
977,10001900,BACKGROUND,BACKGROUND,Hypertension remains the leading preventable cause of cardiovascular disease and premature death worldwide. (Cohort identifier: 977).
978,10001566,OBJECTIVE,OBJECTIVES,This randomized controlled trial aimed to compare low-dose combination therapy against standard monotherapy. (Trial registration: NCT010001566).
979,10001141,METHODS,METHODS,Eligible participants aged 18-75 years with documented HbA1c > 8.0% underwent 24 weeks of active treatment. (Stratified cluster 979).
980,10001965,RESULTS,RESULTS,"No statistically significant difference in serious adverse events was observed between the active drug and placebo arms. (Confidence interval 95%, n=1100)."
981,10001932,BACKGROUND,BACKGROUND,Type 2 diabetes mellitus is a major chronic metabolic disorder associated with high cardiovascular mortality. (Cohort identifier: 981).
982,10001091,OBJECTIVE,OBJECTIVES,The primary aim was to assess the analgesic effectiveness of intravenous dexamethasone versus placebo. (Trial registration: NCT010001091).
983,10001883,METHODS,METHODS,Statistical analyses followed the intention-to-treat principle using mixed-effects linear regression models. (Stratified cluster 983).
984,10001961,RESULTS,RESULTS,"The 12-month relapse rate was significantly lower in the combined therapy arm (18.2% vs 34.6%, HR: 0.48, 9: 0.31-0.75). (Confidence interval 95%, n=2410)."
985,10001617,BACKGROUND,BACKGROUND,Postoperative pain management following major orthopedic surgery is critical for early patient mobilization. (Cohort identifier: 985).
986,10001971,OBJECTIVE,OBJECTIVES,The primary aim was to assess the analgesic effectiveness of intravenous dexamethasone versus placebo. (Trial registration: NCT010001971).
987,10001970,METHODS,METHODS,"A multi-center, double-blind, randomized controlled trial enrolled 1,200 adult patients across 45 clinical sites. (Stratified cluster 987)."
988,10001188,RESULTS,RESULTS,"Semaglutide significantly reduced mean HbA1c by -1.5% compared to -0.8% with sitagliptin (p < 0.001). (Confidence interval 95%, n=2404)."
989,10001447,BACKGROUND,BACKGROUND,Major depressive disorder is a pervasive mental health condition with substantial socioeconomic burden. (Cohort identifier: 989).
990,10001756,OBJECTIVE,OBJECTIVES,We investigated whether cognitive behavioral therapy reduces relapse rates compared to standard pharmacotherapy. (Trial registration: NCT010001756).
991,10001831,METHODS,METHODS,Participants were randomly allocated (1:1) using computer-generated block randomization to receive drug A or placebo. (Stratified cluster 991).
992,10001943,RESULTS,RESULTS,"Semaglutide significantly reduced mean HbA1c by -1.5% compared to -0.8% with sitagliptin (p < 0.001). (Confidence interval 95%, n=1533)."
993,10001563,BACKGROUND,BACKGROUND,Chronic obstructive pulmonary disease exacerbations frequently lead to hospital readmission and increased mortality. (Cohort identifier: 993).
994,10001322,OBJECTIVE,OBJECTIVES,To determine if inhaled corticosteroid cessation increases acute exacerbation risk in moderate COPD. (Trial registration: NCT010001322).
995,10001840,METHODS,METHODS,Participants were randomly allocated (1:1) using computer-generated block randomization to receive drug A or placebo. (Stratified cluster 995).
996,10001502,RESULTS,RESULTS,"The 12-month relapse rate was significantly lower in the combined therapy arm (18.2% vs 34.6%, HR: 0.48, 9: 0.31-0.75). (Confidence interval 95%, n=1013)."
997,10001271,BACKGROUND,BACKGROUND,Postoperative pain management following major orthopedic surgery is critical for early patient mobilization. (Cohort identifier: 997).
998,10001486,OBJECTIVE,OBJECTIVES,The primary aim was to assess the analgesic effectiveness of intravenous dexamethasone versus placebo. (Trial registration: NCT010001486).
999,10001167,METHODS,METHODS,Primary endpoint was change in mean arterial pressure measured at 12 weeks post-randomization. (Stratified cluster 999).
1000,10001405,RESULTS,RESULTS,"Combination therapy achieved target blood pressure control in 78.4% of patients compared to 54.2% in the monotherapy group. (Confidence interval 95%, n=1049)."
1001,10001185,BACKGROUND,BACKGROUND,Postoperative pain management following major orthopedic surgery is critical for early patient mobilization. (Cohort identifier: 1001).
1002,10001913,OBJECTIVE,OBJECTIVES,To evaluate the efficacy and safety of once-weekly semaglutide compared to daily sitagliptin in adults. (Trial registration: NCT010001913).
1003,10001666,METHODS,METHODS,Eligible participants aged 18-75 years with documented HbA1c > 8.0% underwent 24 weeks of active treatment. (Stratified cluster 1003).
1004,10001779,RESULTS,RESULTS,"Combination therapy achieved target blood pressure control in 78.4% of patients compared to 54.2% in the monotherapy group. (Confidence interval 95%, n=2320)."
1005,10001937,BACKGROUND,BACKGROUND,Type 2 diabetes mellitus is a major chronic metabolic disorder associated with high cardiovascular mortality. (Cohort identifier: 1005).
1006,10001444,OBJECTIVE,OBJECTIVES,To determine if inhaled corticosteroid cessation increases acute exacerbation risk in moderate COPD. (Trial registration: NCT010001444).
1007,10001989,METHODS,METHODS,"A multi-center, double-blind, randomized controlled trial enrolled 1,200 adult patients across 45 clinical sites. (Stratified cluster 1007)."
1008,10001958,RESULTS,RESULTS,"Semaglutide significantly reduced mean HbA1c by -1.5% compared to -0.8% with sitagliptin (p < 0.001). (Confidence interval 95%, n=536)."
1009,10001016,BACKGROUND,BACKGROUND,Postoperative pain management following major orthopedic surgery is critical for early patient mobilization. (Cohort identifier: 1009).
1010,10001094,OBJECTIVE,OBJECTIVES,We investigated whether cognitive behavioral therapy reduces relapse rates compared to standard pharmacotherapy. (Trial registration: NCT010001094).
1011,10001951,METHODS,METHODS,Primary endpoint was change in mean arterial pressure measured at 12 weeks post-randomization. (Stratified cluster 1011).
1012,10001429,RESULTS,RESULTS,"Mean postoperative pain scores at 24 hours were significantly reduced in the intervention group (2.1 vs 4.8, p = 0.002). (Confidence interval 95%, n=230)."
1013,10001742,BACKGROUND,BACKGROUND,Major depressive disorder is a pervasive mental health condition with substantial socioeconomic burden. (Cohort identifier: 1013).
1014,10001353,OBJECTIVE,OBJECTIVES,To evaluate the efficacy and safety of once-weekly semaglutide compared to daily sitagliptin in adults. (Trial registration: NCT010001353).
1015,10001005,METHODS,METHODS,Primary endpoint was change in mean arterial pressure measured at 12 weeks post-randomization. (Stratified cluster 1015).
1016,10001420,RESULTS,RESULTS,"No statistically significant difference in serious adverse events was observed between the active drug and placebo arms. (Confidence interval 95%, n=2325)."
1017,10001095,BACKGROUND,BACKGROUND,Chronic obstructive pulmonary disease exacerbations frequently lead to hospital readmission and increased mortality. (Cohort identifier: 1017).
1018,10001107,OBJECTIVE,OBJECTIVES,The primary aim was to assess the analgesic effectiveness of intravenous dexamethasone versus placebo. (Trial registration: NCT010001107).
1019,10001934,METHODS,METHODS,Statistical analyses followed the intention-to-treat principle using mixed-effects linear regression models. (Stratified cluster 1019).
1020,10001857,RESULTS,RESULTS,"The 12-month relapse rate was significantly lower in the combined therapy arm (18.2% vs 34.6%, HR: 0.48, 9: 0.31-0.75). (Confidence interval 95%, n=626)."
1021,10001660,BACKGROUND,BACKGROUND,Hypertension remains the leading preventable cause of cardiovascular disease and premature death worldwide. (Cohort identifier: 1021).
1022,10001114,OBJECTIVE,OBJECTIVES,To determine if inhaled corticosteroid cessation increases acute exacerbation risk in moderate COPD. (Trial registration: NCT010001114).
1023,10001182,METHODS,METHODS,Participants were randomly allocated (1:1) using computer-generated block randomization to receive drug A or placebo. (Stratified cluster 1023).
1024,10001158,RESULTS,RESULTS,"No statistically significant difference in serious adverse events was observed between the active drug and placebo arms. (Confidence interval 95%, n=832)."
1025,10001295,BACKGROUND,BACKGROUND,Major depressive disorder is a pervasive mental health condition with substantial socioeconomic burden. (Cohort identifier: 1025).
1026,10001933,OBJECTIVE,OBJECTIVES,We investigated whether cognitive behavioral therapy reduces relapse rates compared to standard pharmacotherapy. (Trial registration: NCT010001933).
1027,10001510,METHODS,METHODS,Eligible participants aged 18-75 years with documented HbA1c > 8.0% underwent 24 weeks of active treatment. (Stratified cluster 1027).
1028,10001030,RESULTS,RESULTS,"Semaglutide significantly reduced mean HbA1c by -1.5% compared to -0.8% with sitagliptin (p < 0.001). (Confidence interval 95%, n=1319)."
1029,10001059,BACKGROUND,BACKGROUND,Postoperative pain management following major orthopedic surgery is critical for early patient mobilization. (Cohort identifier: 1029).
1030,10001739,OBJECTIVE,OBJECTIVES,To determine if inhaled corticosteroid cessation increases acute exacerbation risk in moderate COPD. (Trial registration: NCT010001739).
1031,10001396,METHODS,METHODS,"A multi-center, double-blind, randomized controlled trial enrolled 1,200 adult patients across 45 clinical sites. (Stratified cluster 1031)."
1032,10001540,RESULTS,RESULTS,"The 12-month relapse rate was significantly lower in the combined therapy arm (18.2% vs 34.6%, HR: 0.48, 9: 0.31-0.75). (Confidence interval 95%, n=1781)."
1033,10001357,BACKGROUND,BACKGROUND,Hypertension remains the leading preventable cause of cardiovascular disease and premature death worldwide. (Cohort identifier: 1033).
1034,10001998,OBJECTIVE,OBJECTIVES,This randomized controlled trial aimed to compare low-dose combination therapy against standard monotherapy. (Trial registration: NCT010001998).
1035,10001113,METHODS,METHODS,Eligible participants aged 18-75 years with documented HbA1c > 8.0% underwent 24 weeks of active treatment. (Stratified cluster 1035).
1036,10001204,RESULTS,RESULTS,"Combination therapy achieved target blood pressure control in 78.4% of patients compared to 54.2% in the monotherapy group. (Confidence interval 95%, n=1937)."
1037,10001123,BACKGROUND,BACKGROUND,Chronic obstructive pulmonary disease exacerbations frequently lead to hospital readmission and increased mortality. (Cohort identifier: 1037).
1038,10001817,OBJECTIVE,OBJECTIVES,To evaluate the efficacy and safety of once-weekly semaglutide compared to daily sitagliptin in adults. (Trial registration: NCT010001817).
1039,10001331,METHODS,METHODS,"A multi-center, double-blind, randomized controlled trial enrolled 1,200 adult patients across 45 clinical sites. (Stratified cluster 1039)."
1040,10001950,RESULTS,RESULTS,"Combination therapy achieved target blood pressure control in 78.4% of patients compared to 54.2% in the monotherapy group. (Confidence interval 95%, n=2157)."
1041,10001500,BACKGROUND,BACKGROUND,Type 2 diabetes mellitus is a major chronic metabolic disorder associated with high cardiovascular mortality. (Cohort identifier: 1041).
1042,10001338,OBJECTIVE,OBJECTIVES,To determine if inhaled corticosteroid cessation increases acute exacerbation risk in moderate COPD. (Trial registration: NCT010001338).
1043,10001215,METHODS,METHODS,Statistical analyses followed the intention-to-treat principle using mixed-effects linear regression models. (Stratified cluster 1043).
1044,10001774,RESULTS,RESULTS,"No statistically significant difference in serious adverse events was observed between the active drug and placebo arms. (Confidence interval 95%, n=1668)."
1045,10001107,BACKGROUND,BACKGROUND,Chronic obstructive pulmonary disease exacerbations frequently lead to hospital readmission and increased mortality. (Cohort identifier: 1045).
1046,10001322,OBJECTIVE,OBJECTIVES,To evaluate the efficacy and safety of once-weekly semaglutide compared to daily sitagliptin in adults. (Trial registration: NCT010001322).
1047,10001445,METHODS,METHODS,Eligible participants aged 18-75 years with documented HbA1c > 8.0% underwent 24 weeks of active treatment. (Stratified cluster 1047).
1048,10001485,RESULTS,RESULTS,"Combination therapy achieved target blood pressure control in 78.4% of patients compared to 54.2% in the monotherapy group. (Confidence interval 95%, n=2081)."
1049,10001534,BACKGROUND,BACKGROUND,Major depressive disorder is a pervasive mental health condition with substantial socioeconomic burden. (Cohort identifier: 1049).
1050,10001583,OBJECTIVE,OBJECTIVES,The primary aim was to assess the analgesic effectiveness of intravenous dexamethasone versus placebo. (Trial registration: NCT010001583).
1051,10001491,METHODS,METHODS,Participants were randomly allocated (1:1) using computer-generated block randomization to receive drug A or placebo. (Stratified cluster 1051).
1052,10001272,RESULTS,RESULTS,"No statistically significant difference in serious adverse events was observed between the active drug and placebo arms. (Confidence interval 95%, n=2132)."
1053,10001806,BACKGROUND,BACKGROUND,Major depressive disorder is a pervasive mental health condition with substantial socioeconomic burden. (Cohort identifier: 1053).
1054,10001300,OBJECTIVE,OBJECTIVES,To determine if inhaled corticosteroid cessation increases acute exacerbation risk in moderate COPD. (Trial registration: NCT010001300).
1055,10001415,METHODS,METHODS,Statistical analyses followed the intention-to-treat principle using mixed-effects linear regression models. (Stratified cluster 1055).
1056,10001379,RESULTS,RESULTS,"Mean postoperative pain scores at 24 hours were significantly reduced in the intervention group (2.1 vs 4.8, p = 0.002). (Confidence interval 95%, n=790)."
1057,10001508,BACKGROUND,BACKGROUND,Major depressive disorder is a pervasive mental health condition with substantial socioeconomic burden. (Cohort identifier: 1057).
1058,10001569,OBJECTIVE,OBJECTIVES,To evaluate the efficacy and safety of once-weekly semaglutide compared to daily sitagliptin in adults. (Trial registration: NCT010001569).
1059,10001894,METHODS,METHODS,"A multi-center, double-blind, randomized controlled trial enrolled 1,200 adult patients across 45 clinical sites. (Stratified cluster 1059)."
1060,10001417,RESULTS,RESULTS,"Semaglutide significantly reduced mean HbA1c by -1.5% compared to -0.8% with sitagliptin (p < 0.001). (Confidence interval 95%, n=1165)."
1061,10001125,BACKGROUND,BACKGROUND,Chronic obstructive pulmonary disease exacerbations frequently lead to hospital readmission and increased mortality. (Cohort identifier: 1061).
1062,10001477,OBJECTIVE,OBJECTIVES,This randomized controlled trial aimed to compare low-dose combination therapy against standard monotherapy. (Trial registration: NCT010001477).
1063,10001231,METHODS,METHODS,Eligible participants aged 18-75 years with documented HbA1c > 8.0% underwent 24 weeks of active treatment. (Stratified cluster 1063).
1064,10001051,RESULTS,RESULTS,"Semaglutide significantly reduced mean HbA1c by -1.5% compared to -0.8% with sitagliptin (p < 0.001). (Confidence interval 95%, n=1746)."
1065,10001001,BACKGROUND,BACKGROUND,Type 2 diabetes mellitus is a major chronic metabolic disorder associated with high cardiovascular mortality. (Cohort identifier: 1065).
1066,10001839,OBJECTIVE,OBJECTIVES,To determine if inhaled corticosteroid cessation increases acute exacerbation risk in moderate COPD. (Trial registration: NCT010001839).
1067,10001540,METHODS,METHODS,Participants were randomly allocated (1:1) using computer-generated block randomization to receive drug A or placebo. (Stratified cluster 1067).
1068,10001089,RESULTS,RESULTS,"Semaglutide significantly reduced mean HbA1c by -1.5% compared to -0.8% with sitagliptin (p < 0.001). (Confidence interval 95%, n=1029)."
1069,10001910,BACKGROUND,BACKGROUND,Major depressive disorder is a pervasive mental health condition with substantial socioeconomic burden. (Cohort identifier: 1069).
1070,10001830,OBJECTIVE,OBJECTIVES,This randomized controlled trial aimed to compare low-dose combination therapy against standard monotherapy. (Trial registration: NCT010001830).
1071,10001834,METHODS,METHODS,Primary endpoint was change in mean arterial pressure measured at 12 weeks post-randomization. (Stratified cluster 1071).
1072,10001060,RESULTS,RESULTS,"No statistically significant difference in serious adverse events was observed between the active drug and placebo arms. (Confidence interval 95%, n=1632)."
1073,10001618,BACKGROUND,BACKGROUND,Postoperative pain management following major orthopedic surgery is critical for early patient mobilization. (Cohort identifier: 1073).
1074,10001302,OBJECTIVE,OBJECTIVES,The primary aim was to assess the analgesic effectiveness of intravenous dexamethasone versus placebo. (Trial registration: NCT010001302).
1075,10001432,METHODS,METHODS,Statistical analyses followed the intention-to-treat principle using mixed-effects linear regression models. (Stratified cluster 1075).
1076,10001184,RESULTS,RESULTS,"The 12-month relapse rate was significantly lower in the combined therapy arm (18.2% vs 34.6%, HR: 0.48, 9: 0.31-0.75). (Confidence interval 95%, n=2358)."
1077,10001650,BACKGROUND,BACKGROUND,Postoperative pain management following major orthopedic surgery is critical for early patient mobilization. (Cohort identifier: 1077).
1078,10001527,OBJECTIVE,OBJECTIVES,We investigated whether cognitive behavioral therapy reduces relapse rates compared to standard pharmacotherapy. (Trial registration: NCT010001527).
1079,10001604,METHODS,METHODS,Participants were randomly allocated (1:1) using computer-generated block randomization to receive drug A or placebo. (Stratified cluster 1079).
1080,10001038,RESULTS,RESULTS,"No statistically significant difference in serious adverse events was observed between the active drug and placebo arms. (Confidence interval 95%, n=2488)."
1081,10001744,BACKGROUND,BACKGROUND,Hypertension remains the leading preventable cause of cardiovascular disease and premature death worldwide. (Cohort identifier: 1081).
1082,10001740,OBJECTIVE,OBJECTIVES,To determine if inhaled corticosteroid cessation increases acute exacerbation risk in moderate COPD. (Trial registration: NCT010001740).
1083,10001134,METHODS,METHODS,"A multi-center, double-blind, randomized controlled trial enrolled 1,200 adult patients across 45 clinical sites. (Stratified cluster 1083)."
1084,10001337,RESULTS,RESULTS,"The 12-month relapse rate was significantly lower in the combined therapy arm (18.2% vs 34.6%, HR: 0.48, 9: 0.31-0.75). (Confidence interval 95%, n=2117)."
1085,10001828,BACKGROUND,BACKGROUND,Type 2 diabetes mellitus is a major chronic metabolic disorder associated with high cardiovascular mortality. (Cohort identifier: 1085).
1086,10001531,OBJECTIVE,OBJECTIVES,We investigated whether cognitive behavioral therapy reduces relapse rates compared to standard pharmacotherapy. (Trial registration: NCT010001531).
1087,10001745,METHODS,METHODS,Statistical analyses followed the intention-to-treat principle using mixed-effects linear regression models. (Stratified cluster 1087).
1088,10001733,RESULTS,RESULTS,"The 12-month relapse rate was significantly lower in the combined therapy arm (18.2% vs 34.6%, HR: 0.48, 9: 0.31-0.75). (Confidence interval 95%, n=1969)."
1089,10001064,BACKGROUND,BACKGROUND,Major depressive disorder is a pervasive mental health condition with substantial socioeconomic burden. (Cohort identifier: 1089).
1090,10001912,OBJECTIVE,OBJECTIVES,We investigated whether cognitive behavioral therapy reduces relapse rates compared to standard pharmacotherapy. (Trial registration: NCT010001912).
1091,10001663,METHODS,METHODS,Participants were randomly allocated (1:1) using computer-generated block randomization to receive drug A or placebo. (Stratified cluster 1091).
1092,10001090,RESULTS,RESULTS,"No statistically significant difference in serious adverse events was observed between the active drug and placebo arms. (Confidence interval 95%, n=2307)."
1093,10001346,BACKGROUND,BACKGROUND,Postoperative pain management following major orthopedic surgery is critical for early patient mobilization. (Cohort identifier: 1093).
1094,10001154,OBJECTIVE,OBJECTIVES,The primary aim was to assess the analgesic effectiveness of intravenous dexamethasone versus placebo. (Trial registration: NCT010001154).
1095,10001932,METHODS,METHODS,Statistical analyses followed the intention-to-treat principle using mixed-effects linear regression models. (Stratified cluster 1095).
1096,10001283,RESULTS,RESULTS,"Mean postoperative pain scores at 24 hours were significantly reduced in the intervention group (2.1 vs 4.8, p = 0.002). (Confidence interval 95%, n=1256)."
1097,10001215,BACKGROUND,BACKGROUND,Type 2 diabetes mellitus is a major chronic metabolic disorder associated with high cardiovascular mortality. (Cohort identifier: 1097).
1098,10001979,OBJECTIVE,OBJECTIVES,To determine if inhaled corticosteroid cessation increases acute exacerbation risk in moderate COPD. (Trial registration: NCT010001979).
1099,10001704,METHODS,METHODS,"A multi-center, double-blind, randomized controlled trial enrolled 1,200 adult patients across 45 clinical sites. (Stratified cluster 1099)."
1100,10001280,RESULTS,RESULTS,"No statistically significant difference in serious adverse events was observed between the active drug and placebo arms. (Confidence interval 95%, n=842)."
1101,10001260,BACKGROUND,BACKGROUND,Type 2 diabetes mellitus is a major chronic metabolic disorder associated with high cardiovascular mortality. (Cohort identifier: 1101).
1102,10001612,OBJECTIVE,OBJECTIVES,The primary aim was to assess the analgesic effectiveness of intravenous dexamethasone versus placebo. (Trial registration: NCT010001612).
1103,10001168,METHODS,METHODS,Participants were randomly allocated (1:1) using computer-generated block randomization to receive drug A or placebo. (Stratified cluster 1103).
1104,10001242,RESULTS,RESULTS,"No statistically significant difference in serious adverse events was observed between the active drug and placebo arms. (Confidence interval 95%, n=1550)."
1105,10001596,BACKGROUND,BACKGROUND,Chronic obstructive pulmonary disease exacerbations frequently lead to hospital readmission and increased mortality. (Cohort identifier: 1105).
1106,10001771,OBJECTIVE,OBJECTIVES,To evaluate the efficacy and safety of once-weekly semaglutide compared to daily sitagliptin in adults. (Trial registration: NCT010001771).
1107,10001325,METHODS,METHODS,Statistical analyses followed the intention-to-treat principle using mixed-effects linear regression models. (Stratified cluster 1107).
1108,10001455,RESULTS,RESULTS,"No statistically significant difference in serious adverse events was observed between the active drug and placebo arms. (Confidence interval 95%, n=2376)."
1109,10001375,BACKGROUND,BACKGROUND,Type 2 diabetes mellitus is a major chronic metabolic disorder associated with high cardiovascular mortality. (Cohort identifier: 1109).
1110,10001117,OBJECTIVE,OBJECTIVES,This randomized controlled trial aimed to compare low-dose combination therapy against standard monotherapy. (Trial registration: NCT010001117).
1111,10001278,METHODS,METHODS,Eligible participants aged 18-75 years with documented HbA1c > 8.0% underwent 24 weeks of active treatment. (Stratified cluster 1111).
1112,10001729,RESULTS,RESULTS,"The 12-month relapse rate was significantly lower in the combined therapy arm (18.2% vs 34.6%, HR: 0.48, 9: 0.31-0.75). (Confidence interval 95%, n=1469)."
1113,10001386,BACKGROUND,BACKGROUND,Hypertension remains the leading preventable cause of cardiovascular disease and premature death worldwide. (Cohort identifier: 1113).
1114,10001116,OBJECTIVE,OBJECTIVES,The primary aim was to assess the analgesic effectiveness of intravenous dexamethasone versus placebo. (Trial registration: NCT010001116).
1115,10001005,METHODS,METHODS,Primary endpoint was change in mean arterial pressure measured at 12 weeks post-randomization. (Stratified cluster 1115).
1116,10001073,RESULTS,RESULTS,"No statistically significant difference in serious adverse events was observed between the active drug and placebo arms. (Confidence interval 95%, n=1480)."
1117,10001132,BACKGROUND,BACKGROUND,Type 2 diabetes mellitus is a major chronic metabolic disorder associated with high cardiovascular mortality. (Cohort identifier: 1117).
1118,10001225,OBJECTIVE,OBJECTIVES,To determine if inhaled corticosteroid cessation increases acute exacerbation risk in moderate COPD. (Trial registration: NCT010001225).
1119,10001664,METHODS,METHODS,Eligible participants aged 18-75 years with documented HbA1c > 8.0% underwent 24 weeks of active treatment. (Stratified cluster 1119).
1120,10001504,RESULTS,RESULTS,"Semaglutide significantly reduced mean HbA1c by -1.5% compared to -0.8% with sitagliptin (p < 0.001). (Confidence interval 95%, n=2282)."
1121,10001766,BACKGROUND,BACKGROUND,Chronic obstructive pulmonary disease exacerbations frequently lead to hospital readmission and increased mortality. (Cohort identifier: 1121).
1122,10001890,OBJECTIVE,OBJECTIVES,To determine if inhaled corticosteroid cessation increases acute exacerbation risk in moderate COPD. (Trial registration: NCT010001890).
1123,10001180,METHODS,METHODS,"A multi-center, double-blind, randomized controlled trial enrolled 1,200 adult patients across 45 clinical sites. (Stratified cluster 1123)."
1124,10001766,RESULTS,RESULTS,"Semaglutide significantly reduced mean HbA1c by -1.5% compared to -0.8% with sitagliptin (p < 0.001). (Confidence interval 95%, n=2090)."
1125,10001283,BACKGROUND,BACKGROUND,Major depressive disorder is a pervasive mental health condition with substantial socioeconomic burden. (Cohort identifier: 1125).
1126,10001761,OBJECTIVE,OBJECTIVES,We investigated whether cognitive behavioral therapy reduces relapse rates compared to standard pharmacotherapy. (Trial registration: NCT010001761).
1127,10001602,METHODS,METHODS,"A multi-center, double-blind, randomized controlled trial enrolled 1,200 adult patients across 45 clinical sites. (Stratified cluster 1127)."
1128,10001509,RESULTS,RESULTS,"Mean postoperative pain scores at 24 hours were significantly reduced in the intervention group (2.1 vs 4.8, p = 0.002). (Confidence interval 95%, n=2375)."
1129,10001222,BACKGROUND,BACKGROUND,Major depressive disorder is a pervasive mental health condition with substantial socioeconomic burden. (Cohort identifier: 1129).
1130,10001542,OBJECTIVE,OBJECTIVES,To evaluate the efficacy and safety of once-weekly semaglutide compared to daily sitagliptin in adults. (Trial registration: NCT010001542).
1131,10001413,METHODS,METHODS,Eligible participants aged 18-75 years with documented HbA1c > 8.0% underwent 24 weeks of active treatment. (Stratified cluster 1131).
1132,10001876,RESULTS,RESULTS,"Combination therapy achieved target blood pressure control in 78.4% of patients compared to 54.2% in the monotherapy group. (Confidence interval 95%, n=1473)."
1133,10001499,BACKGROUND,BACKGROUND,Chronic obstructive pulmonary disease exacerbations frequently lead to hospital readmission and increased mortality. (Cohort identifier: 1133).
1134,10001908,OBJECTIVE,OBJECTIVES,The primary aim was to assess the analgesic effectiveness of intravenous dexamethasone versus placebo. (Trial registration: NCT010001908).
1135,10001957,METHODS,METHODS,Eligible participants aged 18-75 years with documented HbA1c > 8.0% underwent 24 weeks of active treatment. (Stratified cluster 1135).
1136,10001853,RESULTS,RESULTS,"Semaglutide significantly reduced mean HbA1c by -1.5% compared to -0.8% with sitagliptin (p < 0.001). (Confidence interval 95%, n=305)."
1137,10001625,BACKGROUND,BACKGROUND,Type 2 diabetes mellitus is a major chronic metabolic disorder associated with high cardiovascular mortality. (Cohort identifier: 1137).
1138,10001768,OBJECTIVE,OBJECTIVES,To evaluate the efficacy and safety of once-weekly semaglutide compared to daily sitagliptin in adults. (Trial registration: NCT010001768).
1139,10001268,METHODS,METHODS,Statistical analyses followed the intention-to-treat principle using mixed-effects linear regression models. (Stratified cluster 1139).
1140,10001830,RESULTS,RESULTS,"Semaglutide significantly reduced mean HbA1c by -1.5% compared to -0.8% with sitagliptin (p < 0.001). (Confidence interval 95%, n=797)."
1141,10001128,BACKGROUND,BACKGROUND,Major depressive disorder is a pervasive mental health condition with substantial socioeconomic burden. (Cohort identifier: 1141).
1142,10001892,OBJECTIVE,OBJECTIVES,To evaluate the efficacy and safety of once-weekly semaglutide compared to daily sitagliptin in adults. (Trial registration: NCT010001892).
1143,10001638,METHODS,METHODS,"A multi-center, double-blind, randomized controlled trial enrolled 1,200 adult patients across 45 clinical sites. (Stratified cluster 1143)."
1144,10001713,RESULTS,RESULTS,"Semaglutide significantly reduced mean HbA1c by -1.5% compared to -0.8% with sitagliptin (p < 0.001). (Confidence interval 95%, n=324)."
1145,10001031,BACKGROUND,BACKGROUND,Postoperative pain management following major orthopedic surgery is critical for early patient mobilization. (Cohort identifier: 1145).
1146,10001701,OBJECTIVE,OBJECTIVES,The primary aim was to assess the analgesic effectiveness of intravenous dexamethasone versus placebo. (Trial registration: NCT010001701).
1147,10001161,METHODS,METHODS,Eligible participants aged 18-75 years with documented HbA1c > 8.0% underwent 24 weeks of active treatment. (Stratified cluster 1147).
1148,10001090,RESULTS,RESULTS,"Mean postoperative pain scores at 24 hours were significantly reduced in the intervention group (2.1 vs 4.8, p = 0.002). (Confidence interval 95%, n=567)."
1149,10001081,BACKGROUND,BACKGROUND,Hypertension remains the leading preventable cause of cardiovascular disease and premature death worldwide. (Cohort identifier: 1149).
1150,10001724,OBJECTIVE,OBJECTIVES,This randomized controlled trial aimed to compare low-dose combination therapy against standard monotherapy. (Trial registration: NCT010001724).
1151,10001349,METHODS,METHODS,Eligible participants aged 18-75 years with documented HbA1c > 8.0% underwent 24 weeks of active treatment. (Stratified cluster 1151).
1152,10001001,RESULTS,RESULTS,"The 12-month relapse rate was significantly lower in the combined therapy arm (18.2% vs 34.6%, HR: 0.48, 9: 0.31-0.75). (Confidence interval 95%, n=1169)."
1153,10001675,BACKGROUND,BACKGROUND,Chronic obstructive pulmonary disease exacerbations frequently lead to hospital readmission and increased mortality. (Cohort identifier: 1153).
1154,10001577,OBJECTIVE,OBJECTIVES,The primary aim was to assess the analgesic effectiveness of intravenous dexamethasone versus placebo. (Trial registration: NCT010001577).
1155,10001184,METHODS,METHODS,"A multi-center, double-blind, randomized controlled trial enrolled 1,200 adult patients across 45 clinical sites. (Stratified cluster 1155)."
1156,10001972,RESULTS,RESULTS,"No statistically significant difference in serious adverse events was observed between the active drug and placebo arms. (Confidence interval 95%, n=1313)."
1157,10001097,BACKGROUND,BACKGROUND,Chronic obstructive pulmonary disease exacerbations frequently lead to hospital readmission and increased mortality. (Cohort identifier: 1157).
1158,10001479,OBJECTIVE,OBJECTIVES,To evaluate the efficacy and safety of once-weekly semaglutide compared to daily sitagliptin in adults. (Trial registration: NCT010001479).
1159,10001148,METHODS,METHODS,"A multi-center, double-blind, randomized controlled trial enrolled 1,200 adult patients across 45 clinical sites. (Stratified cluster 1159)."
1160,10001940,RESULTS,RESULTS,"Combination therapy achieved target blood pressure control in 78.4% of patients compared to 54.2% in the monotherapy group. (Confidence interval 95%, n=911)."
1161,10001198,BACKGROUND,BACKGROUND,Hypertension remains the leading preventable cause of cardiovascular disease and premature death worldwide. (Cohort identifier: 1161).
1162,10001480,OBJECTIVE,OBJECTIVES,To evaluate the efficacy and safety of once-weekly semaglutide compared to daily sitagliptin in adults. (Trial registration: NCT010001480).
1163,10001183,METHODS,METHODS,Participants were randomly allocated (1:1) using computer-generated block randomization to receive drug A or placebo. (Stratified cluster 1163).
1164,10001886,RESULTS,RESULTS,"The 12-month relapse rate was significantly lower in the combined therapy arm (18.2% vs 34.6%, HR: 0.48, 9: 0.31-0.75). (Confidence interval 95%, n=709)."
1165,10001292,BACKGROUND,BACKGROUND,Hypertension remains the leading preventable cause of cardiovascular disease and premature death worldwide. (Cohort identifier: 1165).
1166,10001913,OBJECTIVE,OBJECTIVES,To evaluate the efficacy and safety of once-weekly semaglutide compared to daily sitagliptin in adults. (Trial registration: NCT010001913).
1167,10001077,METHODS,METHODS,Primary endpoint was change in mean arterial pressure measured at 12 weeks post-randomization. (Stratified cluster 1167).
1168,10001720,RESULTS,RESULTS,"Semaglutide significantly reduced mean HbA1c by -1.5% compared to -0.8% with sitagliptin (p < 0.001). (Confidence interval 95%, n=1765)."
1169,10001882,BACKGROUND,BACKGROUND,Major depressive disorder is a pervasive mental health condition with substantial socioeconomic burden. (Cohort identifier: 1169).
1170,10001022,OBJECTIVE,OBJECTIVES,To evaluate the efficacy and safety of once-weekly semaglutide compared to daily sitagliptin in adults. (Trial registration: NCT010001022).
1171,10001787,METHODS,METHODS,Statistical analyses followed the intention-to-treat principle using mixed-effects linear regression models. (Stratified cluster 1171).
1172,10001062,RESULTS,RESULTS,"Mean postoperative pain scores at 24 hours were significantly reduced in the intervention group (2.1 vs 4.8, p = 0.002). (Confidence interval 95%, n=2292)."
1173,10001779,BACKGROUND,BACKGROUND,Chronic obstructive pulmonary disease exacerbations frequently lead to hospital readmission and increased mortality. (Cohort identifier: 1173).
1174,10001241,OBJECTIVE,OBJECTIVES,To determine if inhaled corticosteroid cessation increases acute exacerbation risk in moderate COPD. (Trial registration: NCT010001241).
1175,10001525,METHODS,METHODS,Primary endpoint was change in mean arterial pressure measured at 12 weeks post-randomization. (Stratified cluster 1175).
1176,10001604,RESULTS,RESULTS,"Mean postoperative pain scores at 24 hours were significantly reduced in the intervention group (2.1 vs 4.8, p = 0.002). (Confidence interval 95%, n=1919)."
1177,10001813,BACKGROUND,BACKGROUND,Type 2 diabetes mellitus is a major chronic metabolic disorder associated with high cardiovascular mortality. (Cohort identifier: 1177).
1178,10001507,OBJECTIVE,OBJECTIVES,We investigated whether cognitive behavioral therapy reduces relapse rates compared to standard pharmacotherapy. (Trial registration: NCT010001507).
1179,10001925,METHODS,METHODS,Statistical analyses followed the intention-to-treat principle using mixed-effects linear regression models. (Stratified cluster 1179).
1180,10001842,RESULTS,RESULTS,"Mean postoperative pain scores at 24 hours were significantly reduced in the intervention group (2.1 vs 4.8, p = 0.002). (Confidence interval 95%, n=1611)."
1181,10001282,BACKGROUND,BACKGROUND,Chronic obstructive pulmonary disease exacerbations frequently lead to hospital readmission and increased mortality. (Cohort identifier: 1181).
1182,10001825,OBJECTIVE,OBJECTIVES,To determine if inhaled corticosteroid cessation increases acute exacerbation risk in moderate COPD. (Trial registration: NCT010001825).
1183,10001731,METHODS,METHODS,Statistical analyses followed the intention-to-treat principle using mixed-effects linear regression models. (Stratified cluster 1183).
1184,10001605,RESULTS,RESULTS,"Mean postoperative pain scores at 24 hours were significantly reduced in the intervention group (2.1 vs 4.8, p = 0.002). (Confidence interval 95%, n=659)."
1185,10001647,BACKGROUND,BACKGROUND,Type 2 diabetes mellitus is a major chronic metabolic disorder associated with high cardiovascular mortality. (Cohort identifier: 1185).
1186,10001059,OBJECTIVE,OBJECTIVES,To determine if inhaled corticosteroid cessation increases acute exacerbation risk in moderate COPD. (Trial registration: NCT010001059).
1187,10001006,METHODS,METHODS,Statistical analyses followed the intention-to-treat principle using mixed-effects linear regression models. (Stratified cluster 1187).
1188,10001990,RESULTS,RESULTS,"Combination therapy achieved target blood pressure control in 78.4% of patients compared to 54.2% in the monotherapy group. (Confidence interval 95%, n=473)."
1189,10001965,BACKGROUND,BACKGROUND,Chronic obstructive pulmonary disease exacerbations frequently lead to hospital readmission and increased mortality. (Cohort identifier: 1189).
1190,10001544,OBJECTIVE,OBJECTIVES,We investigated whether cognitive behavioral therapy reduces relapse rates compared to standard pharmacotherapy. (Trial registration: NCT010001544).
1191,10001483,METHODS,METHODS,Primary endpoint was change in mean arterial pressure measured at 12 weeks post-randomization. (Stratified cluster 1191).
1192,10001417,RESULTS,RESULTS,"The 12-month relapse rate was significantly lower in the combined therapy arm (18.2% vs 34.6%, HR: 0.48, 9: 0.31-0.75). (Confidence interval 95%, n=2013)."
1193,10001923,BACKGROUND,BACKGROUND,Chronic obstructive pulmonary disease exacerbations frequently lead to hospital readmission and increased mortality. (Cohort identifier: 1193).
1194,10001607,OBJECTIVE,OBJECTIVES,The primary aim was to assess the analgesic effectiveness of intravenous dexamethasone versus placebo. (Trial registration: NCT010001607).
1195,10001010,METHODS,METHODS,"A multi-center, double-blind, randomized controlled trial enrolled 1,200 adult patients across 45 clinical sites. (Stratified cluster 1195)."
1196,10001947,RESULTS,RESULTS,"No statistically significant difference in serious adverse events was observed between the active drug and placebo arms. (Confidence interval 95%, n=1257)."
1197,10001693,BACKGROUND,BACKGROUND,Postoperative pain management following major orthopedic surgery is critical for early patient mobilization. (Cohort identifier: 1197).
1198,10001516,OBJECTIVE,OBJECTIVES,The primary aim was to assess the analgesic effectiveness of intravenous dexamethasone versus placebo. (Trial registration: NCT010001516).
1199,10001591,METHODS,METHODS,Participants were randomly allocated (1:1) using computer-generated block randomization to receive drug A or placebo. (Stratified cluster 1199).
1200,10001965,RESULTS,RESULTS,"The 12-month relapse rate was significantly lower in the combined therapy arm (18.2% vs 34.6%, HR: 0.48, 9: 0.31-0.75). (Confidence interval 95%, n=986)."
1201,10001696,BACKGROUND,BACKGROUND,Type 2 diabetes mellitus is a major chronic metabolic disorder associated with high cardiovascular mortality. (Cohort identifier: 1201).
1202,10001327,OBJECTIVE,OBJECTIVES,To determine if inhaled corticosteroid cessation increases acute exacerbation risk in moderate COPD. (Trial registration: NCT010001327).
1203,10001366,METHODS,METHODS,Participants were randomly allocated (1:1) using computer-generated block randomization to receive drug A or placebo. (Stratified cluster 1203).
1204,10001597,RESULTS,RESULTS,"The 12-month relapse rate was significantly lower in the combined therapy arm (18.2% vs 34.6%, HR: 0.48, 9: 0.31-0.75). (Confidence interval 95%, n=1528)."
1205,10001033,BACKGROUND,BACKGROUND,Major depressive disorder is a pervasive mental health condition with substantial socioeconomic burden. (Cohort identifier: 1205).
1206,10001999,OBJECTIVE,OBJECTIVES,The primary aim was to assess the analgesic effectiveness of intravenous dexamethasone versus placebo. (Trial registration: NCT010001999).
1207,10001325,METHODS,METHODS,Participants were randomly allocated (1:1) using computer-generated block randomization to receive drug A or placebo. (Stratified cluster 1207).
1208,10001852,RESULTS,RESULTS,"No statistically significant difference in serious adverse events was observed between the active drug and placebo arms. (Confidence interval 95%, n=2480)."
1209,10001827,BACKGROUND,BACKGROUND,Chronic obstructive pulmonary disease exacerbations frequently lead to hospital readmission and increased mortality. (Cohort identifier: 1209).
1210,10001795,OBJECTIVE,OBJECTIVES,This randomized controlled trial aimed to compare low-dose combination therapy against standard monotherapy. (Trial registration: NCT010001795).
1211,10001600,METHODS,METHODS,"A multi-center, double-blind, randomized controlled trial enrolled 1,200 adult patients across 45 clinical sites. (Stratified cluster 1211)."
1212,10001225,RESULTS,RESULTS,"No statistically significant difference in serious adverse events was observed between the active drug and placebo arms. (Confidence interval 95%, n=2013)."
1213,10001355,BACKGROUND,BACKGROUND,Hypertension remains the leading preventable cause of cardiovascular disease and premature death worldwide. (Cohort identifier: 1213).
1214,10001460,OBJECTIVE,OBJECTIVES,To evaluate the efficacy and safety of once-weekly semaglutide compared to daily sitagliptin in adults. (Trial registration: NCT010001460).
1215,10001964,METHODS,METHODS,Statistical analyses followed the intention-to-treat principle using mixed-effects linear regression models. (Stratified cluster 1215).
1216,10001126,RESULTS,RESULTS,"Combination therapy achieved target blood pressure control in 78.4% of patients compared to 54.2% in the monotherapy group. (Confidence interval 95%, n=2280)."
1217,10001362,BACKGROUND,BACKGROUND,Chronic obstructive pulmonary disease exacerbations frequently lead to hospital readmission and increased mortality. (Cohort identifier: 1217).
1218,10001746,OBJECTIVE,OBJECTIVES,This randomized controlled trial aimed to compare low-dose combination therapy against standard monotherapy. (Trial registration: NCT010001746).
1219,10001408,METHODS,METHODS,Primary endpoint was change in mean arterial pressure measured at 12 weeks post-randomization. (Stratified cluster 1219).
1220,10001663,RESULTS,RESULTS,"Combination therapy achieved target blood pressure control in 78.4% of patients compared to 54.2% in the monotherapy group. (Confidence interval 95%, n=352)."
1221,10001579,BACKGROUND,BACKGROUND,Postoperative pain management following major orthopedic surgery is critical for early patient mobilization. (Cohort identifier: 1221).
1222,10001566,OBJECTIVE,OBJECTIVES,To determine if inhaled corticosteroid cessation increases acute exacerbation risk in moderate COPD. (Trial registration: NCT010001566).
1223,10001181,METHODS,METHODS,Eligible participants aged 18-75 years with documented HbA1c > 8.0% underwent 24 weeks of active treatment. (Stratified cluster 1223).
1224,10001214,RESULTS,RESULTS,"No statistically significant difference in serious adverse events was observed between the active drug and placebo arms. (Confidence interval 95%, n=815)."
1225,10001545,BACKGROUND,BACKGROUND,Major depressive disorder is a pervasive mental health condition with substantial socioeconomic burden. (Cohort identifier: 1225).
1226,10001277,OBJECTIVE,OBJECTIVES,We investigated whether cognitive behavioral therapy reduces relapse rates compared to standard pharmacotherapy. (Trial registration: NCT010001277).
1227,10001959,METHODS,METHODS,"A multi-center, double-blind, randomized controlled trial enrolled 1,200 adult patients across 45 clinical sites. (Stratified cluster 1227)."
1228,10001784,RESULTS,RESULTS,"The 12-month relapse rate was significantly lower in the combined therapy arm (18.2% vs 34.6%, HR: 0.48, 9: 0.31-0.75). (Confidence interval 95%, n=1862)."
1229,10001682,BACKGROUND,BACKGROUND,Major depressive disorder is a pervasive mental health condition with substantial socioeconomic burden. (Cohort identifier: 1229).
1230,10001026,OBJECTIVE,OBJECTIVES,The primary aim was to assess the analgesic effectiveness of intravenous dexamethasone versus placebo. (Trial registration: NCT010001026).
1231,10001689,METHODS,METHODS,Eligible participants aged 18-75 years with documented HbA1c > 8.0% underwent 24 weeks of active treatment. (Stratified cluster 1231).
1232,10001112,RESULTS,RESULTS,"Semaglutide significantly reduced mean HbA1c by -1.5% compared to -0.8% with sitagliptin (p < 0.001). (Confidence interval 95%, n=1213)."
1233,10001818,BACKGROUND,BACKGROUND,Hypertension remains the leading preventable cause of cardiovascular disease and premature death worldwide. (Cohort identifier: 1233).
1234,10001120,OBJECTIVE,OBJECTIVES,To evaluate the efficacy and safety of once-weekly semaglutide compared to daily sitagliptin in adults. (Trial registration: NCT010001120).
1235,10001329,METHODS,METHODS,"A multi-center, double-blind, randomized controlled trial enrolled 1,200 adult patients across 45 clinical sites. (Stratified cluster 1235)."
1236,10001757,RESULTS,RESULTS,"The 12-month relapse rate was significantly lower in the combined therapy arm (18.2% vs 34.6%, HR: 0.48, 9: 0.31-0.75). (Confidence interval 95%, n=1007)."
1237,10001407,BACKGROUND,BACKGROUND,Major depressive disorder is a pervasive mental health condition with substantial socioeconomic burden. (Cohort identifier: 1237).
1238,10001150,OBJECTIVE,OBJECTIVES,This randomized controlled trial aimed to compare low-dose combination therapy against standard monotherapy. (Trial registration: NCT010001150).
1239,10001623,METHODS,METHODS,Primary endpoint was change in mean arterial pressure measured at 12 weeks post-randomization. (Stratified cluster 1239).
1240,10001220,RESULTS,RESULTS,"The 12-month relapse rate was significantly lower in the combined therapy arm (18.2% vs 34.6%, HR: 0.48, 9: 0.31-0.75). (Confidence interval 95%, n=807)."
1241,10001686,BACKGROUND,BACKGROUND,Type 2 diabetes mellitus is a major chronic metabolic disorder associated with high cardiovascular mortality. (Cohort identifier: 1241).
1242,10001488,OBJECTIVE,OBJECTIVES,We investigated whether cognitive behavioral therapy reduces relapse rates compared to standard pharmacotherapy. (Trial registration: NCT010001488).
1243,10001568,METHODS,METHODS,Primary endpoint was change in mean arterial pressure measured at 12 weeks post-randomization. (Stratified cluster 1243).
1244,10001794,RESULTS,RESULTS,"The 12-month relapse rate was significantly lower in the combined therapy arm (18.2% vs 34.6%, HR: 0.48, 9: 0.31-0.75). (Confidence interval 95%, n=677)."
1245,10001778,BACKGROUND,BACKGROUND,Postoperative pain management following major orthopedic surgery is critical for early patient mobilization. (Cohort identifier: 1245).
1246,10001524,OBJECTIVE,OBJECTIVES,This randomized controlled trial aimed to compare low-dose combination therapy against standard monotherapy. (Trial registration: NCT010001524).
1247,10001849,METHODS,METHODS,"A multi-center, double-blind, randomized controlled trial enrolled 1,200 adult patients across 45 clinical sites. (Stratified cluster 1247)."
1248,10001392,RESULTS,RESULTS,"No statistically significant difference in serious adverse events was observed between the active drug and placebo arms. (Confidence interval 95%, n=192)."
1249,10001761,BACKGROUND,BACKGROUND,Postoperative pain management following major orthopedic surgery is critical for early patient mobilization. (Cohort identifier: 1249).
1250,10001838,OBJECTIVE,OBJECTIVES,The primary aim was to assess the analgesic effectiveness of intravenous dexamethasone versus placebo. (Trial registration: NCT010001838).
1251,10001245,METHODS,METHODS,Participants were randomly allocated (1:1) using computer-generated block randomization to receive drug A or placebo. (Stratified cluster 1251).
1252,10001051,RESULTS,RESULTS,"No statistically significant difference in serious adverse events was observed between the active drug and placebo arms. (Confidence interval 95%, n=2210)."
1253,10001520,BACKGROUND,BACKGROUND,Major depressive disorder is a pervasive mental health condition with substantial socioeconomic burden. (Cohort identifier: 1253).
1254,10001057,OBJECTIVE,OBJECTIVES,To evaluate the efficacy and safety of once-weekly semaglutide compared to daily sitagliptin in adults. (Trial registration: NCT010001057).
1255,10001228,METHODS,METHODS,"A multi-center, double-blind, randomized controlled trial enrolled 1,200 adult patients across 45 clinical sites. (Stratified cluster 1255)."
1256,10001529,RESULTS,RESULTS,"Combination therapy achieved target blood pressure control in 78.4% of patients compared to 54.2% in the monotherapy group. (Confidence interval 95%, n=955)."
1257,10001266,BACKGROUND,BACKGROUND,Type 2 diabetes mellitus is a major chronic metabolic disorder associated with high cardiovascular mortality. (Cohort identifier: 1257).
1258,10001819,OBJECTIVE,OBJECTIVES,This randomized controlled trial aimed to compare low-dose combination therapy against standard monotherapy. (Trial registration: NCT010001819).
1259,10001254,METHODS,METHODS,Participants were randomly allocated (1:1) using computer-generated block randomization to receive drug A or placebo. (Stratified cluster 1259).
1260,10001097,RESULTS,RESULTS,"The 12-month relapse rate was significantly lower in the combined therapy arm (18.2% vs 34.6%, HR: 0.48, 9: 0.31-0.75). (Confidence interval 95%, n=1304)."
1261,10001702,BACKGROUND,BACKGROUND,Postoperative pain management following major orthopedic surgery is critical for early patient mobilization. (Cohort identifier: 1261).
1262,10001687,OBJECTIVE,OBJECTIVES,To determine if inhaled corticosteroid cessation increases acute exacerbation risk in moderate COPD. (Trial registration: NCT010001687).
1263,10001273,METHODS,METHODS,Primary endpoint was change in mean arterial pressure measured at 12 weeks post-randomization. (Stratified cluster 1263).
1264,10001696,RESULTS,RESULTS,"No statistically significant difference in serious adverse events was observed between the active drug and placebo arms. (Confidence interval 95%, n=549)."
1265,10001691,BACKGROUND,BACKGROUND,Chronic obstructive pulmonary disease exacerbations frequently lead to hospital readmission and increased mortality. (Cohort identifier: 1265).
1266,10001650,OBJECTIVE,OBJECTIVES,The primary aim was to assess the analgesic effectiveness of intravenous dexamethasone versus placebo. (Trial registration: NCT010001650).
1267,10001897,METHODS,METHODS,"A multi-center, double-blind, randomized controlled trial enrolled 1,200 adult patients across 45 clinical sites. (Stratified cluster 1267)."
1268,10001048,RESULTS,RESULTS,"The 12-month relapse rate was significantly lower in the combined therapy arm (18.2% vs 34.6%, HR: 0.48, 9: 0.31-0.75). (Confidence interval 95%, n=2452)."
1269,10001888,BACKGROUND,BACKGROUND,Postoperative pain management following major orthopedic surgery is critical for early patient mobilization. (Cohort identifier: 1269).
1270,10001364,OBJECTIVE,OBJECTIVES,The primary aim was to assess the analgesic effectiveness of intravenous dexamethasone versus placebo. (Trial registration: NCT010001364).
1271,10001229,METHODS,METHODS,Primary endpoint was change in mean arterial pressure measured at 12 weeks post-randomization. (Stratified cluster 1271).
1272,10001106,RESULTS,RESULTS,"No statistically significant difference in serious adverse events was observed between the active drug and placebo arms. (Confidence interval 95%, n=2349)."
1273,10001376,BACKGROUND,BACKGROUND,Postoperative pain management following major orthopedic surgery is critical for early patient mobilization. (Cohort identifier: 1273).
1274,10001266,OBJECTIVE,OBJECTIVES,To determine if inhaled corticosteroid cessation increases acute exacerbation risk in moderate COPD. (Trial registration: NCT010001266).
1275,10001876,METHODS,METHODS,"A multi-center, double-blind, randomized controlled trial enrolled 1,200 adult patients across 45 clinical sites. (Stratified cluster 1275)."
1276,10001202,RESULTS,RESULTS,"No statistically significant difference in serious adverse events was observed between the active drug and placebo arms. (Confidence interval 95%, n=370)."
1277,10001956,BACKGROUND,BACKGROUND,Chronic obstructive pulmonary disease exacerbations frequently lead to hospital readmission and increased mortality. (Cohort identifier: 1277).
1278,10001834,OBJECTIVE,OBJECTIVES,This randomized controlled trial aimed to compare low-dose combination therapy against standard monotherapy. (Trial registration: NCT010001834).
1279,10001513,METHODS,METHODS,Eligible participants aged 18-75 years with documented HbA1c > 8.0% underwent 24 weeks of active treatment. (Stratified cluster 1279).
1280,10001990,RESULTS,RESULTS,"Mean postoperative pain scores at 24 hours were significantly reduced in the intervention group (2.1 vs 4.8, p = 0.002). (Confidence interval 95%, n=854)."
1281,10001964,BACKGROUND,BACKGROUND,Major depressive disorder is a pervasive mental health condition with substantial socioeconomic burden. (Cohort identifier: 1281).
1282,10001245,OBJECTIVE,OBJECTIVES,The primary aim was to assess the analgesic effectiveness of intravenous dexamethasone versus placebo. (Trial registration: NCT010001245).
1283,10001135,METHODS,METHODS,"A multi-center, double-blind, randomized controlled trial enrolled 1,200 adult patients across 45 clinical sites. (Stratified cluster 1283)."
1284,10001586,RESULTS,RESULTS,"Combination therapy achieved target blood pressure control in 78.4% of patients compared to 54.2% in the monotherapy group. (Confidence interval 95%, n=456)."
1285,10001707,BACKGROUND,BACKGROUND,Postoperative pain management following major orthopedic surgery is critical for early patient mobilization. (Cohort identifier: 1285).
1286,10001025,OBJECTIVE,OBJECTIVES,This randomized controlled trial aimed to compare low-dose combination therapy against standard monotherapy. (Trial registration: NCT010001025).
1287,10001229,METHODS,METHODS,Eligible participants aged 18-75 years with documented HbA1c > 8.0% underwent 24 weeks of active treatment. (Stratified cluster 1287).
1288,10001592,RESULTS,RESULTS,"Mean postoperative pain scores at 24 hours were significantly reduced in the intervention group (2.1 vs 4.8, p = 0.002). (Confidence interval 95%, n=1258)."
1289,10001963,BACKGROUND,BACKGROUND,Hypertension remains the leading preventable cause of cardiovascular disease and premature death worldwide. (Cohort identifier: 1289).
1290,10001002,OBJECTIVE,OBJECTIVES,This randomized controlled trial aimed to compare low-dose combination therapy against standard monotherapy. (Trial registration: NCT010001002).
1291,10001552,METHODS,METHODS,Eligible participants aged 18-75 years with documented HbA1c > 8.0% underwent 24 weeks of active treatment. (Stratified cluster 1291).
1292,10001708,RESULTS,RESULTS,"Semaglutide significantly reduced mean HbA1c by -1.5% compared to -0.8% with sitagliptin (p < 0.001). (Confidence interval 95%, n=1624)."
1293,10001297,BACKGROUND,BACKGROUND,Type 2 diabetes mellitus is a major chronic metabolic disorder associated with high cardiovascular mortality. (Cohort identifier: 1293).
1294,10001648,OBJECTIVE,OBJECTIVES,We investigated whether cognitive behavioral therapy reduces relapse rates compared to standard pharmacotherapy. (Trial registration: NCT010001648).
1295,10001371,METHODS,METHODS,Statistical analyses followed the intention-to-treat principle using mixed-effects linear regression models. (Stratified cluster 1295).
1296,10001911,RESULTS,RESULTS,"Mean postoperative pain scores at 24 hours were significantly reduced in the intervention group (2.1 vs 4.8, p = 0.002). (Confidence interval 95%, n=254)."
1297,10001107,BACKGROUND,BACKGROUND,Chronic obstructive pulmonary disease exacerbations frequently lead to hospital readmission and increased mortality. (Cohort identifier: 1297).
1298,10001931,OBJECTIVE,OBJECTIVES,The primary aim was to assess the analgesic effectiveness of intravenous dexamethasone versus placebo. (Trial registration: NCT010001931).
1299,10001128,METHODS,METHODS,Eligible participants aged 18-75 years with documented HbA1c > 8.0% underwent 24 weeks of active treatment. (Stratified cluster 1299).
1300,10001106,RESULTS,RESULTS,"Semaglutide significantly reduced mean HbA1c by -1.5% compared to -0.8% with sitagliptin (p < 0.001). (Confidence interval 95%, n=401)."
1301,10001362,BACKGROUND,BACKGROUND,Hypertension remains the leading preventable cause of cardiovascular disease and premature death worldwide. (Cohort identifier: 1301).
1302,10001951,OBJECTIVE,OBJECTIVES,The primary aim was to assess the analgesic effectiveness of intravenous dexamethasone versus placebo. (Trial registration: NCT010001951).
1303,10001512,METHODS,METHODS,Eligible participants aged 18-75 years with documented HbA1c > 8.0% underwent 24 weeks of active treatment. (Stratified cluster 1303).
1304,10001850,RESULTS,RESULTS,"No statistically significant difference in serious adverse events was observed between the active drug and placebo arms. (Confidence interval 95%, n=1571)."
1305,10001970,BACKGROUND,BACKGROUND,Hypertension remains the leading preventable cause of cardiovascular disease and premature death worldwide. (Cohort identifier: 1305).
1306,10001787,OBJECTIVE,OBJECTIVES,We investigated whether cognitive behavioral therapy reduces relapse rates compared to standard pharmacotherapy. (Trial registration: NCT010001787).
1307,10001884,METHODS,METHODS,Statistical analyses followed the intention-to-treat principle using mixed-effects linear regression models. (Stratified cluster 1307).
1308,10001404,RESULTS,RESULTS,"Mean postoperative pain scores at 24 hours were significantly reduced in the intervention group (2.1 vs 4.8, p = 0.002). (Confidence interval 95%, n=1990)."
1309,10001362,BACKGROUND,BACKGROUND,Hypertension remains the leading preventable cause of cardiovascular disease and premature death worldwide. (Cohort identifier: 1309).
1310,10001470,OBJECTIVE,OBJECTIVES,This randomized controlled trial aimed to compare low-dose combination therapy against standard monotherapy. (Trial registration: NCT010001470).
1311,10001943,METHODS,METHODS,Eligible participants aged 18-75 years with documented HbA1c > 8.0% underwent 24 weeks of active treatment. (Stratified cluster 1311).
1312,10001405,RESULTS,RESULTS,"Combination therapy achieved target blood pressure control in 78.4% of patients compared to 54.2% in the monotherapy group. (Confidence interval 95%, n=387)."
1313,10001561,BACKGROUND,BACKGROUND,Type 2 diabetes mellitus is a major chronic metabolic disorder associated with high cardiovascular mortality. (Cohort identifier: 1313).
1314,10001437,OBJECTIVE,OBJECTIVES,This randomized controlled trial aimed to compare low-dose combination therapy against standard monotherapy. (Trial registration: NCT010001437).
1315,10001137,METHODS,METHODS,"A multi-center, double-blind, randomized controlled trial enrolled 1,200 adult patients across 45 clinical sites. (Stratified cluster 1315)."
1316,10001178,RESULTS,RESULTS,"Semaglutide significantly reduced mean HbA1c by -1.5% compared to -0.8% with sitagliptin (p < 0.001). (Confidence interval 95%, n=1553)."
1317,10001399,BACKGROUND,BACKGROUND,Major depressive disorder is a pervasive mental health condition with substantial socioeconomic burden. (Cohort identifier: 1317).
1318,10001070,OBJECTIVE,OBJECTIVES,The primary aim was to assess the analgesic effectiveness of intravenous dexamethasone versus placebo. (Trial registration: NCT010001070).
1319,10001429,METHODS,METHODS,Primary endpoint was change in mean arterial pressure measured at 12 weeks post-randomization. (Stratified cluster 1319).
1320,10001631,RESULTS,RESULTS,"Mean postoperative pain scores at 24 hours were significantly reduced in the intervention group (2.1 vs 4.8, p = 0.002). (Confidence interval 95%, n=732)."
1321,10001188,BACKGROUND,BACKGROUND,Chronic obstructive pulmonary disease exacerbations frequently lead to hospital readmission and increased mortality. (Cohort identifier: 1321).
1322,10001850,OBJECTIVE,OBJECTIVES,This randomized controlled trial aimed to compare low-dose combination therapy against standard monotherapy. (Trial registration: NCT010001850).
1323,10001875,METHODS,METHODS,Eligible participants aged 18-75 years with documented HbA1c > 8.0% underwent 24 weeks of active treatment. (Stratified cluster 1323).
1324,10001634,RESULTS,RESULTS,"Semaglutide significantly reduced mean HbA1c by -1.5% compared to -0.8% with sitagliptin (p < 0.001). (Confidence interval 95%, n=554)."
1325,10001497,BACKGROUND,BACKGROUND,Major depressive disorder is a pervasive mental health condition with substantial socioeconomic burden. (Cohort identifier: 1325).
1326,10001740,OBJECTIVE,OBJECTIVES,We investigated whether cognitive behavioral therapy reduces relapse rates compared to standard pharmacotherapy. (Trial registration: NCT010001740).
1327,10001850,METHODS,METHODS,Participants were randomly allocated (1:1) using computer-generated block randomization to receive drug A or placebo. (Stratified cluster 1327).
1328,10001588,RESULTS,RESULTS,"Combination therapy achieved target blood pressure control in 78.4% of patients compared to 54.2% in the monotherapy group. (Confidence interval 95%, n=1029)."
1329,10001104,BACKGROUND,BACKGROUND,Hypertension remains the leading preventable cause of cardiovascular disease and premature death worldwide. (Cohort identifier: 1329).
1330,10001417,OBJECTIVE,OBJECTIVES,We investigated whether cognitive behavioral therapy reduces relapse rates compared to standard pharmacotherapy. (Trial registration: NCT010001417).
1331,10001379,METHODS,METHODS,Primary endpoint was change in mean arterial pressure measured at 12 weeks post-randomization. (Stratified cluster 1331).
1332,10001614,RESULTS,RESULTS,"No statistically significant difference in serious adverse events was observed between the active drug and placebo arms. (Confidence interval 95%, n=1616)."
1333,10001552,BACKGROUND,BACKGROUND,Type 2 diabetes mellitus is a major chronic metabolic disorder associated with high cardiovascular mortality. (Cohort identifier: 1333).
1334,10001828,OBJECTIVE,OBJECTIVES,We investigated whether cognitive behavioral therapy reduces relapse rates compared to standard pharmacotherapy. (Trial registration: NCT010001828).
1335,10001709,METHODS,METHODS,Participants were randomly allocated (1:1) using computer-generated block randomization to receive drug A or placebo. (Stratified cluster 1335).
1336,10001846,RESULTS,RESULTS,"No statistically significant difference in serious adverse events was observed between the active drug and placebo arms. (Confidence interval 95%, n=1827)."
1337,10001638,BACKGROUND,BACKGROUND,Hypertension remains the leading preventable cause of cardiovascular disease and premature death worldwide. (Cohort identifier: 1337).
1338,10001514,OBJECTIVE,OBJECTIVES,The primary aim was to assess the analgesic effectiveness of intravenous dexamethasone versus placebo. (Trial registration: NCT010001514).
1339,10001965,METHODS,METHODS,Primary endpoint was change in mean arterial pressure measured at 12 weeks post-randomization. (Stratified cluster 1339).
1340,10001381,RESULTS,RESULTS,"The 12-month relapse rate was significantly lower in the combined therapy arm (18.2% vs 34.6%, HR: 0.48, 9: 0.31-0.75). (Confidence interval 95%, n=184)."
1341,10001556,BACKGROUND,BACKGROUND,Hypertension remains the leading preventable cause of cardiovascular disease and premature death worldwide. (Cohort identifier: 1341).
1342,10001679,OBJECTIVE,OBJECTIVES,This randomized controlled trial aimed to compare low-dose combination therapy against standard monotherapy. (Trial registration: NCT010001679).
1343,10001539,METHODS,METHODS,Statistical analyses followed the intention-to-treat principle using mixed-effects linear regression models. (Stratified cluster 1343).
1344,10001912,RESULTS,RESULTS,"Semaglutide significantly reduced mean HbA1c by -1.5% compared to -0.8% with sitagliptin (p < 0.001). (Confidence interval 95%, n=2152)."
1345,10001771,BACKGROUND,BACKGROUND,Hypertension remains the leading preventable cause of cardiovascular disease and premature death worldwide. (Cohort identifier: 1345).
1346,10001683,OBJECTIVE,OBJECTIVES,The primary aim was to assess the analgesic effectiveness of intravenous dexamethasone versus placebo. (Trial registration: NCT010001683).
1347,10001178,METHODS,METHODS,"A multi-center, double-blind, randomized controlled trial enrolled 1,200 adult patients across 45 clinical sites. (Stratified cluster 1347)."
1348,10001459,RESULTS,RESULTS,"The 12-month relapse rate was significantly lower in the combined therapy arm (18.2% vs 34.6%, HR: 0.48, 9: 0.31-0.75). (Confidence interval 95%, n=1769)."
1349,10001119,BACKGROUND,BACKGROUND,Postoperative pain management following major orthopedic surgery is critical for early patient mobilization. (Cohort identifier: 1349).
1350,10001314,OBJECTIVE,OBJECTIVES,To determine if inhaled corticosteroid cessation increases acute exacerbation risk in moderate COPD. (Trial registration: NCT010001314).
1351,10001165,METHODS,METHODS,Statistical analyses followed the intention-to-treat principle using mixed-effects linear regression models. (Stratified cluster 1351).
1352,10001070,RESULTS,RESULTS,"Mean postoperative pain scores at 24 hours were significantly reduced in the intervention group (2.1 vs 4.8, p = 0.002). (Confidence interval 95%, n=1863)."
1353,10001819,BACKGROUND,BACKGROUND,Hypertension remains the leading preventable cause of cardiovascular disease and premature death worldwide. (Cohort identifier: 1353).
1354,10001335,OBJECTIVE,OBJECTIVES,The primary aim was to assess the analgesic effectiveness of intravenous dexamethasone versus placebo. (Trial registration: NCT010001335).
1355,10001228,METHODS,METHODS,Statistical analyses followed the intention-to-treat principle using mixed-effects linear regression models. (Stratified cluster 1355).
1356,10001062,RESULTS,RESULTS,"Combination therapy achieved target blood pressure control in 78.4% of patients compared to 54.2% in the monotherapy group. (Confidence interval 95%, n=794)."
1357,10001823,BACKGROUND,BACKGROUND,Type 2 diabetes mellitus is a major chronic metabolic disorder associated with high cardiovascular mortality. (Cohort identifier: 1357).
1358,10001089,OBJECTIVE,OBJECTIVES,The primary aim was to assess the analgesic effectiveness of intravenous dexamethasone versus placebo. (Trial registration: NCT010001089).
1359,10001146,METHODS,METHODS,Eligible participants aged 18-75 years with documented HbA1c > 8.0% underwent 24 weeks of active treatment. (Stratified cluster 1359).
1360,10001810,RESULTS,RESULTS,"Combination therapy achieved target blood pressure control in 78.4% of patients compared to 54.2% in the monotherapy group. (Confidence interval 95%, n=1316)."
1361,10001793,BACKGROUND,BACKGROUND,Major depressive disorder is a pervasive mental health condition with substantial socioeconomic burden. (Cohort identifier: 1361).
1362,10001143,OBJECTIVE,OBJECTIVES,This randomized controlled trial aimed to compare low-dose combination therapy against standard monotherapy. (Trial registration: NCT010001143).
1363,10001637,METHODS,METHODS,Participants were randomly allocated (1:1) using computer-generated block randomization to receive drug A or placebo. (Stratified cluster 1363).
1364,10001208,RESULTS,RESULTS,"Combination therapy achieved target blood pressure control in 78.4% of patients compared to 54.2% in the monotherapy group. (Confidence interval 95%, n=1635)."
1365,10001891,BACKGROUND,BACKGROUND,Major depressive disorder is a pervasive mental health condition with substantial socioeconomic burden. (Cohort identifier: 1365).
1366,10001353,OBJECTIVE,OBJECTIVES,To evaluate the efficacy and safety of once-weekly semaglutide compared to daily sitagliptin in adults. (Trial registration: NCT010001353).
1367,10001685,METHODS,METHODS,Eligible participants aged 18-75 years with documented HbA1c > 8.0% underwent 24 weeks of active treatment. (Stratified cluster 1367).
1368,10001347,RESULTS,RESULTS,"Combination therapy achieved target blood pressure control in 78.4% of patients compared to 54.2% in the monotherapy group. (Confidence interval 95%, n=565)."
1369,10001958,BACKGROUND,BACKGROUND,Postoperative pain management following major orthopedic surgery is critical for early patient mobilization. (Cohort identifier: 1369).
1370,10001224,OBJECTIVE,OBJECTIVES,This randomized controlled trial aimed to compare low-dose combination therapy against standard monotherapy. (Trial registration: NCT010001224).
1371,10001404,METHODS,METHODS,Participants were randomly allocated (1:1) using computer-generated block randomization to receive drug A or placebo. (Stratified cluster 1371).
1372,10001501,RESULTS,RESULTS,"The 12-month relapse rate was significantly lower in the combined therapy arm (18.2% vs 34.6%, HR: 0.48, 9: 0.31-0.75). (Confidence interval 95%, n=370)."
1373,10001432,BACKGROUND,BACKGROUND,Chronic obstructive pulmonary disease exacerbations frequently lead to hospital readmission and increased mortality. (Cohort identifier: 1373).
1374,10001461,OBJECTIVE,OBJECTIVES,The primary aim was to assess the analgesic effectiveness of intravenous dexamethasone versus placebo. (Trial registration: NCT010001461).
1375,10001656,METHODS,METHODS,Eligible participants aged 18-75 years with documented HbA1c > 8.0% underwent 24 weeks of active treatment. (Stratified cluster 1375).
1376,10001341,RESULTS,RESULTS,"Mean postoperative pain scores at 24 hours were significantly reduced in the intervention group (2.1 vs 4.8, p = 0.002). (Confidence interval 95%, n=905)."
1377,10001117,BACKGROUND,BACKGROUND,Type 2 diabetes mellitus is a major chronic metabolic disorder associated with high cardiovascular mortality. (Cohort identifier: 1377).
1378,10001594,OBJECTIVE,OBJECTIVES,This randomized controlled trial aimed to compare low-dose combination therapy against standard monotherapy. (Trial registration: NCT010001594).
1379,10001036,METHODS,METHODS,Eligible participants aged 18-75 years with documented HbA1c > 8.0% underwent 24 weeks of active treatment. (Stratified cluster 1379).
1380,10001238,RESULTS,RESULTS,"No statistically significant difference in serious adverse events was observed between the active drug and placebo arms. (Confidence interval 95%, n=1879)."
1381,10001828,BACKGROUND,BACKGROUND,Major depressive disorder is a pervasive mental health condition with substantial socioeconomic burden. (Cohort identifier: 1381).
1382,10001767,OBJECTIVE,OBJECTIVES,We investigated whether cognitive behavioral therapy reduces relapse rates compared to standard pharmacotherapy. (Trial registration: NCT010001767).
1383,10001232,METHODS,METHODS,Participants were randomly allocated (1:1) using computer-generated block randomization to receive drug A or placebo. (Stratified cluster 1383).
1384,10001703,RESULTS,RESULTS,"No statistically significant difference in serious adverse events was observed between the active drug and placebo arms. (Confidence interval 95%, n=731)."
1385,10001897,BACKGROUND,BACKGROUND,Type 2 diabetes mellitus is a major chronic metabolic disorder associated with high cardiovascular mortality. (Cohort identifier: 1385).
1386,10001428,OBJECTIVE,OBJECTIVES,To determine if inhaled corticosteroid cessation increases acute exacerbation risk in moderate COPD. (Trial registration: NCT010001428).
1387,10001772,METHODS,METHODS,Primary endpoint was change in mean arterial pressure measured at 12 weeks post-randomization. (Stratified cluster 1387).
1388,10001632,RESULTS,RESULTS,"No statistically significant difference in serious adverse events was observed between the active drug and placebo arms. (Confidence interval 95%, n=1222)."
1389,10001716,BACKGROUND,BACKGROUND,Hypertension remains the leading preventable cause of cardiovascular disease and premature death worldwide. (Cohort identifier: 1389).
1390,10001149,OBJECTIVE,OBJECTIVES,To determine if inhaled corticosteroid cessation increases acute exacerbation risk in moderate COPD. (Trial registration: NCT010001149).
1391,10001035,METHODS,METHODS,Primary endpoint was change in mean arterial pressure measured at 12 weeks post-randomization. (Stratified cluster 1391).
1392,10001487,RESULTS,RESULTS,"Mean postoperative pain scores at 24 hours were significantly reduced in the intervention group (2.1 vs 4.8, p = 0.002). (Confidence interval 95%, n=288)."
1393,10001547,BACKGROUND,BACKGROUND,Major depressive disorder is a pervasive mental health condition with substantial socioeconomic burden. (Cohort identifier: 1393).
1394,10001542,OBJECTIVE,OBJECTIVES,The primary aim was to assess the analgesic effectiveness of intravenous dexamethasone versus placebo. (Trial registration: NCT010001542).
1395,10001811,METHODS,METHODS,Eligible participants aged 18-75 years with documented HbA1c > 8.0% underwent 24 weeks of active treatment. (Stratified cluster 1395).
1396,10001152,RESULTS,RESULTS,"The 12-month relapse rate was significantly lower in the combined therapy arm (18.2% vs 34.6%, HR: 0.48, 9: 0.31-0.75). (Confidence interval 95%, n=1459)."
1397,10001705,BACKGROUND,BACKGROUND,Chronic obstructive pulmonary disease exacerbations frequently lead to hospital readmission and increased mortality. (Cohort identifier: 1397).
1398,10001409,OBJECTIVE,OBJECTIVES,We investigated whether cognitive behavioral therapy reduces relapse rates compared to standard pharmacotherapy. (Trial registration: NCT010001409).
1399,10001874,METHODS,METHODS,Primary endpoint was change in mean arterial pressure measured at 12 weeks post-randomization. (Stratified cluster 1399).
1400,10001554,RESULTS,RESULTS,"No statistically significant difference in serious adverse events was observed between the active drug and placebo arms. (Confidence interval 95%, n=402)."
1401,10001663,BACKGROUND,BACKGROUND,Chronic obstructive pulmonary disease exacerbations frequently lead to hospital readmission and increased mortality. (Cohort identifier: 1401).
1402,10001377,OBJECTIVE,OBJECTIVES,We investigated whether cognitive behavioral therapy reduces relapse rates compared to standard pharmacotherapy. (Trial registration: NCT010001377).
1403,10001236,METHODS,METHODS,Statistical analyses followed the intention-to-treat principle using mixed-effects linear regression models. (Stratified cluster 1403).
1404,10001925,RESULTS,RESULTS,"Semaglutide significantly reduced mean HbA1c by -1.5% compared to -0.8% with sitagliptin (p < 0.001). (Confidence interval 95%, n=2174)."
1405,10001555,BACKGROUND,BACKGROUND,Chronic obstructive pulmonary disease exacerbations frequently lead to hospital readmission and increased mortality. (Cohort identifier: 1405).
1406,10001404,OBJECTIVE,OBJECTIVES,This randomized controlled trial aimed to compare low-dose combination therapy against standard monotherapy. (Trial registration: NCT010001404).
1407,10001785,METHODS,METHODS,Primary endpoint was change in mean arterial pressure measured at 12 weeks post-randomization. (Stratified cluster 1407).
1408,10001896,RESULTS,RESULTS,"Combination therapy achieved target blood pressure control in 78.4% of patients compared to 54.2% in the monotherapy group. (Confidence interval 95%, n=1165)."
1409,10001375,BACKGROUND,BACKGROUND,Hypertension remains the leading preventable cause of cardiovascular disease and premature death worldwide. (Cohort identifier: 1409).
1410,10001703,OBJECTIVE,OBJECTIVES,To determine if inhaled corticosteroid cessation increases acute exacerbation risk in moderate COPD. (Trial registration: NCT010001703).
1411,10001754,METHODS,METHODS,Participants were randomly allocated (1:1) using computer-generated block randomization to receive drug A or placebo. (Stratified cluster 1411).
1412,10001410,RESULTS,RESULTS,"The 12-month relapse rate was significantly lower in the combined therapy arm (18.2% vs 34.6%, HR: 0.48, 9: 0.31-0.75). (Confidence interval 95%, n=2163)."
1413,10001992,BACKGROUND,BACKGROUND,Postoperative pain management following major orthopedic surgery is critical for early patient mobilization. (Cohort identifier: 1413).
1414,10001708,OBJECTIVE,OBJECTIVES,This randomized controlled trial aimed to compare low-dose combination therapy against standard monotherapy. (Trial registration: NCT010001708).
1415,10001223,METHODS,METHODS,Primary endpoint was change in mean arterial pressure measured at 12 weeks post-randomization. (Stratified cluster 1415).
1416,10001694,RESULTS,RESULTS,"No statistically significant difference in serious adverse events was observed between the active drug and placebo arms. (Confidence interval 95%, n=232)."
1417,10001815,BACKGROUND,BACKGROUND,Major depressive disorder is a pervasive mental health condition with substantial socioeconomic burden. (Cohort identifier: 1417).
1418,10001967,OBJECTIVE,OBJECTIVES,The primary aim was to assess the analgesic effectiveness of intravenous dexamethasone versus placebo. (Trial registration: NCT010001967).
1419,10001292,METHODS,METHODS,Statistical analyses followed the intention-to-treat principle using mixed-effects linear regression models. (Stratified cluster 1419).
1420,10001759,RESULTS,RESULTS,"Mean postoperative pain scores at 24 hours were significantly reduced in the intervention group (2.1 vs 4.8, p = 0.002). (Confidence interval 95%, n=1929)."
1421,10001821,BACKGROUND,BACKGROUND,Major depressive disorder is a pervasive mental health condition with substantial socioeconomic burden. (Cohort identifier: 1421).
1422,10001939,OBJECTIVE,OBJECTIVES,The primary aim was to assess the analgesic effectiveness of intravenous dexamethasone versus placebo. (Trial registration: NCT010001939).
1423,10001300,METHODS,METHODS,Participants were randomly allocated (1:1) using computer-generated block randomization to receive drug A or placebo. (Stratified cluster 1423).
1424,10001669,RESULTS,RESULTS,"No statistically significant difference in serious adverse events was observed between the active drug and placebo arms. (Confidence interval 95%, n=1626)."
1425,10001306,BACKGROUND,BACKGROUND,Major depressive disorder is a pervasive mental health condition with substantial socioeconomic burden. (Cohort identifier: 1425).
1426,10001086,OBJECTIVE,OBJECTIVES,The primary aim was to assess the analgesic effectiveness of intravenous dexamethasone versus placebo. (Trial registration: NCT010001086).
1427,10001987,METHODS,METHODS,Statistical analyses followed the intention-to-treat principle using mixed-effects linear regression models. (Stratified cluster 1427).
1428,10001491,RESULTS,RESULTS,"Semaglutide significantly reduced mean HbA1c by -1.5% compared to -0.8% with sitagliptin (p < 0.001). (Confidence interval 95%, n=1479)."
1429,10001186,BACKGROUND,BACKGROUND,Postoperative pain management following major orthopedic surgery is critical for early patient mobilization. (Cohort identifier: 1429).
1430,10001093,OBJECTIVE,OBJECTIVES,The primary aim was to assess the analgesic effectiveness of intravenous dexamethasone versus placebo. (Trial registration: NCT010001093).
1431,10001048,METHODS,METHODS,Eligible participants aged 18-75 years with documented HbA1c > 8.0% underwent 24 weeks of active treatment. (Stratified cluster 1431).
1432,10001368,RESULTS,RESULTS,"Combination therapy achieved target blood pressure control in 78.4% of patients compared to 54.2% in the monotherapy group. (Confidence interval 95%, n=1735)."
1433,10001542,BACKGROUND,BACKGROUND,Chronic obstructive pulmonary disease exacerbations frequently lead to hospital readmission and increased mortality. (Cohort identifier: 1433).
1434,10001922,OBJECTIVE,OBJECTIVES,This randomized controlled trial aimed to compare low-dose combination therapy against standard monotherapy. (Trial registration: NCT010001922).
1435,10001166,METHODS,METHODS,Eligible participants aged 18-75 years with documented HbA1c > 8.0% underwent 24 weeks of active treatment. (Stratified cluster 1435).
1436,10001361,RESULTS,RESULTS,"Semaglutide significantly reduced mean HbA1c by -1.5% compared to -0.8% with sitagliptin (p < 0.001). (Confidence interval 95%, n=345)."
1437,10001922,BACKGROUND,BACKGROUND,Postoperative pain management following major orthopedic surgery is critical for early patient mobilization. (Cohort identifier: 1437).
1438,10001631,OBJECTIVE,OBJECTIVES,The primary aim was to assess the analgesic effectiveness of intravenous dexamethasone versus placebo. (Trial registration: NCT010001631).
1439,10001544,METHODS,METHODS,Eligible participants aged 18-75 years with documented HbA1c > 8.0% underwent 24 weeks of active treatment. (Stratified cluster 1439).
1440,10001890,RESULTS,RESULTS,"Combination therapy achieved target blood pressure control in 78.4% of patients compared to 54.2% in the monotherapy group. (Confidence interval 95%, n=2011)."
1441,10001336,BACKGROUND,BACKGROUND,Postoperative pain management following major orthopedic surgery is critical for early patient mobilization. (Cohort identifier: 1441).
1442,10001318,OBJECTIVE,OBJECTIVES,To evaluate the efficacy and safety of once-weekly semaglutide compared to daily sitagliptin in adults. (Trial registration: NCT010001318).
1443,10001925,METHODS,METHODS,Eligible participants aged 18-75 years with documented HbA1c > 8.0% underwent 24 weeks of active treatment. (Stratified cluster 1443).
1444,10001068,RESULTS,RESULTS,"Semaglutide significantly reduced mean HbA1c by -1.5% compared to -0.8% with sitagliptin (p < 0.001). (Confidence interval 95%, n=2433)."
1445,10001421,BACKGROUND,BACKGROUND,Postoperative pain management following major orthopedic surgery is critical for early patient mobilization. (Cohort identifier: 1445).
1446,10001777,OBJECTIVE,OBJECTIVES,This randomized controlled trial aimed to compare low-dose combination therapy against standard monotherapy. (Trial registration: NCT010001777).
1447,10001154,METHODS,METHODS,Participants were randomly allocated (1:1) using computer-generated block randomization to receive drug A or placebo. (Stratified cluster 1447).
1448,10001605,RESULTS,RESULTS,"No statistically significant difference in serious adverse events was observed between the active drug and placebo arms. (Confidence interval 95%, n=1617)."
1449,10001077,BACKGROUND,BACKGROUND,Chronic obstructive pulmonary disease exacerbations frequently lead to hospital readmission and increased mortality. (Cohort identifier: 1449).
1450,10001936,OBJECTIVE,OBJECTIVES,To evaluate the efficacy and safety of once-weekly semaglutide compared to daily sitagliptin in adults. (Trial registration: NCT010001936).
1451,10001041,METHODS,METHODS,Primary endpoint was change in mean arterial pressure measured at 12 weeks post-randomization. (Stratified cluster 1451).
1452,10001608,RESULTS,RESULTS,"Mean postoperative pain scores at 24 hours were significantly reduced in the intervention group (2.1 vs 4.8, p = 0.002). (Confidence interval 95%, n=652)."
1453,10001931,BACKGROUND,BACKGROUND,Type 2 diabetes mellitus is a major chronic metabolic disorder associated with high cardiovascular mortality. (Cohort identifier: 1453).
1454,10001836,OBJECTIVE,OBJECTIVES,To evaluate the efficacy and safety of once-weekly semaglutide compared to daily sitagliptin in adults. (Trial registration: NCT010001836).
1455,10001501,METHODS,METHODS,"A multi-center, double-blind, randomized controlled trial enrolled 1,200 adult patients across 45 clinical sites. (Stratified cluster 1455)."
1456,10001616,RESULTS,RESULTS,"Combination therapy achieved target blood pressure control in 78.4% of patients compared to 54.2% in the monotherapy group. (Confidence interval 95%, n=1479)."
1457,10001980,BACKGROUND,BACKGROUND,Chronic obstructive pulmonary disease exacerbations frequently lead to hospital readmission and increased mortality. (Cohort identifier: 1457).
1458,10001104,OBJECTIVE,OBJECTIVES,This randomized controlled trial aimed to compare low-dose combination therapy against standard monotherapy. (Trial registration: NCT010001104).
1459,10001131,METHODS,METHODS,"A multi-center, double-blind, randomized controlled trial enrolled 1,200 adult patients across 45 clinical sites. (Stratified cluster 1459)."
1460,10001670,RESULTS,RESULTS,"The 12-month relapse rate was significantly lower in the combined therapy arm (18.2% vs 34.6%, HR: 0.48, 9: 0.31-0.75). (Confidence interval 95%, n=241)."
1461,10001772,BACKGROUND,BACKGROUND,Type 2 diabetes mellitus is a major chronic metabolic disorder associated with high cardiovascular mortality. (Cohort identifier: 1461).
1462,10001960,OBJECTIVE,OBJECTIVES,To evaluate the efficacy and safety of once-weekly semaglutide compared to daily sitagliptin in adults. (Trial registration: NCT010001960).
1463,10001812,METHODS,METHODS,Statistical analyses followed the intention-to-treat principle using mixed-effects linear regression models. (Stratified cluster 1463).
1464,10001058,RESULTS,RESULTS,"Combination therapy achieved target blood pressure control in 78.4% of patients compared to 54.2% in the monotherapy group. (Confidence interval 95%, n=2137)."
1465,10001126,BACKGROUND,BACKGROUND,Major depressive disorder is a pervasive mental health condition with substantial socioeconomic burden. (Cohort identifier: 1465).
1466,10001913,OBJECTIVE,OBJECTIVES,To evaluate the efficacy and safety of once-weekly semaglutide compared to daily sitagliptin in adults. (Trial registration: NCT010001913).
1467,10001327,METHODS,METHODS,"A multi-center, double-blind, randomized controlled trial enrolled 1,200 adult patients across 45 clinical sites. (Stratified cluster 1467)."
1468,10001291,RESULTS,RESULTS,"The 12-month relapse rate was significantly lower in the combined therapy arm (18.2% vs 34.6%, HR: 0.48, 9: 0.31-0.75). (Confidence interval 95%, n=1936)."
1469,10001888,BACKGROUND,BACKGROUND,Postoperative pain management following major orthopedic surgery is critical for early patient mobilization. (Cohort identifier: 1469).
1470,10001911,OBJECTIVE,OBJECTIVES,To evaluate the efficacy and safety of once-weekly semaglutide compared to daily sitagliptin in adults. (Trial registration: NCT010001911).
1471,10001718,METHODS,METHODS,Participants were randomly allocated (1:1) using computer-generated block randomization to receive drug A or placebo. (Stratified cluster 1471).
1472,10001997,RESULTS,RESULTS,"Combination therapy achieved target blood pressure control in 78.4% of patients compared to 54.2% in the monotherapy group. (Confidence interval 95%, n=2051)."
1473,10001098,BACKGROUND,BACKGROUND,Postoperative pain management following major orthopedic surgery is critical for early patient mobilization. (Cohort identifier: 1473).
1474,10001181,OBJECTIVE,OBJECTIVES,The primary aim was to assess the analgesic effectiveness of intravenous dexamethasone versus placebo. (Trial registration: NCT010001181).
1475,10001691,METHODS,METHODS,Primary endpoint was change in mean arterial pressure measured at 12 weeks post-randomization. (Stratified cluster 1475).
1476,10001124,RESULTS,RESULTS,"No statistically significant difference in serious adverse events was observed between the active drug and placebo arms. (Confidence interval 95%, n=739)."
1477,10001690,BACKGROUND,BACKGROUND,Type 2 diabetes mellitus is a major chronic metabolic disorder associated with high cardiovascular mortality. (Cohort identifier: 1477).
1478,10001028,OBJECTIVE,OBJECTIVES,The primary aim was to assess the analgesic effectiveness of intravenous dexamethasone versus placebo. (Trial registration: NCT010001028).
1479,10001652,METHODS,METHODS,Eligible participants aged 18-75 years with documented HbA1c > 8.0% underwent 24 weeks of active treatment. (Stratified cluster 1479).
1480,10001402,RESULTS,RESULTS,"Semaglutide significantly reduced mean HbA1c by -1.5% compared to -0.8% with sitagliptin (p < 0.001). (Confidence interval 95%, n=1542)."
1481,10001742,BACKGROUND,BACKGROUND,Type 2 diabetes mellitus is a major chronic metabolic disorder associated with high cardiovascular mortality. (Cohort identifier: 1481).
1482,10001669,OBJECTIVE,OBJECTIVES,This randomized controlled trial aimed to compare low-dose combination therapy against standard monotherapy. (Trial registration: NCT010001669).
1483,10001749,METHODS,METHODS,"A multi-center, double-blind, randomized controlled trial enrolled 1,200 adult patients across 45 clinical sites. (Stratified cluster 1483)."
1484,10001545,RESULTS,RESULTS,"The 12-month relapse rate was significantly lower in the combined therapy arm (18.2% vs 34.6%, HR: 0.48, 9: 0.31-0.75). (Confidence interval 95%, n=1549)."
1485,10001488,BACKGROUND,BACKGROUND,Chronic obstructive pulmonary disease exacerbations frequently lead to hospital readmission and increased mortality. (Cohort identifier: 1485).
1486,10001613,OBJECTIVE,OBJECTIVES,To determine if inhaled corticosteroid cessation increases acute exacerbation risk in moderate COPD. (Trial registration: NCT010001613).
1487,10001820,METHODS,METHODS,Eligible participants aged 18-75 years with documented HbA1c > 8.0% underwent 24 weeks of active treatment. (Stratified cluster 1487).
1488,10001576,RESULTS,RESULTS,"Mean postoperative pain scores at 24 hours were significantly reduced in the intervention group (2.1 vs 4.8, p = 0.002). (Confidence interval 95%, n=1111)."
1489,10001823,BACKGROUND,BACKGROUND,Postoperative pain management following major orthopedic surgery is critical for early patient mobilization. (Cohort identifier: 1489).
1490,10001692,OBJECTIVE,OBJECTIVES,This randomized controlled trial aimed to compare low-dose combination therapy against standard monotherapy. (Trial registration: NCT010001692).
1491,10001846,METHODS,METHODS,"A multi-center, double-blind, randomized controlled trial enrolled 1,200 adult patients across 45 clinical sites. (Stratified cluster 1491)."
1492,10001573,RESULTS,RESULTS,"Semaglutide significantly reduced mean HbA1c by -1.5% compared to -0.8% with sitagliptin (p < 0.001). (Confidence interval 95%, n=1319)."
1493,10001021,BACKGROUND,BACKGROUND,Hypertension remains the leading preventable cause of cardiovascular disease and premature death worldwide. (Cohort identifier: 1493).
1494,10001266,OBJECTIVE,OBJECTIVES,This randomized controlled trial aimed to compare low-dose combination therapy against standard monotherapy. (Trial registration: NCT010001266).
1495,10001091,METHODS,METHODS,Participants were randomly allocated (1:1) using computer-generated block randomization to receive drug A or placebo. (Stratified cluster 1495).
1496,10001930,RESULTS,RESULTS,"Mean postoperative pain scores at 24 hours were significantly reduced in the intervention group (2.1 vs 4.8, p = 0.002). (Confidence interval 95%, n=1752)."
1497,10001498,BACKGROUND,BACKGROUND,Postoperative pain management following major orthopedic surgery is critical for early patient mobilization. (Cohort identifier: 1497).
1498,10001566,OBJECTIVE,OBJECTIVES,We investigated whether cognitive behavioral therapy reduces relapse rates compared to standard pharmacotherapy. (Trial registration: NCT010001566).
1499,10001583,METHODS,METHODS,"A multi-center, double-blind, randomized controlled trial enrolled 1,200 adult patients across 45 clinical sites. (Stratified cluster 1499)."
1500,10001465,RESULTS,RESULTS,"Combination therapy achieved target blood pressure control in 78.4% of patients compared to 54.2% in the monotherapy group. (Confidence interval 95%, n=2273)."
1501,10001448,BACKGROUND,BACKGROUND,Major depressive disorder is a pervasive mental health condition with substantial socioeconomic burden. (Cohort identifier: 1501).
1502,10001450,OBJECTIVE,OBJECTIVES,To evaluate the efficacy and safety of once-weekly semaglutide compared to daily sitagliptin in adults. (Trial registration: NCT010001450).
1503,10001227,METHODS,METHODS,Eligible participants aged 18-75 years with documented HbA1c > 8.0% underwent 24 weeks of active treatment. (Stratified cluster 1503).
1504,10001114,RESULTS,RESULTS,"Combination therapy achieved target blood pressure control in 78.4% of patients compared to 54.2% in the monotherapy group. (Confidence interval 95%, n=1133)."
1505,10001251,BACKGROUND,BACKGROUND,Chronic obstructive pulmonary disease exacerbations frequently lead to hospital readmission and increased mortality. (Cohort identifier: 1505).
1506,10001295,OBJECTIVE,OBJECTIVES,This randomized controlled trial aimed to compare low-dose combination therapy against standard monotherapy. (Trial registration: NCT010001295).
1507,10001112,METHODS,METHODS,Primary endpoint was change in mean arterial pressure measured at 12 weeks post-randomization. (Stratified cluster 1507).
1508,10001881,RESULTS,RESULTS,"Mean postoperative pain scores at 24 hours were significantly reduced in the intervention group (2.1 vs 4.8, p = 0.002). (Confidence interval 95%, n=1129)."
1509,10001141,BACKGROUND,BACKGROUND,Hypertension remains the leading preventable cause of cardiovascular disease and premature death worldwide. (Cohort identifier: 1509).
1510,10001344,OBJECTIVE,OBJECTIVES,The primary aim was to assess the analgesic effectiveness of intravenous dexamethasone versus placebo. (Trial registration: NCT010001344).
1511,10001346,METHODS,METHODS,Statistical analyses followed the intention-to-treat principle using mixed-effects linear regression models. (Stratified cluster 1511).
1512,10001788,RESULTS,RESULTS,"Combination therapy achieved target blood pressure control in 78.4% of patients compared to 54.2% in the monotherapy group. (Confidence interval 95%, n=1853)."
1513,10001829,BACKGROUND,BACKGROUND,Type 2 diabetes mellitus is a major chronic metabolic disorder associated with high cardiovascular mortality. (Cohort identifier: 1513).
1514,10001528,OBJECTIVE,OBJECTIVES,This randomized controlled trial aimed to compare low-dose combination therapy against standard monotherapy. (Trial registration: NCT010001528).
1515,10001254,METHODS,METHODS,Eligible participants aged 18-75 years with documented HbA1c > 8.0% underwent 24 weeks of active treatment. (Stratified cluster 1515).
1516,10001057,RESULTS,RESULTS,"Combination therapy achieved target blood pressure control in 78.4% of patients compared to 54.2% in the monotherapy group. (Confidence interval 95%, n=222)."
1517,10001097,BACKGROUND,BACKGROUND,Postoperative pain management following major orthopedic surgery is critical for early patient mobilization. (Cohort identifier: 1517).
1518,10001454,OBJECTIVE,OBJECTIVES,To determine if inhaled corticosteroid cessation increases acute exacerbation risk in moderate COPD. (Trial registration: NCT010001454).
1519,10001841,METHODS,METHODS,Primary endpoint was change in mean arterial pressure measured at 12 weeks post-randomization. (Stratified cluster 1519).
1520,10001521,RESULTS,RESULTS,"Mean postoperative pain scores at 24 hours were significantly reduced in the intervention group (2.1 vs 4.8, p = 0.002). (Confidence interval 95%, n=926)."
1521,10001609,BACKGROUND,BACKGROUND,Hypertension remains the leading preventable cause of cardiovascular disease and premature death worldwide. (Cohort identifier: 1521).
1522,10001203,OBJECTIVE,OBJECTIVES,This randomized controlled trial aimed to compare low-dose combination therapy against standard monotherapy. (Trial registration: NCT010001203).
1523,10001137,METHODS,METHODS,Participants were randomly allocated (1:1) using computer-generated block randomization to receive drug A or placebo. (Stratified cluster 1523).
1524,10001747,RESULTS,RESULTS,"Combination therapy achieved target blood pressure control in 78.4% of patients compared to 54.2% in the monotherapy group. (Confidence interval 95%, n=151)."
1525,10001478,BACKGROUND,BACKGROUND,Postoperative pain management following major orthopedic surgery is critical for early patient mobilization. (Cohort identifier: 1525).
1526,10001462,OBJECTIVE,OBJECTIVES,To determine if inhaled corticosteroid cessation increases acute exacerbation risk in moderate COPD. (Trial registration: NCT010001462).
1527,10001999,METHODS,METHODS,Statistical analyses followed the intention-to-treat principle using mixed-effects linear regression models. (Stratified cluster 1527).
1528,10001028,RESULTS,RESULTS,"Mean postoperative pain scores at 24 hours were significantly reduced in the intervention group (2.1 vs 4.8, p = 0.002). (Confidence interval 95%, n=1092)."
1529,10001944,BACKGROUND,BACKGROUND,Major depressive disorder is a pervasive mental health condition with substantial socioeconomic burden. (Cohort identifier: 1529).
1530,10001901,OBJECTIVE,OBJECTIVES,We investigated whether cognitive behavioral therapy reduces relapse rates compared to standard pharmacotherapy. (Trial registration: NCT010001901).
1531,10001513,METHODS,METHODS,"A multi-center, double-blind, randomized controlled trial enrolled 1,200 adult patients across 45 clinical sites. (Stratified cluster 1531)."
1532,10001091,RESULTS,RESULTS,"No statistically significant difference in serious adverse events was observed between the active drug and placebo arms. (Confidence interval 95%, n=1378)."
1533,10001999,BACKGROUND,BACKGROUND,Type 2 diabetes mellitus is a major chronic metabolic disorder associated with high cardiovascular mortality. (Cohort identifier: 1533).
1534,10001328,OBJECTIVE,OBJECTIVES,We investigated whether cognitive behavioral therapy reduces relapse rates compared to standard pharmacotherapy. (Trial registration: NCT010001328).
1535,10001653,METHODS,METHODS,Eligible participants aged 18-75 years with documented HbA1c > 8.0% underwent 24 weeks of active treatment. (Stratified cluster 1535).
1536,10001430,RESULTS,RESULTS,"Mean postoperative pain scores at 24 hours were significantly reduced in the intervention group (2.1 vs 4.8, p = 0.002). (Confidence interval 95%, n=364)."
1537,10001333,BACKGROUND,BACKGROUND,Hypertension remains the leading preventable cause of cardiovascular disease and premature death worldwide. (Cohort identifier: 1537).
1538,10001562,OBJECTIVE,OBJECTIVES,To evaluate the efficacy and safety of once-weekly semaglutide compared to daily sitagliptin in adults. (Trial registration: NCT010001562).
1539,10001921,METHODS,METHODS,Primary endpoint was change in mean arterial pressure measured at 12 weeks post-randomization. (Stratified cluster 1539).
1540,10001493,RESULTS,RESULTS,"No statistically significant difference in serious adverse events was observed between the active drug and placebo arms. (Confidence interval 95%, n=2293)."
1541,10001639,BACKGROUND,BACKGROUND,Postoperative pain management following major orthopedic surgery is critical for early patient mobilization. (Cohort identifier: 1541).
1542,10001572,OBJECTIVE,OBJECTIVES,This randomized controlled trial aimed to compare low-dose combination therapy against standard monotherapy. (Trial registration: NCT010001572).
1543,10001589,METHODS,METHODS,"A multi-center, double-blind, randomized controlled trial enrolled 1,200 adult patients across 45 clinical sites. (Stratified cluster 1543)."
1544,10001406,RESULTS,RESULTS,"Combination therapy achieved target blood pressure control in 78.4% of patients compared to 54.2% in the monotherapy group. (Confidence interval 95%, n=1155)."
1545,10001250,BACKGROUND,BACKGROUND,Type 2 diabetes mellitus is a major chronic metabolic disorder associated with high cardiovascular mortality. (Cohort identifier: 1545).
1546,10001736,OBJECTIVE,OBJECTIVES,To evaluate the efficacy and safety of once-weekly semaglutide compared to daily sitagliptin in adults. (Trial registration: NCT010001736).
1547,10001614,METHODS,METHODS,Primary endpoint was change in mean arterial pressure measured at 12 weeks post-randomization. (Stratified cluster 1547).
1548,10001981,RESULTS,RESULTS,"Semaglutide significantly reduced mean HbA1c by -1.5% compared to -0.8% with sitagliptin (p < 0.001). (Confidence interval 95%, n=2406)."
1549,10001329,BACKGROUND,BACKGROUND,Postoperative pain management following major orthopedic surgery is critical for early patient mobilization. (Cohort identifier: 1549).
1550,10001899,OBJECTIVE,OBJECTIVES,To evaluate the efficacy and safety of once-weekly semaglutide compared to daily sitagliptin in adults. (Trial registration: NCT010001899).
1551,10001801,METHODS,METHODS,Primary endpoint was change in mean arterial pressure measured at 12 weeks post-randomization. (Stratified cluster 1551).
1552,10001235,RESULTS,RESULTS,"No statistically significant difference in serious adverse events was observed between the active drug and placebo arms. (Confidence interval 95%, n=1698)."
1553,10001861,BACKGROUND,BACKGROUND,Major depressive disorder is a pervasive mental health condition with substantial socioeconomic burden. (Cohort identifier: 1553).
1554,10001955,OBJECTIVE,OBJECTIVES,To determine if inhaled corticosteroid cessation increases acute exacerbation risk in moderate COPD. (Trial registration: NCT010001955).
1555,10001375,METHODS,METHODS,Participants were randomly allocated (1:1) using computer-generated block randomization to receive drug A or placebo. (Stratified cluster 1555).
1556,10001508,RESULTS,RESULTS,"Mean postoperative pain scores at 24 hours were significantly reduced in the intervention group (2.1 vs 4.8, p = 0.002). (Confidence interval 95%, n=2073)."
1557,10001551,BACKGROUND,BACKGROUND,Major depressive disorder is a pervasive mental health condition with substantial socioeconomic burden. (Cohort identifier: 1557).
1558,10001944,OBJECTIVE,OBJECTIVES,We investigated whether cognitive behavioral therapy reduces relapse rates compared to standard pharmacotherapy. (Trial registration: NCT010001944).
1559,10001721,METHODS,METHODS,Primary endpoint was change in mean arterial pressure measured at 12 weeks post-randomization. (Stratified cluster 1559).
1560,10001963,RESULTS,RESULTS,"Semaglutide significantly reduced mean HbA1c by -1.5% compared to -0.8% with sitagliptin (p < 0.001). (Confidence interval 95%, n=972)."
1561,10001331,BACKGROUND,BACKGROUND,Postoperative pain management following major orthopedic surgery is critical for early patient mobilization. (Cohort identifier: 1561).
1562,10001064,OBJECTIVE,OBJECTIVES,To evaluate the efficacy and safety of once-weekly semaglutide compared to daily sitagliptin in adults. (Trial registration: NCT010001064).
1563,10001012,METHODS,METHODS,Participants were randomly allocated (1:1) using computer-generated block randomization to receive drug A or placebo. (Stratified cluster 1563).
1564,10001762,RESULTS,RESULTS,"No statistically significant difference in serious adverse events was observed between the active drug and placebo arms. (Confidence interval 95%, n=985)."
1565,10001371,BACKGROUND,BACKGROUND,Type 2 diabetes mellitus is a major chronic metabolic disorder associated with high cardiovascular mortality. (Cohort identifier: 1565).
1566,10001132,OBJECTIVE,OBJECTIVES,The primary aim was to assess the analgesic effectiveness of intravenous dexamethasone versus placebo. (Trial registration: NCT010001132).
1567,10001172,METHODS,METHODS,Primary endpoint was change in mean arterial pressure measured at 12 weeks post-randomization. (Stratified cluster 1567).
1568,10001364,RESULTS,RESULTS,"Combination therapy achieved target blood pressure control in 78.4% of patients compared to 54.2% in the monotherapy group. (Confidence interval 95%, n=1420)."
1569,10001521,BACKGROUND,BACKGROUND,Postoperative pain management following major orthopedic surgery is critical for early patient mobilization. (Cohort identifier: 1569).
1570,10001414,OBJECTIVE,OBJECTIVES,To evaluate the efficacy and safety of once-weekly semaglutide compared to daily sitagliptin in adults. (Trial registration: NCT010001414).
1571,10001091,METHODS,METHODS,"A multi-center, double-blind, randomized controlled trial enrolled 1,200 adult patients across 45 clinical sites. (Stratified cluster 1571)."
1572,10001610,RESULTS,RESULTS,"No statistically significant difference in serious adverse events was observed between the active drug and placebo arms. (Confidence interval 95%, n=2482)."
1573,10001933,BACKGROUND,BACKGROUND,Chronic obstructive pulmonary disease exacerbations frequently lead to hospital readmission and increased mortality. (Cohort identifier: 1573).
1574,10001511,OBJECTIVE,OBJECTIVES,The primary aim was to assess the analgesic effectiveness of intravenous dexamethasone versus placebo. (Trial registration: NCT010001511).
1575,10001412,METHODS,METHODS,Statistical analyses followed the intention-to-treat principle using mixed-effects linear regression models. (Stratified cluster 1575).
1576,10001331,RESULTS,RESULTS,"No statistically significant difference in serious adverse events was observed between the active drug and placebo arms. (Confidence interval 95%, n=492)."
1577,10001498,BACKGROUND,BACKGROUND,Hypertension remains the leading preventable cause of cardiovascular disease and premature death worldwide. (Cohort identifier: 1577).
1578,10001840,OBJECTIVE,OBJECTIVES,To evaluate the efficacy and safety of once-weekly semaglutide compared to daily sitagliptin in adults. (Trial registration: NCT010001840).
1579,10001823,METHODS,METHODS,Statistical analyses followed the intention-to-treat principle using mixed-effects linear regression models. (Stratified cluster 1579).
1580,10001631,RESULTS,RESULTS,"Semaglutide significantly reduced mean HbA1c by -1.5% compared to -0.8% with sitagliptin (p < 0.001). (Confidence interval 95%, n=2314)."
1581,10001626,BACKGROUND,BACKGROUND,Major depressive disorder is a pervasive mental health condition with substantial socioeconomic burden. (Cohort identifier: 1581).
1582,10001030,OBJECTIVE,OBJECTIVES,To evaluate the efficacy and safety of once-weekly semaglutide compared to daily sitagliptin in adults. (Trial registration: NCT010001030).
1583,10001000,METHODS,METHODS,Eligible participants aged 18-75 years with documented HbA1c > 8.0% underwent 24 weeks of active treatment. (Stratified cluster 1583).
1584,10001180,RESULTS,RESULTS,"No statistically significant difference in serious adverse events was observed between the active drug and placebo arms. (Confidence interval 95%, n=191)."
1585,10001804,BACKGROUND,BACKGROUND,Major depressive disorder is a pervasive mental health condition with substantial socioeconomic burden. (Cohort identifier: 1585).
1586,10001008,OBJECTIVE,OBJECTIVES,We investigated whether cognitive behavioral therapy reduces relapse rates compared to standard pharmacotherapy. (Trial registration: NCT010001008).
1587,10001948,METHODS,METHODS,Eligible participants aged 18-75 years with documented HbA1c > 8.0% underwent 24 weeks of active treatment. (Stratified cluster 1587).
1588,10001959,RESULTS,RESULTS,"Combination therapy achieved target blood pressure control in 78.4% of patients compared to 54.2% in the monotherapy group. (Confidence interval 95%, n=1741)."
1589,10001587,BACKGROUND,BACKGROUND,Hypertension remains the leading preventable cause of cardiovascular disease and premature death worldwide. (Cohort identifier: 1589).
1590,10001793,OBJECTIVE,OBJECTIVES,To evaluate the efficacy and safety of once-weekly semaglutide compared to daily sitagliptin in adults. (Trial registration: NCT010001793).
1591,10001535,METHODS,METHODS,Primary endpoint was change in mean arterial pressure measured at 12 weeks post-randomization. (Stratified cluster 1591).
1592,10001494,RESULTS,RESULTS,"The 12-month relapse rate was significantly lower in the combined therapy arm (18.2% vs 34.6%, HR: 0.48, 9: 0.31-0.75). (Confidence interval 95%, n=2373)."
1593,10001152,BACKGROUND,BACKGROUND,Chronic obstructive pulmonary disease exacerbations frequently lead to hospital readmission and increased mortality. (Cohort identifier: 1593).
1594,10001663,OBJECTIVE,OBJECTIVES,We investigated whether cognitive behavioral therapy reduces relapse rates compared to standard pharmacotherapy. (Trial registration: NCT010001663).
1595,10001451,METHODS,METHODS,"A multi-center, double-blind, randomized controlled trial enrolled 1,200 adult patients across 45 clinical sites. (Stratified cluster 1595)."
1596,10001512,RESULTS,RESULTS,"No statistically significant difference in serious adverse events was observed between the active drug and placebo arms. (Confidence interval 95%, n=1171)."
1597,10001370,BACKGROUND,BACKGROUND,Type 2 diabetes mellitus is a major chronic metabolic disorder associated with high cardiovascular mortality. (Cohort identifier: 1597).
1598,10001859,OBJECTIVE,OBJECTIVES,The primary aim was to assess the analgesic effectiveness of intravenous dexamethasone versus placebo. (Trial registration: NCT010001859).
1599,10001914,METHODS,METHODS,Eligible participants aged 18-75 years with documented HbA1c > 8.0% underwent 24 weeks of active treatment. (Stratified cluster 1599).
1600,10001379,RESULTS,RESULTS,"The 12-month relapse rate was significantly lower in the combined therapy arm (18.2% vs 34.6%, HR: 0.48, 9: 0.31-0.75). (Confidence interval 95%, n=247)."
1601,10001705,BACKGROUND,BACKGROUND,Type 2 diabetes mellitus is a major chronic metabolic disorder associated with high cardiovascular mortality. (Cohort identifier: 1601).
1602,10001633,OBJECTIVE,OBJECTIVES,The primary aim was to assess the analgesic effectiveness of intravenous dexamethasone versus placebo. (Trial registration: NCT010001633).
1603,10001080,METHODS,METHODS,Statistical analyses followed the intention-to-treat principle using mixed-effects linear regression models. (Stratified cluster 1603).
1604,10001167,RESULTS,RESULTS,"Mean postoperative pain scores at 24 hours were significantly reduced in the intervention group (2.1 vs 4.8, p = 0.002). (Confidence interval 95%, n=1132)."
1605,10001328,BACKGROUND,BACKGROUND,Chronic obstructive pulmonary disease exacerbations frequently lead to hospital readmission and increased mortality. (Cohort identifier: 1605).
1606,10001069,OBJECTIVE,OBJECTIVES,To evaluate the efficacy and safety of once-weekly semaglutide compared to daily sitagliptin in adults. (Trial registration: NCT010001069).
1607,10001316,METHODS,METHODS,Statistical analyses followed the intention-to-treat principle using mixed-effects linear regression models. (Stratified cluster 1607).
1608,10001760,RESULTS,RESULTS,"No statistically significant difference in serious adverse events was observed between the active drug and placebo arms. (Confidence interval 95%, n=1192)."
1609,10001752,BACKGROUND,BACKGROUND,Chronic obstructive pulmonary disease exacerbations frequently lead to hospital readmission and increased mortality. (Cohort identifier: 1609).
1610,10001053,OBJECTIVE,OBJECTIVES,This randomized controlled trial aimed to compare low-dose combination therapy against standard monotherapy. (Trial registration: NCT010001053).
1611,10001483,METHODS,METHODS,Statistical analyses followed the intention-to-treat principle using mixed-effects linear regression models. (Stratified cluster 1611).
1612,10001523,RESULTS,RESULTS,"Combination therapy achieved target blood pressure control in 78.4% of patients compared to 54.2% in the monotherapy group. (Confidence interval 95%, n=1821)."
1613,10001476,BACKGROUND,BACKGROUND,Major depressive disorder is a pervasive mental health condition with substantial socioeconomic burden. (Cohort identifier: 1613).
1614,10001468,OBJECTIVE,OBJECTIVES,The primary aim was to assess the analgesic effectiveness of intravenous dexamethasone versus placebo. (Trial registration: NCT010001468).
1615,10001279,METHODS,METHODS,"A multi-center, double-blind, randomized controlled trial enrolled 1,200 adult patients across 45 clinical sites. (Stratified cluster 1615)."
1616,10001555,RESULTS,RESULTS,"Semaglutide significantly reduced mean HbA1c by -1.5% compared to -0.8% with sitagliptin (p < 0.001). (Confidence interval 95%, n=1569)."
1617,10001979,BACKGROUND,BACKGROUND,Type 2 diabetes mellitus is a major chronic metabolic disorder associated with high cardiovascular mortality. (Cohort identifier: 1617).
1618,10001169,OBJECTIVE,OBJECTIVES,To determine if inhaled corticosteroid cessation increases acute exacerbation risk in moderate COPD. (Trial registration: NCT010001169).
1619,10001537,METHODS,METHODS,Eligible participants aged 18-75 years with documented HbA1c > 8.0% underwent 24 weeks of active treatment. (Stratified cluster 1619).
1620,10001168,RESULTS,RESULTS,"Combination therapy achieved target blood pressure control in 78.4% of patients compared to 54.2% in the monotherapy group. (Confidence interval 95%, n=2431)."
1621,10001833,BACKGROUND,BACKGROUND,Major depressive disorder is a pervasive mental health condition with substantial socioeconomic burden. (Cohort identifier: 1621).
1622,10001403,OBJECTIVE,OBJECTIVES,We investigated whether cognitive behavioral therapy reduces relapse rates compared to standard pharmacotherapy. (Trial registration: NCT010001403).
1623,10001093,METHODS,METHODS,Eligible participants aged 18-75 years with documented HbA1c > 8.0% underwent 24 weeks of active treatment. (Stratified cluster 1623).
1624,10001940,RESULTS,RESULTS,"No statistically significant difference in serious adverse events was observed between the active drug and placebo arms. (Confidence interval 95%, n=1886)."
1625,10001818,BACKGROUND,BACKGROUND,Major depressive disorder is a pervasive mental health condition with substantial socioeconomic burden. (Cohort identifier: 1625).
1626,10001522,OBJECTIVE,OBJECTIVES,We investigated whether cognitive behavioral therapy reduces relapse rates compared to standard pharmacotherapy. (Trial registration: NCT010001522).
1627,10001859,METHODS,METHODS,Eligible participants aged 18-75 years with documented HbA1c > 8.0% underwent 24 weeks of active treatment. (Stratified cluster 1627).
1628,10001831,RESULTS,RESULTS,"Mean postoperative pain scores at 24 hours were significantly reduced in the intervention group (2.1 vs 4.8, p = 0.002). (Confidence interval 95%, n=2488)."
1629,10001872,BACKGROUND,BACKGROUND,Major depressive disorder is a pervasive mental health condition with substantial socioeconomic burden. (Cohort identifier: 1629).
1630,10001172,OBJECTIVE,OBJECTIVES,To evaluate the efficacy and safety of once-weekly semaglutide compared to daily sitagliptin in adults. (Trial registration: NCT010001172).
1631,10001082,METHODS,METHODS,"A multi-center, double-blind, randomized controlled trial enrolled 1,200 adult patients across 45 clinical sites. (Stratified cluster 1631)."
1632,10001349,RESULTS,RESULTS,"Combination therapy achieved target blood pressure control in 78.4% of patients compared to 54.2% in the monotherapy group. (Confidence interval 95%, n=1297)."
1633,10001330,BACKGROUND,BACKGROUND,Major depressive disorder is a pervasive mental health condition with substantial socioeconomic burden. (Cohort identifier: 1633).
1634,10001522,OBJECTIVE,OBJECTIVES,We investigated whether cognitive behavioral therapy reduces relapse rates compared to standard pharmacotherapy. (Trial registration: NCT010001522).
1635,10001792,METHODS,METHODS,Statistical analyses followed the intention-to-treat principle using mixed-effects linear regression models. (Stratified cluster 1635).
1636,10001124,RESULTS,RESULTS,"Semaglutide significantly reduced mean HbA1c by -1.5% compared to -0.8% with sitagliptin (p < 0.001). (Confidence interval 95%, n=2289)."
1637,10001216,BACKGROUND,BACKGROUND,Postoperative pain management following major orthopedic surgery is critical for early patient mobilization. (Cohort identifier: 1637).
1638,10001106,OBJECTIVE,OBJECTIVES,This randomized controlled trial aimed to compare low-dose combination therapy against standard monotherapy. (Trial registration: NCT010001106).
1639,10001418,METHODS,METHODS,Statistical analyses followed the intention-to-treat principle using mixed-effects linear regression models. (Stratified cluster 1639).
1640,10001716,RESULTS,RESULTS,"No statistically significant difference in serious adverse events was observed between the active drug and placebo arms. (Confidence interval 95%, n=2124)."
1641,10001337,BACKGROUND,BACKGROUND,Major depressive disorder is a pervasive mental health condition with substantial socioeconomic burden. (Cohort identifier: 1641).
1642,10001585,OBJECTIVE,OBJECTIVES,We investigated whether cognitive behavioral therapy reduces relapse rates compared to standard pharmacotherapy. (Trial registration: NCT010001585).
1643,10001683,METHODS,METHODS,"A multi-center, double-blind, randomized controlled trial enrolled 1,200 adult patients across 45 clinical sites. (Stratified cluster 1643)."
1644,10001904,RESULTS,RESULTS,"Combination therapy achieved target blood pressure control in 78.4% of patients compared to 54.2% in the monotherapy group. (Confidence interval 95%, n=366)."
1645,10001451,BACKGROUND,BACKGROUND,Postoperative pain management following major orthopedic surgery is critical for early patient mobilization. (Cohort identifier: 1645).
1646,10001472,OBJECTIVE,OBJECTIVES,This randomized controlled trial aimed to compare low-dose combination therapy against standard monotherapy. (Trial registration: NCT010001472).
1647,10001436,METHODS,METHODS,Statistical analyses followed the intention-to-treat principle using mixed-effects linear regression models. (Stratified cluster 1647).
1648,10001201,RESULTS,RESULTS,"The 12-month relapse rate was significantly lower in the combined therapy arm (18.2% vs 34.6%, HR: 0.48, 9: 0.31-0.75). (Confidence interval 95%, n=299)."
1649,10001902,BACKGROUND,BACKGROUND,Chronic obstructive pulmonary disease exacerbations frequently lead to hospital readmission and increased mortality. (Cohort identifier: 1649).
1650,10001411,OBJECTIVE,OBJECTIVES,This randomized controlled trial aimed to compare low-dose combination therapy against standard monotherapy. (Trial registration: NCT010001411).
1651,10001266,METHODS,METHODS,Primary endpoint was change in mean arterial pressure measured at 12 weeks post-randomization. (Stratified cluster 1651).
1652,10001438,RESULTS,RESULTS,"The 12-month relapse rate was significantly lower in the combined therapy arm (18.2% vs 34.6%, HR: 0.48, 9: 0.31-0.75). (Confidence interval 95%, n=1219)."
1653,10001494,BACKGROUND,BACKGROUND,Chronic obstructive pulmonary disease exacerbations frequently lead to hospital readmission and increased mortality. (Cohort identifier: 1653).
1654,10001588,OBJECTIVE,OBJECTIVES,To determine if inhaled corticosteroid cessation increases acute exacerbation risk in moderate COPD. (Trial registration: NCT010001588).
1655,10001387,METHODS,METHODS,Participants were randomly allocated (1:1) using computer-generated block randomization to receive drug A or placebo. (Stratified cluster 1655).
1656,10001214,RESULTS,RESULTS,"The 12-month relapse rate was significantly lower in the combined therapy arm (18.2% vs 34.6%, HR: 0.48, 9: 0.31-0.75). (Confidence interval 95%, n=980)."
1657,10001180,BACKGROUND,BACKGROUND,Type 2 diabetes mellitus is a major chronic metabolic disorder associated with high cardiovascular mortality. (Cohort identifier: 1657).
1658,10001064,OBJECTIVE,OBJECTIVES,The primary aim was to assess the analgesic effectiveness of intravenous dexamethasone versus placebo. (Trial registration: NCT010001064).
1659,10001773,METHODS,METHODS,Participants were randomly allocated (1:1) using computer-generated block randomization to receive drug A or placebo. (Stratified cluster 1659).
1660,10001585,RESULTS,RESULTS,"No statistically significant difference in serious adverse events was observed between the active drug and placebo arms. (Confidence interval 95%, n=1817)."
1661,10001956,BACKGROUND,BACKGROUND,Postoperative pain management following major orthopedic surgery is critical for early patient mobilization. (Cohort identifier: 1661).
1662,10001754,OBJECTIVE,OBJECTIVES,We investigated whether cognitive behavioral therapy reduces relapse rates compared to standard pharmacotherapy. (Trial registration: NCT010001754).
1663,10001418,METHODS,METHODS,Statistical analyses followed the intention-to-treat principle using mixed-effects linear regression models. (Stratified cluster 1663).
1664,10001456,RESULTS,RESULTS,"No statistically significant difference in serious adverse events was observed between the active drug and placebo arms. (Confidence interval 95%, n=1117)."
1665,10001190,BACKGROUND,BACKGROUND,Postoperative pain management following major orthopedic surgery is critical for early patient mobilization. (Cohort identifier: 1665).
1666,10001826,OBJECTIVE,OBJECTIVES,To determine if inhaled corticosteroid cessation increases acute exacerbation risk in moderate COPD. (Trial registration: NCT010001826).
1667,10001667,METHODS,METHODS,Primary endpoint was change in mean arterial pressure measured at 12 weeks post-randomization. (Stratified cluster 1667).
1668,10001843,RESULTS,RESULTS,"Combination therapy achieved target blood pressure control in 78.4% of patients compared to 54.2% in the monotherapy group. (Confidence interval 95%, n=239)."
1669,10001979,BACKGROUND,BACKGROUND,Type 2 diabetes mellitus is a major chronic metabolic disorder associated with high cardiovascular mortality. (Cohort identifier: 1669).
1670,10001788,OBJECTIVE,OBJECTIVES,The primary aim was to assess the analgesic effectiveness of intravenous dexamethasone versus placebo. (Trial registration: NCT010001788).
1671,10001643,METHODS,METHODS,Primary endpoint was change in mean arterial pressure measured at 12 weeks post-randomization. (Stratified cluster 1671).
1672,10001520,RESULTS,RESULTS,"No statistically significant difference in serious adverse events was observed between the active drug and placebo arms. (Confidence interval 95%, n=164)."
1673,10001902,BACKGROUND,BACKGROUND,Chronic obstructive pulmonary disease exacerbations frequently lead to hospital readmission and increased mortality. (Cohort identifier: 1673).
1674,10001597,OBJECTIVE,OBJECTIVES,To determine if inhaled corticosteroid cessation increases acute exacerbation risk in moderate COPD. (Trial registration: NCT010001597).
1675,10001007,METHODS,METHODS,Eligible participants aged 18-75 years with documented HbA1c > 8.0% underwent 24 weeks of active treatment. (Stratified cluster 1675).
1676,10001852,RESULTS,RESULTS,"Mean postoperative pain scores at 24 hours were significantly reduced in the intervention group (2.1 vs 4.8, p = 0.002). (Confidence interval 95%, n=2070)."
1677,10001420,BACKGROUND,BACKGROUND,Hypertension remains the leading preventable cause of cardiovascular disease and premature death worldwide. (Cohort identifier: 1677).
1678,10001873,OBJECTIVE,OBJECTIVES,To evaluate the efficacy and safety of once-weekly semaglutide compared to daily sitagliptin in adults. (Trial registration: NCT010001873).
1679,10001610,METHODS,METHODS,Participants were randomly allocated (1:1) using computer-generated block randomization to receive drug A or placebo. (Stratified cluster 1679).
1680,10001023,RESULTS,RESULTS,"Semaglutide significantly reduced mean HbA1c by -1.5% compared to -0.8% with sitagliptin (p < 0.001). (Confidence interval 95%, n=946)."
1681,10001171,BACKGROUND,BACKGROUND,Hypertension remains the leading preventable cause of cardiovascular disease and premature death worldwide. (Cohort identifier: 1681).
1682,10001121,OBJECTIVE,OBJECTIVES,The primary aim was to assess the analgesic effectiveness of intravenous dexamethasone versus placebo. (Trial registration: NCT010001121).
1683,10001893,METHODS,METHODS,Participants were randomly allocated (1:1) using computer-generated block randomization to receive drug A or placebo. (Stratified cluster 1683).
1684,10001592,RESULTS,RESULTS,"Combination therapy achieved target blood pressure control in 78.4% of patients compared to 54.2% in the monotherapy group. (Confidence interval 95%, n=1344)."
1685,10001159,BACKGROUND,BACKGROUND,Postoperative pain management following major orthopedic surgery is critical for early patient mobilization. (Cohort identifier: 1685).
1686,10001281,OBJECTIVE,OBJECTIVES,To determine if inhaled corticosteroid cessation increases acute exacerbation risk in moderate COPD. (Trial registration: NCT010001281).
1687,10001830,METHODS,METHODS,"A multi-center, double-blind, randomized controlled trial enrolled 1,200 adult patients across 45 clinical sites. (Stratified cluster 1687)."
1688,10001248,RESULTS,RESULTS,"Semaglutide significantly reduced mean HbA1c by -1.5% compared to -0.8% with sitagliptin (p < 0.001). (Confidence interval 95%, n=1817)."
1689,10001761,BACKGROUND,BACKGROUND,Chronic obstructive pulmonary disease exacerbations frequently lead to hospital readmission and increased mortality. (Cohort identifier: 1689).
1690,10001519,OBJECTIVE,OBJECTIVES,To evaluate the efficacy and safety of once-weekly semaglutide compared to daily sitagliptin in adults. (Trial registration: NCT010001519).
1691,10001978,METHODS,METHODS,Statistical analyses followed the intention-to-treat principle using mixed-effects linear regression models. (Stratified cluster 1691).
1692,10001480,RESULTS,RESULTS,"No statistically significant difference in serious adverse events was observed between the active drug and placebo arms. (Confidence interval 95%, n=1229)."
1693,10001054,BACKGROUND,BACKGROUND,Chronic obstructive pulmonary disease exacerbations frequently lead to hospital readmission and increased mortality. (Cohort identifier: 1693).
1694,10001504,OBJECTIVE,OBJECTIVES,To evaluate the efficacy and safety of once-weekly semaglutide compared to daily sitagliptin in adults. (Trial registration: NCT010001504).
1695,10001620,METHODS,METHODS,Participants were randomly allocated (1:1) using computer-generated block randomization to receive drug A or placebo. (Stratified cluster 1695).
1696,10001263,RESULTS,RESULTS,"Combination therapy achieved target blood pressure control in 78.4% of patients compared to 54.2% in the monotherapy group. (Confidence interval 95%, n=906)."
1697,10001525,BACKGROUND,BACKGROUND,Type 2 diabetes mellitus is a major chronic metabolic disorder associated with high cardiovascular mortality. (Cohort identifier: 1697).
1698,10001388,OBJECTIVE,OBJECTIVES,To determine if inhaled corticosteroid cessation increases acute exacerbation risk in moderate COPD. (Trial registration: NCT010001388).
1699,10001049,METHODS,METHODS,Eligible participants aged 18-75 years with documented HbA1c > 8.0% underwent 24 weeks of active treatment. (Stratified cluster 1699).
1700,10001616,RESULTS,RESULTS,"Combination therapy achieved target blood pressure control in 78.4% of patients compared to 54.2% in the monotherapy group. (Confidence interval 95%, n=2427)."
1701,10001712,BACKGROUND,BACKGROUND,Major depressive disorder is a pervasive mental health condition with substantial socioeconomic burden. (Cohort identifier: 1701).
1702,10001412,OBJECTIVE,OBJECTIVES,To determine if inhaled corticosteroid cessation increases acute exacerbation risk in moderate COPD. (Trial registration: NCT010001412).
1703,10001750,METHODS,METHODS,Statistical analyses followed the intention-to-treat principle using mixed-effects linear regression models. (Stratified cluster 1703).
1704,10001779,RESULTS,RESULTS,"No statistically significant difference in serious adverse events was observed between the active drug and placebo arms. (Confidence interval 95%, n=2186)."
1705,10001882,BACKGROUND,BACKGROUND,Type 2 diabetes mellitus is a major chronic metabolic disorder associated with high cardiovascular mortality. (Cohort identifier: 1705).
1706,10001185,OBJECTIVE,OBJECTIVES,To evaluate the efficacy and safety of once-weekly semaglutide compared to daily sitagliptin in adults. (Trial registration: NCT010001185).
1707,10001257,METHODS,METHODS,Participants were randomly allocated (1:1) using computer-generated block randomization to receive drug A or placebo. (Stratified cluster 1707).
1708,10001944,RESULTS,RESULTS,"No statistically significant difference in serious adverse events was observed between the active drug and placebo arms. (Confidence interval 95%, n=2008)."
1709,10001187,BACKGROUND,BACKGROUND,Hypertension remains the leading preventable cause of cardiovascular disease and premature death worldwide. (Cohort identifier: 1709).
1710,10001989,OBJECTIVE,OBJECTIVES,To evaluate the efficacy and safety of once-weekly semaglutide compared to daily sitagliptin in adults. (Trial registration: NCT010001989).
1711,10001421,METHODS,METHODS,Participants were randomly allocated (1:1) using computer-generated block randomization to receive drug A or placebo. (Stratified cluster 1711).
1712,10001451,RESULTS,RESULTS,"The 12-month relapse rate was significantly lower in the combined therapy arm (18.2% vs 34.6%, HR: 0.48, 9: 0.31-0.75). (Confidence interval 95%, n=1504)."
1713,10001495,BACKGROUND,BACKGROUND,Type 2 diabetes mellitus is a major chronic metabolic disorder associated with high cardiovascular mortality. (Cohort identifier: 1713).
1714,10001523,OBJECTIVE,OBJECTIVES,To determine if inhaled corticosteroid cessation increases acute exacerbation risk in moderate COPD. (Trial registration: NCT010001523).
1715,10001878,METHODS,METHODS,Primary endpoint was change in mean arterial pressure measured at 12 weeks post-randomization. (Stratified cluster 1715).
1716,10001371,RESULTS,RESULTS,"The 12-month relapse rate was significantly lower in the combined therapy arm (18.2% vs 34.6%, HR: 0.48, 9: 0.31-0.75). (Confidence interval 95%, n=426)."
1717,10001499,BACKGROUND,BACKGROUND,Chronic obstructive pulmonary disease exacerbations frequently lead to hospital readmission and increased mortality. (Cohort identifier: 1717).
1718,10001171,OBJECTIVE,OBJECTIVES,To evaluate the efficacy and safety of once-weekly semaglutide compared to daily sitagliptin in adults. (Trial registration: NCT010001171).
1719,10001923,METHODS,METHODS,Statistical analyses followed the intention-to-treat principle using mixed-effects linear regression models. (Stratified cluster 1719).
1720,10001817,RESULTS,RESULTS,"Combination therapy achieved target blood pressure control in 78.4% of patients compared to 54.2% in the monotherapy group. (Confidence interval 95%, n=772)."
1721,10001164,BACKGROUND,BACKGROUND,Postoperative pain management following major orthopedic surgery is critical for early patient mobilization. (Cohort identifier: 1721).
1722,10001608,OBJECTIVE,OBJECTIVES,To determine if inhaled corticosteroid cessation increases acute exacerbation risk in moderate COPD. (Trial registration: NCT010001608).
1723,10001036,METHODS,METHODS,Statistical analyses followed the intention-to-treat principle using mixed-effects linear regression models. (Stratified cluster 1723).
1724,10001715,RESULTS,RESULTS,"Semaglutide significantly reduced mean HbA1c by -1.5% compared to -0.8% with sitagliptin (p < 0.001). (Confidence interval 95%, n=1698)."
1725,10001495,BACKGROUND,BACKGROUND,Chronic obstructive pulmonary disease exacerbations frequently lead to hospital readmission and increased mortality. (Cohort identifier: 1725).
1726,10001967,OBJECTIVE,OBJECTIVES,This randomized controlled trial aimed to compare low-dose combination therapy against standard monotherapy. (Trial registration: NCT010001967).
1727,10001086,METHODS,METHODS,Statistical analyses followed the intention-to-treat principle using mixed-effects linear regression models. (Stratified cluster 1727).
1728,10001901,RESULTS,RESULTS,"Mean postoperative pain scores at 24 hours were significantly reduced in the intervention group (2.1 vs 4.8, p = 0.002). (Confidence interval 95%, n=1753)."
1729,10001118,BACKGROUND,BACKGROUND,Major depressive disorder is a pervasive mental health condition with substantial socioeconomic burden. (Cohort identifier: 1729).
1730,10001404,OBJECTIVE,OBJECTIVES,To evaluate the efficacy and safety of once-weekly semaglutide compared to daily sitagliptin in adults. (Trial registration: NCT010001404).
1731,10001443,METHODS,METHODS,Statistical analyses followed the intention-to-treat principle using mixed-effects linear regression models. (Stratified cluster 1731).
1732,10001044,RESULTS,RESULTS,"Combination therapy achieved target blood pressure control in 78.4% of patients compared to 54.2% in the monotherapy group. (Confidence interval 95%, n=671)."
1733,10001298,BACKGROUND,BACKGROUND,Chronic obstructive pulmonary disease exacerbations frequently lead to hospital readmission and increased mortality. (Cohort identifier: 1733).
1734,10001391,OBJECTIVE,OBJECTIVES,The primary aim was to assess the analgesic effectiveness of intravenous dexamethasone versus placebo. (Trial registration: NCT010001391).
1735,10001561,METHODS,METHODS,Primary endpoint was change in mean arterial pressure measured at 12 weeks post-randomization. (Stratified cluster 1735).
1736,10001305,RESULTS,RESULTS,"No statistically significant difference in serious adverse events was observed between the active drug and placebo arms. (Confidence interval 95%, n=2167)."
1737,10001419,BACKGROUND,BACKGROUND,Major depressive disorder is a pervasive mental health condition with substantial socioeconomic burden. (Cohort identifier: 1737).
1738,10001075,OBJECTIVE,OBJECTIVES,To determine if inhaled corticosteroid cessation increases acute exacerbation risk in moderate COPD. (Trial registration: NCT010001075).
1739,10001553,METHODS,METHODS,"A multi-center, double-blind, randomized controlled trial enrolled 1,200 adult patients across 45 clinical sites. (Stratified cluster 1739)."
1740,10001925,RESULTS,RESULTS,"The 12-month relapse rate was significantly lower in the combined therapy arm (18.2% vs 34.6%, HR: 0.48, 9: 0.31-0.75). (Confidence interval 95%, n=1233)."
1741,10001765,BACKGROUND,BACKGROUND,Major depressive disorder is a pervasive mental health condition with substantial socioeconomic burden. (Cohort identifier: 1741).
1742,10001126,OBJECTIVE,OBJECTIVES,To determine if inhaled corticosteroid cessation increases acute exacerbation risk in moderate COPD. (Trial registration: NCT010001126).
1743,10001542,METHODS,METHODS,Statistical analyses followed the intention-to-treat principle using mixed-effects linear regression models. (Stratified cluster 1743).
1744,10001088,RESULTS,RESULTS,"The 12-month relapse rate was significantly lower in the combined therapy arm (18.2% vs 34.6%, HR: 0.48, 9: 0.31-0.75). (Confidence interval 95%, n=1268)."
1745,10001447,BACKGROUND,BACKGROUND,Major depressive disorder is a pervasive mental health condition with substantial socioeconomic burden. (Cohort identifier: 1745).
1746,10001514,OBJECTIVE,OBJECTIVES,This randomized controlled trial aimed to compare low-dose combination therapy against standard monotherapy. (Trial registration: NCT010001514).
1747,10001385,METHODS,METHODS,Statistical analyses followed the intention-to-treat principle using mixed-effects linear regression models. (Stratified cluster 1747).
1748,10001797,RESULTS,RESULTS,"No statistically significant difference in serious adverse events was observed between the active drug and placebo arms. (Confidence interval 95%, n=1593)."
1749,10001739,BACKGROUND,BACKGROUND,Hypertension remains the leading preventable cause of cardiovascular disease and premature death worldwide. (Cohort identifier: 1749).
1750,10001325,OBJECTIVE,OBJECTIVES,We investigated whether cognitive behavioral therapy reduces relapse rates compared to standard pharmacotherapy. (Trial registration: NCT010001325).
1751,10001919,METHODS,METHODS,"A multi-center, double-blind, randomized controlled trial enrolled 1,200 adult patients across 45 clinical sites. (Stratified cluster 1751)."
1752,10001949,RESULTS,RESULTS,"Combination therapy achieved target blood pressure control in 78.4% of patients compared to 54.2% in the monotherapy group. (Confidence interval 95%, n=866)."
1753,10001599,BACKGROUND,BACKGROUND,Postoperative pain management following major orthopedic surgery is critical for early patient mobilization. (Cohort identifier: 1753).
1754,10001822,OBJECTIVE,OBJECTIVES,To determine if inhaled corticosteroid cessation increases acute exacerbation risk in moderate COPD. (Trial registration: NCT010001822).
1755,10001001,METHODS,METHODS,"A multi-center, double-blind, randomized controlled trial enrolled 1,200 adult patients across 45 clinical sites. (Stratified cluster 1755)."
1756,10001896,RESULTS,RESULTS,"Mean postoperative pain scores at 24 hours were significantly reduced in the intervention group (2.1 vs 4.8, p = 0.002). (Confidence interval 95%, n=1719)."
1757,10001876,BACKGROUND,BACKGROUND,Type 2 diabetes mellitus is a major chronic metabolic disorder associated with high cardiovascular mortality. (Cohort identifier: 1757).
1758,10001918,OBJECTIVE,OBJECTIVES,To evaluate the efficacy and safety of once-weekly semaglutide compared to daily sitagliptin in adults. (Trial registration: NCT010001918).
1759,10001510,METHODS,METHODS,"A multi-center, double-blind, randomized controlled trial enrolled 1,200 adult patients across 45 clinical sites. (Stratified cluster 1759)."
1760,10001199,RESULTS,RESULTS,"Semaglutide significantly reduced mean HbA1c by -1.5% compared to -0.8% with sitagliptin (p < 0.001). (Confidence interval 95%, n=320)."
1761,10001734,BACKGROUND,BACKGROUND,Type 2 diabetes mellitus is a major chronic metabolic disorder associated with high cardiovascular mortality. (Cohort identifier: 1761).
1762,10001980,OBJECTIVE,OBJECTIVES,To evaluate the efficacy and safety of once-weekly semaglutide compared to daily sitagliptin in adults. (Trial registration: NCT010001980).
1763,10001883,METHODS,METHODS,Eligible participants aged 18-75 years with documented HbA1c > 8.0% underwent 24 weeks of active treatment. (Stratified cluster 1763).
1764,10001255,RESULTS,RESULTS,"Semaglutide significantly reduced mean HbA1c by -1.5% compared to -0.8% with sitagliptin (p < 0.001). (Confidence interval 95%, n=2452)."
1765,10001994,BACKGROUND,BACKGROUND,Hypertension remains the leading preventable cause of cardiovascular disease and premature death worldwide. (Cohort identifier: 1765).
1766,10001973,OBJECTIVE,OBJECTIVES,To evaluate the efficacy and safety of once-weekly semaglutide compared to daily sitagliptin in adults. (Trial registration: NCT010001973).
1767,10001433,METHODS,METHODS,"A multi-center, double-blind, randomized controlled trial enrolled 1,200 adult patients across 45 clinical sites. (Stratified cluster 1767)."
1768,10001761,RESULTS,RESULTS,"Mean postoperative pain scores at 24 hours were significantly reduced in the intervention group (2.1 vs 4.8, p = 0.002). (Confidence interval 95%, n=478)."
1769,10001996,BACKGROUND,BACKGROUND,Chronic obstructive pulmonary disease exacerbations frequently lead to hospital readmission and increased mortality. (Cohort identifier: 1769).
1770,10001961,OBJECTIVE,OBJECTIVES,To evaluate the efficacy and safety of once-weekly semaglutide compared to daily sitagliptin in adults. (Trial registration: NCT010001961).
1771,10001666,METHODS,METHODS,Statistical analyses followed the intention-to-treat principle using mixed-effects linear regression models. (Stratified cluster 1771).
1772,10001909,RESULTS,RESULTS,"No statistically significant difference in serious adverse events was observed between the active drug and placebo arms. (Confidence interval 95%, n=571)."
1773,10001615,BACKGROUND,BACKGROUND,Postoperative pain management following major orthopedic surgery is critical for early patient mobilization. (Cohort identifier: 1773).
1774,10001968,OBJECTIVE,OBJECTIVES,To determine if inhaled corticosteroid cessation increases acute exacerbation risk in moderate COPD. (Trial registration: NCT010001968).
1775,10001645,METHODS,METHODS,Eligible participants aged 18-75 years with documented HbA1c > 8.0% underwent 24 weeks of active treatment. (Stratified cluster 1775).
1776,10001751,RESULTS,RESULTS,"No statistically significant difference in serious adverse events was observed between the active drug and placebo arms. (Confidence interval 95%, n=1462)."
1777,10001070,BACKGROUND,BACKGROUND,Postoperative pain management following major orthopedic surgery is critical for early patient mobilization. (Cohort identifier: 1777).
1778,10001116,OBJECTIVE,OBJECTIVES,We investigated whether cognitive behavioral therapy reduces relapse rates compared to standard pharmacotherapy. (Trial registration: NCT010001116).
1779,10001024,METHODS,METHODS,Participants were randomly allocated (1:1) using computer-generated block randomization to receive drug A or placebo. (Stratified cluster 1779).
1780,10001359,RESULTS,RESULTS,"The 12-month relapse rate was significantly lower in the combined therapy arm (18.2% vs 34.6%, HR: 0.48, 9: 0.31-0.75). (Confidence interval 95%, n=1933)."
1781,10001837,BACKGROUND,BACKGROUND,Postoperative pain management following major orthopedic surgery is critical for early patient mobilization. (Cohort identifier: 1781).
1782,10001414,OBJECTIVE,OBJECTIVES,This randomized controlled trial aimed to compare low-dose combination therapy against standard monotherapy. (Trial registration: NCT010001414).
1783,10001736,METHODS,METHODS,Primary endpoint was change in mean arterial pressure measured at 12 weeks post-randomization. (Stratified cluster 1783).
1784,10001052,RESULTS,RESULTS,"No statistically significant difference in serious adverse events was observed between the active drug and placebo arms. (Confidence interval 95%, n=1342)."
1785,10001935,BACKGROUND,BACKGROUND,Postoperative pain management following major orthopedic surgery is critical for early patient mobilization. (Cohort identifier: 1785).
1786,10001946,OBJECTIVE,OBJECTIVES,We investigated whether cognitive behavioral therapy reduces relapse rates compared to standard pharmacotherapy. (Trial registration: NCT010001946).
1787,10001450,METHODS,METHODS,Participants were randomly allocated (1:1) using computer-generated block randomization to receive drug A or placebo. (Stratified cluster 1787).
1788,10001118,RESULTS,RESULTS,"Semaglutide significantly reduced mean HbA1c by -1.5% compared to -0.8% with sitagliptin (p < 0.001). (Confidence interval 95%, n=669)."
1789,10001879,BACKGROUND,BACKGROUND,Type 2 diabetes mellitus is a major chronic metabolic disorder associated with high cardiovascular mortality. (Cohort identifier: 1789).
1790,10001834,OBJECTIVE,OBJECTIVES,To evaluate the efficacy and safety of once-weekly semaglutide compared to daily sitagliptin in adults. (Trial registration: NCT010001834).
1791,10001363,METHODS,METHODS,"A multi-center, double-blind, randomized controlled trial enrolled 1,200 adult patients across 45 clinical sites. (Stratified cluster 1791)."
1792,10001837,RESULTS,RESULTS,"Combination therapy achieved target blood pressure control in 78.4% of patients compared to 54.2% in the monotherapy group. (Confidence interval 95%, n=1190)."
1793,10001087,BACKGROUND,BACKGROUND,Chronic obstructive pulmonary disease exacerbations frequently lead to hospital readmission and increased mortality. (Cohort identifier: 1793).
1794,10001528,OBJECTIVE,OBJECTIVES,We investigated whether cognitive behavioral therapy reduces relapse rates compared to standard pharmacotherapy. (Trial registration: NCT010001528).
1795,10001092,METHODS,METHODS,Primary endpoint was change in mean arterial pressure measured at 12 weeks post-randomization. (Stratified cluster 1795).
1796,10001723,RESULTS,RESULTS,"Semaglutide significantly reduced mean HbA1c by -1.5% compared to -0.8% with sitagliptin (p < 0.001). (Confidence interval 95%, n=1055)."
1797,10001581,BACKGROUND,BACKGROUND,Chronic obstructive pulmonary disease exacerbations frequently lead to hospital readmission and increased mortality. (Cohort identifier: 1797).
1798,10001058,OBJECTIVE,OBJECTIVES,We investigated whether cognitive behavioral therapy reduces relapse rates compared to standard pharmacotherapy. (Trial registration: NCT010001058).
1799,10001213,METHODS,METHODS,Primary endpoint was change in mean arterial pressure measured at 12 weeks post-randomization. (Stratified cluster 1799).
1800,10001097,RESULTS,RESULTS,"Combination therapy achieved target blood pressure control in 78.4% of patients compared to 54.2% in the monotherapy group. (Confidence interval 95%, n=1324)."
1801,10001007,BACKGROUND,BACKGROUND,Postoperative pain management following major orthopedic surgery is critical for early patient mobilization. (Cohort identifier: 1801).
1802,10001068,OBJECTIVE,OBJECTIVES,The primary aim was to assess the analgesic effectiveness of intravenous dexamethasone versus placebo. (Trial registration: NCT010001068).
1803,10001296,METHODS,METHODS,Primary endpoint was change in mean arterial pressure measured at 12 weeks post-randomization. (Stratified cluster 1803).
1804,10001349,RESULTS,RESULTS,"Mean postoperative pain scores at 24 hours were significantly reduced in the intervention group (2.1 vs 4.8, p = 0.002). (Confidence interval 95%, n=367)."
1805,10001558,BACKGROUND,BACKGROUND,Hypertension remains the leading preventable cause of cardiovascular disease and premature death worldwide. (Cohort identifier: 1805).
1806,10001938,OBJECTIVE,OBJECTIVES,To determine if inhaled corticosteroid cessation increases acute exacerbation risk in moderate COPD. (Trial registration: NCT010001938).
1807,10001950,METHODS,METHODS,Statistical analyses followed the intention-to-treat principle using mixed-effects linear regression models. (Stratified cluster 1807).
1808,10001568,RESULTS,RESULTS,"The 12-month relapse rate was significantly lower in the combined therapy arm (18.2% vs 34.6%, HR: 0.48, 9: 0.31-0.75). (Confidence interval 95%, n=1451)."
1809,10001139,BACKGROUND,BACKGROUND,Postoperative pain management following major orthopedic surgery is critical for early patient mobilization. (Cohort identifier: 1809).
1810,10001119,OBJECTIVE,OBJECTIVES,We investigated whether cognitive behavioral therapy reduces relapse rates compared to standard pharmacotherapy. (Trial registration: NCT010001119).
1811,10001065,METHODS,METHODS,Statistical analyses followed the intention-to-treat principle using mixed-effects linear regression models. (Stratified cluster 1811).
1812,10001014,RESULTS,RESULTS,"The 12-month relapse rate was significantly lower in the combined therapy arm (18.2% vs 34.6%, HR: 0.48, 9: 0.31-0.75). (Confidence interval 95%, n=1793)."
1813,10001946,BACKGROUND,BACKGROUND,Chronic obstructive pulmonary disease exacerbations frequently lead to hospital readmission and increased mortality. (Cohort identifier: 1813).
1814,10001786,OBJECTIVE,OBJECTIVES,This randomized controlled trial aimed to compare low-dose combination therapy against standard monotherapy. (Trial registration: NCT010001786).
1815,10001494,METHODS,METHODS,"A multi-center, double-blind, randomized controlled trial enrolled 1,200 adult patients across 45 clinical sites. (Stratified cluster 1815)."
1816,10001305,RESULTS,RESULTS,"No statistically significant difference in serious adverse events was observed between the active drug and placebo arms. (Confidence interval 95%, n=580)."
1817,10001440,BACKGROUND,BACKGROUND,Chronic obstructive pulmonary disease exacerbations frequently lead to hospital readmission and increased mortality. (Cohort identifier: 1817).
1818,10001373,OBJECTIVE,OBJECTIVES,We investigated whether cognitive behavioral therapy reduces relapse rates compared to standard pharmacotherapy. (Trial registration: NCT010001373).
1819,10001663,METHODS,METHODS,"A multi-center, double-blind, randomized controlled trial enrolled 1,200 adult patients across 45 clinical sites. (Stratified cluster 1819)."
1820,10001825,RESULTS,RESULTS,"No statistically significant difference in serious adverse events was observed between the active drug and placebo arms. (Confidence interval 95%, n=943)."
1821,10001501,BACKGROUND,BACKGROUND,Type 2 diabetes mellitus is a major chronic metabolic disorder associated with high cardiovascular mortality. (Cohort identifier: 1821).
1822,10001422,OBJECTIVE,OBJECTIVES,This randomized controlled trial aimed to compare low-dose combination therapy against standard monotherapy. (Trial registration: NCT010001422).
1823,10001196,METHODS,METHODS,"A multi-center, double-blind, randomized controlled trial enrolled 1,200 adult patients across 45 clinical sites. (Stratified cluster 1823)."
1824,10001292,RESULTS,RESULTS,"Combination therapy achieved target blood pressure control in 78.4% of patients compared to 54.2% in the monotherapy group. (Confidence interval 95%, n=1882)."
1825,10001132,BACKGROUND,BACKGROUND,Major depressive disorder is a pervasive mental health condition with substantial socioeconomic burden. (Cohort identifier: 1825).
1826,10001681,OBJECTIVE,OBJECTIVES,We investigated whether cognitive behavioral therapy reduces relapse rates compared to standard pharmacotherapy. (Trial registration: NCT010001681).
1827,10001516,METHODS,METHODS,Participants were randomly allocated (1:1) using computer-generated block randomization to receive drug A or placebo. (Stratified cluster 1827).
1828,10001732,RESULTS,RESULTS,"Mean postoperative pain scores at 24 hours were significantly reduced in the intervention group (2.1 vs 4.8, p = 0.002). (Confidence interval 95%, n=485)."
1829,10001282,BACKGROUND,BACKGROUND,Hypertension remains the leading preventable cause of cardiovascular disease and premature death worldwide. (Cohort identifier: 1829).
1830,10001520,OBJECTIVE,OBJECTIVES,The primary aim was to assess the analgesic effectiveness of intravenous dexamethasone versus placebo. (Trial registration: NCT010001520).
1831,10001947,METHODS,METHODS,Eligible participants aged 18-75 years with documented HbA1c > 8.0% underwent 24 weeks of active treatment. (Stratified cluster 1831).
1832,10001096,RESULTS,RESULTS,"Combination therapy achieved target blood pressure control in 78.4% of patients compared to 54.2% in the monotherapy group. (Confidence interval 95%, n=2258)."
1833,10001664,BACKGROUND,BACKGROUND,Chronic obstructive pulmonary disease exacerbations frequently lead to hospital readmission and increased mortality. (Cohort identifier: 1833).
1834,10001761,OBJECTIVE,OBJECTIVES,This randomized controlled trial aimed to compare low-dose combination therapy against standard monotherapy. (Trial registration: NCT010001761).
1835,10001730,METHODS,METHODS,Primary endpoint was change in mean arterial pressure measured at 12 weeks post-randomization. (Stratified cluster 1835).
1836,10001400,RESULTS,RESULTS,"No statistically significant difference in serious adverse events was observed between the active drug and placebo arms. (Confidence interval 95%, n=1175)."
1837,10001256,BACKGROUND,BACKGROUND,Postoperative pain management following major orthopedic surgery is critical for early patient mobilization. (Cohort identifier: 1837).
1838,10001144,OBJECTIVE,OBJECTIVES,The primary aim was to assess the analgesic effectiveness of intravenous dexamethasone versus placebo. (Trial registration: NCT010001144).
1839,10001531,METHODS,METHODS,Primary endpoint was change in mean arterial pressure measured at 12 weeks post-randomization. (Stratified cluster 1839).
1840,10001465,RESULTS,RESULTS,"Combination therapy achieved target blood pressure control in 78.4% of patients compared to 54.2% in the monotherapy group. (Confidence interval 95%, n=1539)."
1841,10001308,BACKGROUND,BACKGROUND,Type 2 diabetes mellitus is a major chronic metabolic disorder associated with high cardiovascular mortality. (Cohort identifier: 1841).
1842,10001787,OBJECTIVE,OBJECTIVES,To determine if inhaled corticosteroid cessation increases acute exacerbation risk in moderate COPD. (Trial registration: NCT010001787).
1843,10001894,METHODS,METHODS,"A multi-center, double-blind, randomized controlled trial enrolled 1,200 adult patients across 45 clinical sites. (Stratified cluster 1843)."
1844,10001786,RESULTS,RESULTS,"Mean postoperative pain scores at 24 hours were significantly reduced in the intervention group (2.1 vs 4.8, p = 0.002). (Confidence interval 95%, n=1527)."
1845,10001592,BACKGROUND,BACKGROUND,Chronic obstructive pulmonary disease exacerbations frequently lead to hospital readmission and increased mortality. (Cohort identifier: 1845).
1846,10001946,OBJECTIVE,OBJECTIVES,We investigated whether cognitive behavioral therapy reduces relapse rates compared to standard pharmacotherapy. (Trial registration: NCT010001946).
1847,10001581,METHODS,METHODS,Statistical analyses followed the intention-to-treat principle using mixed-effects linear regression models. (Stratified cluster 1847).
1848,10001861,RESULTS,RESULTS,"No statistically significant difference in serious adverse events was observed between the active drug and placebo arms. (Confidence interval 95%, n=375)."
1849,10001820,BACKGROUND,BACKGROUND,Postoperative pain management following major orthopedic surgery is critical for early patient mobilization. (Cohort identifier: 1849).
1850,10001071,OBJECTIVE,OBJECTIVES,To evaluate the efficacy and safety of once-weekly semaglutide compared to daily sitagliptin in adults. (Trial registration: NCT010001071).
1851,10001188,METHODS,METHODS,"A multi-center, double-blind, randomized controlled trial enrolled 1,200 adult patients across 45 clinical sites. (Stratified cluster 1851)."
1852,10001036,RESULTS,RESULTS,"Combination therapy achieved target blood pressure control in 78.4% of patients compared to 54.2% in the monotherapy group. (Confidence interval 95%, n=2037)."
1853,10001251,BACKGROUND,BACKGROUND,Chronic obstructive pulmonary disease exacerbations frequently lead to hospital readmission and increased mortality. (Cohort identifier: 1853).
1854,10001618,OBJECTIVE,OBJECTIVES,To determine if inhaled corticosteroid cessation increases acute exacerbation risk in moderate COPD. (Trial registration: NCT010001618).
1855,10001814,METHODS,METHODS,Participants were randomly allocated (1:1) using computer-generated block randomization to receive drug A or placebo. (Stratified cluster 1855).
1856,10001767,RESULTS,RESULTS,"Combination therapy achieved target blood pressure control in 78.4% of patients compared to 54.2% in the monotherapy group. (Confidence interval 95%, n=2028)."
1857,10001821,BACKGROUND,BACKGROUND,Hypertension remains the leading preventable cause of cardiovascular disease and premature death worldwide. (Cohort identifier: 1857).
1858,10001476,OBJECTIVE,OBJECTIVES,To determine if inhaled corticosteroid cessation increases acute exacerbation risk in moderate COPD. (Trial registration: NCT010001476).
1859,10001879,METHODS,METHODS,"A multi-center, double-blind, randomized controlled trial enrolled 1,200 adult patients across 45 clinical sites. (Stratified cluster 1859)."
1860,10001577,RESULTS,RESULTS,"Mean postoperative pain scores at 24 hours were significantly reduced in the intervention group (2.1 vs 4.8, p = 0.002). (Confidence interval 95%, n=224)."
1861,10001682,BACKGROUND,BACKGROUND,Major depressive disorder is a pervasive mental health condition with substantial socioeconomic burden. (Cohort identifier: 1861).
1862,10001243,OBJECTIVE,OBJECTIVES,We investigated whether cognitive behavioral therapy reduces relapse rates compared to standard pharmacotherapy. (Trial registration: NCT010001243).
1863,10001976,METHODS,METHODS,"A multi-center, double-blind, randomized controlled trial enrolled 1,200 adult patients across 45 clinical sites. (Stratified cluster 1863)."
1864,10001487,RESULTS,RESULTS,"No statistically significant difference in serious adverse events was observed between the active drug and placebo arms. (Confidence interval 95%, n=1052)."
1865,10001935,BACKGROUND,BACKGROUND,Major depressive disorder is a pervasive mental health condition with substantial socioeconomic burden. (Cohort identifier: 1865).
1866,10001737,OBJECTIVE,OBJECTIVES,To evaluate the efficacy and safety of once-weekly semaglutide compared to daily sitagliptin in adults. (Trial registration: NCT010001737).
1867,10001854,METHODS,METHODS,"A multi-center, double-blind, randomized controlled trial enrolled 1,200 adult patients across 45 clinical sites. (Stratified cluster 1867)."
1868,10001769,RESULTS,RESULTS,"No statistically significant difference in serious adverse events was observed between the active drug and placebo arms. (Confidence interval 95%, n=169)."
1869,10001994,BACKGROUND,BACKGROUND,Hypertension remains the leading preventable cause of cardiovascular disease and premature death worldwide. (Cohort identifier: 1869).
1870,10001269,OBJECTIVE,OBJECTIVES,To evaluate the efficacy and safety of once-weekly semaglutide compared to daily sitagliptin in adults. (Trial registration: NCT010001269).
1871,10001052,METHODS,METHODS,"A multi-center, double-blind, randomized controlled trial enrolled 1,200 adult patients across 45 clinical sites. (Stratified cluster 1871)."
1872,10001692,RESULTS,RESULTS,"The 12-month relapse rate was significantly lower in the combined therapy arm (18.2% vs 34.6%, HR: 0.48, 9: 0.31-0.75). (Confidence interval 95%, n=2397)."
1873,10001277,BACKGROUND,BACKGROUND,Postoperative pain management following major orthopedic surgery is critical for early patient mobilization. (Cohort identifier: 1873).
1874,10001838,OBJECTIVE,OBJECTIVES,This randomized controlled trial aimed to compare low-dose combination therapy against standard monotherapy. (Trial registration: NCT010001838).
1875,10001050,METHODS,METHODS,Statistical analyses followed the intention-to-treat principle using mixed-effects linear regression models. (Stratified cluster 1875).
1876,10001666,RESULTS,RESULTS,"No statistically significant difference in serious adverse events was observed between the active drug and placebo arms. (Confidence interval 95%, n=262)."
1877,10001072,BACKGROUND,BACKGROUND,Major depressive disorder is a pervasive mental health condition with substantial socioeconomic burden. (Cohort identifier: 1877).
1878,10001574,OBJECTIVE,OBJECTIVES,We investigated whether cognitive behavioral therapy reduces relapse rates compared to standard pharmacotherapy. (Trial registration: NCT010001574).
1879,10001724,METHODS,METHODS,Primary endpoint was change in mean arterial pressure measured at 12 weeks post-randomization. (Stratified cluster 1879).
1880,10001106,RESULTS,RESULTS,"Semaglutide significantly reduced mean HbA1c by -1.5% compared to -0.8% with sitagliptin (p < 0.001). (Confidence interval 95%, n=2311)."
1881,10001213,BACKGROUND,BACKGROUND,Type 2 diabetes mellitus is a major chronic metabolic disorder associated with high cardiovascular mortality. (Cohort identifier: 1881).
1882,10001153,OBJECTIVE,OBJECTIVES,We investigated whether cognitive behavioral therapy reduces relapse rates compared to standard pharmacotherapy. (Trial registration: NCT010001153).
1883,10001526,METHODS,METHODS,Participants were randomly allocated (1:1) using computer-generated block randomization to receive drug A or placebo. (Stratified cluster 1883).
1884,10001583,RESULTS,RESULTS,"Combination therapy achieved target blood pressure control in 78.4% of patients compared to 54.2% in the monotherapy group. (Confidence interval 95%, n=2344)."
1885,10001198,BACKGROUND,BACKGROUND,Chronic obstructive pulmonary disease exacerbations frequently lead to hospital readmission and increased mortality. (Cohort identifier: 1885).
1886,10001271,OBJECTIVE,OBJECTIVES,This randomized controlled trial aimed to compare low-dose combination therapy against standard monotherapy. (Trial registration: NCT010001271).
1887,10001506,METHODS,METHODS,Eligible participants aged 18-75 years with documented HbA1c > 8.0% underwent 24 weeks of active treatment. (Stratified cluster 1887).
1888,10001165,RESULTS,RESULTS,"Combination therapy achieved target blood pressure control in 78.4% of patients compared to 54.2% in the monotherapy group. (Confidence interval 95%, n=1122)."
1889,10001286,BACKGROUND,BACKGROUND,Chronic obstructive pulmonary disease exacerbations frequently lead to hospital readmission and increased mortality. (Cohort identifier: 1889).
1890,10001532,OBJECTIVE,OBJECTIVES,The primary aim was to assess the analgesic effectiveness of intravenous dexamethasone versus placebo. (Trial registration: NCT010001532).
1891,10001411,METHODS,METHODS,"A multi-center, double-blind, randomized controlled trial enrolled 1,200 adult patients across 45 clinical sites. (Stratified cluster 1891)."
1892,10001938,RESULTS,RESULTS,"The 12-month relapse rate was significantly lower in the combined therapy arm (18.2% vs 34.6%, HR: 0.48, 9: 0.31-0.75). (Confidence interval 95%, n=586)."
1893,10001752,BACKGROUND,BACKGROUND,Postoperative pain management following major orthopedic surgery is critical for early patient mobilization. (Cohort identifier: 1893).
1894,10001984,OBJECTIVE,OBJECTIVES,This randomized controlled trial aimed to compare low-dose combination therapy against standard monotherapy. (Trial registration: NCT010001984).
1895,10001681,METHODS,METHODS,Eligible participants aged 18-75 years with documented HbA1c > 8.0% underwent 24 weeks of active treatment. (Stratified cluster 1895).
1896,10001074,RESULTS,RESULTS,"The 12-month relapse rate was significantly lower in the combined therapy arm (18.2% vs 34.6%, HR: 0.48, 9: 0.31-0.75). (Confidence interval 95%, n=1719)."
1897,10001284,BACKGROUND,BACKGROUND,Chronic obstructive pulmonary disease exacerbations frequently lead to hospital readmission and increased mortality. (Cohort identifier: 1897).
1898,10001391,OBJECTIVE,OBJECTIVES,The primary aim was to assess the analgesic effectiveness of intravenous dexamethasone versus placebo. (Trial registration: NCT010001391).
1899,10001616,METHODS,METHODS,Statistical analyses followed the intention-to-treat principle using mixed-effects linear regression models. (Stratified cluster 1899).
1900,10001505,RESULTS,RESULTS,"Mean postoperative pain scores at 24 hours were significantly reduced in the intervention group (2.1 vs 4.8, p = 0.002). (Confidence interval 95%, n=2439)."
1901,10001932,BACKGROUND,BACKGROUND,Hypertension remains the leading preventable cause of cardiovascular disease and premature death worldwide. (Cohort identifier: 1901).
1902,10001288,OBJECTIVE,OBJECTIVES,The primary aim was to assess the analgesic effectiveness of intravenous dexamethasone versus placebo. (Trial registration: NCT010001288).
1903,10001619,METHODS,METHODS,Participants were randomly allocated (1:1) using computer-generated block randomization to receive drug A or placebo. (Stratified cluster 1903).
1904,10001683,RESULTS,RESULTS,"No statistically significant difference in serious adverse events was observed between the active drug and placebo arms. (Confidence interval 95%, n=1048)."
1905,10001449,BACKGROUND,BACKGROUND,Hypertension remains the leading preventable cause of cardiovascular disease and premature death worldwide. (Cohort identifier: 1905).
1906,10001377,OBJECTIVE,OBJECTIVES,We investigated whether cognitive behavioral therapy reduces relapse rates compared to standard pharmacotherapy. (Trial registration: NCT010001377).
1907,10001946,METHODS,METHODS,Primary endpoint was change in mean arterial pressure measured at 12 weeks post-randomization. (Stratified cluster 1907).
1908,10001465,RESULTS,RESULTS,"Mean postoperative pain scores at 24 hours were significantly reduced in the intervention group (2.1 vs 4.8, p = 0.002). (Confidence interval 95%, n=1617)."
1909,10001202,BACKGROUND,BACKGROUND,Hypertension remains the leading preventable cause of cardiovascular disease and premature death worldwide. (Cohort identifier: 1909).
1910,10001536,OBJECTIVE,OBJECTIVES,This randomized controlled trial aimed to compare low-dose combination therapy against standard monotherapy. (Trial registration: NCT010001536).
1911,10001118,METHODS,METHODS,Participants were randomly allocated (1:1) using computer-generated block randomization to receive drug A or placebo. (Stratified cluster 1911).
1912,10001867,RESULTS,RESULTS,"No statistically significant difference in serious adverse events was observed between the active drug and placebo arms. (Confidence interval 95%, n=1007)."
1913,10001555,BACKGROUND,BACKGROUND,Hypertension remains the leading preventable cause of cardiovascular disease and premature death worldwide. (Cohort identifier: 1913).
1914,10001824,OBJECTIVE,OBJECTIVES,The primary aim was to assess the analgesic effectiveness of intravenous dexamethasone versus placebo. (Trial registration: NCT010001824).
1915,10001044,METHODS,METHODS,"A multi-center, double-blind, randomized controlled trial enrolled 1,200 adult patients across 45 clinical sites. (Stratified cluster 1915)."
1916,10001339,RESULTS,RESULTS,"Mean postoperative pain scores at 24 hours were significantly reduced in the intervention group (2.1 vs 4.8, p = 0.002). (Confidence interval 95%, n=2046)."
1917,10001103,BACKGROUND,BACKGROUND,Chronic obstructive pulmonary disease exacerbations frequently lead to hospital readmission and increased mortality. (Cohort identifier: 1917).
1918,10001428,OBJECTIVE,OBJECTIVES,To evaluate the efficacy and safety of once-weekly semaglutide compared to daily sitagliptin in adults. (Trial registration: NCT010001428).
1919,10001327,METHODS,METHODS,Participants were randomly allocated (1:1) using computer-generated block randomization to receive drug A or placebo. (Stratified cluster 1919).
1920,10001172,RESULTS,RESULTS,"Combination therapy achieved target blood pressure control in 78.4% of patients compared to 54.2% in the monotherapy group. (Confidence interval 95%, n=1464)."
1921,10001751,BACKGROUND,BACKGROUND,Postoperative pain management following major orthopedic surgery is critical for early patient mobilization. (Cohort identifier: 1921).
1922,10001474,OBJECTIVE,OBJECTIVES,This randomized controlled trial aimed to compare low-dose combination therapy against standard monotherapy. (Trial registration: NCT010001474).
1923,10001789,METHODS,METHODS,"A multi-center, double-blind, randomized controlled trial enrolled 1,200 adult patients across 45 clinical sites. (Stratified cluster 1923)."
1924,10001502,RESULTS,RESULTS,"Combination therapy achieved target blood pressure control in 78.4% of patients compared to 54.2% in the monotherapy group. (Confidence interval 95%, n=2381)."
1925,10001168,BACKGROUND,BACKGROUND,Type 2 diabetes mellitus is a major chronic metabolic disorder associated with high cardiovascular mortality. (Cohort identifier: 1925).
1926,10001079,OBJECTIVE,OBJECTIVES,We investigated whether cognitive behavioral therapy reduces relapse rates compared to standard pharmacotherapy. (Trial registration: NCT010001079).
1927,10001934,METHODS,METHODS,Primary endpoint was change in mean arterial pressure measured at 12 weeks post-randomization. (Stratified cluster 1927).
1928,10001198,RESULTS,RESULTS,"No statistically significant difference in serious adverse events was observed between the active drug and placebo arms. (Confidence interval 95%, n=1079)."
1929,10001952,BACKGROUND,BACKGROUND,Type 2 diabetes mellitus is a major chronic metabolic disorder associated with high cardiovascular mortality. (Cohort identifier: 1929).
1930,10001292,OBJECTIVE,OBJECTIVES,This randomized controlled trial aimed to compare low-dose combination therapy against standard monotherapy. (Trial registration: NCT010001292).
1931,10001415,METHODS,METHODS,Statistical analyses followed the intention-to-treat principle using mixed-effects linear regression models. (Stratified cluster 1931).
1932,10001773,RESULTS,RESULTS,"No statistically significant difference in serious adverse events was observed between the active drug and placebo arms. (Confidence interval 95%, n=2016)."
1933,10001391,BACKGROUND,BACKGROUND,Major depressive disorder is a pervasive mental health condition with substantial socioeconomic burden. (Cohort identifier: 1933).
1934,10001666,OBJECTIVE,OBJECTIVES,To evaluate the efficacy and safety of once-weekly semaglutide compared to daily sitagliptin in adults. (Trial registration: NCT010001666).
1935,10001450,METHODS,METHODS,"A multi-center, double-blind, randomized controlled trial enrolled 1,200 adult patients across 45 clinical sites. (Stratified cluster 1935)."
1936,10001678,RESULTS,RESULTS,"Mean postoperative pain scores at 24 hours were significantly reduced in the intervention group (2.1 vs 4.8, p = 0.002). (Confidence interval 95%, n=769)."
1937,10001163,BACKGROUND,BACKGROUND,Type 2 diabetes mellitus is a major chronic metabolic disorder associated with high cardiovascular mortality. (Cohort identifier: 1937).
1938,10001440,OBJECTIVE,OBJECTIVES,The primary aim was to assess the analgesic effectiveness of intravenous dexamethasone versus placebo. (Trial registration: NCT010001440).
1939,10001937,METHODS,METHODS,Statistical analyses followed the intention-to-treat principle using mixed-effects linear regression models. (Stratified cluster 1939).
1940,10001956,RESULTS,RESULTS,"Semaglutide significantly reduced mean HbA1c by -1.5% compared to -0.8% with sitagliptin (p < 0.001). (Confidence interval 95%, n=645)."
1941,10001732,BACKGROUND,BACKGROUND,Hypertension remains the leading preventable cause of cardiovascular disease and premature death worldwide. (Cohort identifier: 1941).
1942,10001761,OBJECTIVE,OBJECTIVES,We investigated whether cognitive behavioral therapy reduces relapse rates compared to standard pharmacotherapy. (Trial registration: NCT010001761).
1943,10001653,METHODS,METHODS,Primary endpoint was change in mean arterial pressure measured at 12 weeks post-randomization. (Stratified cluster 1943).
1944,10001692,RESULTS,RESULTS,"Mean postoperative pain scores at 24 hours were significantly reduced in the intervention group (2.1 vs 4.8, p = 0.002). (Confidence interval 95%, n=2282)."
1945,10001290,BACKGROUND,BACKGROUND,Type 2 diabetes mellitus is a major chronic metabolic disorder associated with high cardiovascular mortality. (Cohort identifier: 1945).
1946,10001405,OBJECTIVE,OBJECTIVES,To determine if inhaled corticosteroid cessation increases acute exacerbation risk in moderate COPD. (Trial registration: NCT010001405).
1947,10001410,METHODS,METHODS,Participants were randomly allocated (1:1) using computer-generated block randomization to receive drug A or placebo. (Stratified cluster 1947).
1948,10001019,RESULTS,RESULTS,"The 12-month relapse rate was significantly lower in the combined therapy arm (18.2% vs 34.6%, HR: 0.48, 9: 0.31-0.75). (Confidence interval 95%, n=749)."
1949,10001557,BACKGROUND,BACKGROUND,Major depressive disorder is a pervasive mental health condition with substantial socioeconomic burden. (Cohort identifier: 1949).
1950,10001407,OBJECTIVE,OBJECTIVES,This randomized controlled trial aimed to compare low-dose combination therapy against standard monotherapy. (Trial registration: NCT010001407).
1951,10001112,METHODS,METHODS,Primary endpoint was change in mean arterial pressure measured at 12 weeks post-randomization. (Stratified cluster 1951).
1952,10001999,RESULTS,RESULTS,"The 12-month relapse rate was significantly lower in the combined therapy arm (18.2% vs 34.6%, HR: 0.48, 9: 0.31-0.75). (Confidence interval 95%, n=353)."
1953,10001145,BACKGROUND,BACKGROUND,Postoperative pain management following major orthopedic surgery is critical for early patient mobilization. (Cohort identifier: 1953).
1954,10001534,OBJECTIVE,OBJECTIVES,We investigated whether cognitive behavioral therapy reduces relapse rates compared to standard pharmacotherapy. (Trial registration: NCT010001534).
1955,10001592,METHODS,METHODS,Participants were randomly allocated (1:1) using computer-generated block randomization to receive drug A or placebo. (Stratified cluster 1955).
1956,10001738,RESULTS,RESULTS,"Mean postoperative pain scores at 24 hours were significantly reduced in the intervention group (2.1 vs 4.8, p = 0.002). (Confidence interval 95%, n=2361)."
1957,10001509,BACKGROUND,BACKGROUND,Type 2 diabetes mellitus is a major chronic metabolic disorder associated with high cardiovascular mortality. (Cohort identifier: 1957).
1958,10001139,OBJECTIVE,OBJECTIVES,The primary aim was to assess the analgesic effectiveness of intravenous dexamethasone versus placebo. (Trial registration: NCT010001139).
1959,10001654,METHODS,METHODS,Eligible participants aged 18-75 years with documented HbA1c > 8.0% underwent 24 weeks of active treatment. (Stratified cluster 1959).
1960,10001273,RESULTS,RESULTS,"No statistically significant difference in serious adverse events was observed between the active drug and placebo arms. (Confidence interval 95%, n=2170)."
1961,10001774,BACKGROUND,BACKGROUND,Type 2 diabetes mellitus is a major chronic metabolic disorder associated with high cardiovascular mortality. (Cohort identifier: 1961).
1962,10001032,OBJECTIVE,OBJECTIVES,To determine if inhaled corticosteroid cessation increases acute exacerbation risk in moderate COPD. (Trial registration: NCT010001032).
1963,10001835,METHODS,METHODS,Eligible participants aged 18-75 years with documented HbA1c > 8.0% underwent 24 weeks of active treatment. (Stratified cluster 1963).
1964,10001500,RESULTS,RESULTS,"The 12-month relapse rate was significantly lower in the combined therapy arm (18.2% vs 34.6%, HR: 0.48, 9: 0.31-0.75). (Confidence interval 95%, n=873)."
1965,10001576,BACKGROUND,BACKGROUND,Hypertension remains the leading preventable cause of cardiovascular disease and premature death worldwide. (Cohort identifier: 1965).
1966,10001078,OBJECTIVE,OBJECTIVES,We investigated whether cognitive behavioral therapy reduces relapse rates compared to standard pharmacotherapy. (Trial registration: NCT010001078).
1967,10001188,METHODS,METHODS,Participants were randomly allocated (1:1) using computer-generated block randomization to receive drug A or placebo. (Stratified cluster 1967).
1968,10001031,RESULTS,RESULTS,"The 12-month relapse rate was significantly lower in the combined therapy arm (18.2% vs 34.6%, HR: 0.48, 9: 0.31-0.75). (Confidence interval 95%, n=1497)."
1969,10001851,BACKGROUND,BACKGROUND,Type 2 diabetes mellitus is a major chronic metabolic disorder associated with high cardiovascular mortality. (Cohort identifier: 1969).
1970,10001836,OBJECTIVE,OBJECTIVES,The primary aim was to assess the analgesic effectiveness of intravenous dexamethasone versus placebo. (Trial registration: NCT010001836).
1971,10001193,METHODS,METHODS,Primary endpoint was change in mean arterial pressure measured at 12 weeks post-randomization. (Stratified cluster 1971).
1972,10001548,RESULTS,RESULTS,"Mean postoperative pain scores at 24 hours were significantly reduced in the intervention group (2.1 vs 4.8, p = 0.002). (Confidence interval 95%, n=2037)."
1973,10001832,BACKGROUND,BACKGROUND,Hypertension remains the leading preventable cause of cardiovascular disease and premature death worldwide. (Cohort identifier: 1973).
1974,10001979,OBJECTIVE,OBJECTIVES,To evaluate the efficacy and safety of once-weekly semaglutide compared to daily sitagliptin in adults. (Trial registration: NCT010001979).
1975,10001507,METHODS,METHODS,Eligible participants aged 18-75 years with documented HbA1c > 8.0% underwent 24 weeks of active treatment. (Stratified cluster 1975).
1976,10001306,RESULTS,RESULTS,"Mean postoperative pain scores at 24 hours were significantly reduced in the intervention group (2.1 vs 4.8, p = 0.002). (Confidence interval 95%, n=1197)."
1977,10001960,BACKGROUND,BACKGROUND,Postoperative pain management following major orthopedic surgery is critical for early patient mobilization. (Cohort identifier: 1977).
1978,10001688,OBJECTIVE,OBJECTIVES,The primary aim was to assess the analgesic effectiveness of intravenous dexamethasone versus placebo. (Trial registration: NCT010001688).
1979,10001964,METHODS,METHODS,Eligible participants aged 18-75 years with documented HbA1c > 8.0% underwent 24 weeks of active treatment. (Stratified cluster 1979).
1980,10001183,RESULTS,RESULTS,"Semaglutide significantly reduced mean HbA1c by -1.5% compared to -0.8% with sitagliptin (p < 0.001). (Confidence interval 95%, n=618)."
1981,10001035,BACKGROUND,BACKGROUND,Postoperative pain management following major orthopedic surgery is critical for early patient mobilization. (Cohort identifier: 1981).
1982,10001677,OBJECTIVE,OBJECTIVES,To determine if inhaled corticosteroid cessation increases acute exacerbation risk in moderate COPD. (Trial registration: NCT010001677).
1983,10001063,METHODS,METHODS,"A multi-center, double-blind, randomized controlled trial enrolled 1,200 adult patients across 45 clinical sites. (Stratified cluster 1983)."
1984,10001117,RESULTS,RESULTS,"Semaglutide significantly reduced mean HbA1c by -1.5% compared to -0.8% with sitagliptin (p < 0.001). (Confidence interval 95%, n=779)."
1985,10001473,BACKGROUND,BACKGROUND,Chronic obstructive pulmonary disease exacerbations frequently lead to hospital readmission and increased mortality. (Cohort identifier: 1985).
1986,10001526,OBJECTIVE,OBJECTIVES,The primary aim was to assess the analgesic effectiveness of intravenous dexamethasone versus placebo. (Trial registration: NCT010001526).
1987,10001131,METHODS,METHODS,Statistical analyses followed the intention-to-treat principle using mixed-effects linear regression models. (Stratified cluster 1987).
1988,10001698,RESULTS,RESULTS,"Mean postoperative pain scores at 24 hours were significantly reduced in the intervention group (2.1 vs 4.8, p = 0.002). (Confidence interval 95%, n=1604)."
1989,10001111,BACKGROUND,BACKGROUND,Postoperative pain management following major orthopedic surgery is critical for early patient mobilization. (Cohort identifier: 1989).
1990,10001408,OBJECTIVE,OBJECTIVES,To evaluate the efficacy and safety of once-weekly semaglutide compared to daily sitagliptin in adults. (Trial registration: NCT010001408).
1991,10001511,METHODS,METHODS,Participants were randomly allocated (1:1) using computer-generated block randomization to receive drug A or placebo. (Stratified cluster 1991).
1992,10001633,RESULTS,RESULTS,"Mean postoperative pain scores at 24 hours were significantly reduced in the intervention group (2.1 vs 4.8, p = 0.002). (Confidence interval 95%, n=1725)."
1993,10001409,BACKGROUND,BACKGROUND,Chronic obstructive pulmonary disease exacerbations frequently lead to hospital readmission and increased mortality. (Cohort identifier: 1993).
1994,10001232,OBJECTIVE,OBJECTIVES,To evaluate the efficacy and safety of once-weekly semaglutide compared to daily sitagliptin in adults. (Trial registration: NCT010001232).
1995,10001070,METHODS,METHODS,"A multi-center, double-blind, randomized controlled trial enrolled 1,200 adult patients across 45 clinical sites. (Stratified cluster 1995)."
1996,10001476,RESULTS,RESULTS,"Semaglutide significantly reduced mean HbA1c by -1.5% compared to -0.8% with sitagliptin (p < 0.001). (Confidence interval 95%, n=2396)."
1997,10001322,BACKGROUND,BACKGROUND,Type 2 diabetes mellitus is a major chronic metabolic disorder associated with high cardiovascular mortality. (Cohort identifier: 1997).
1998,10001327,OBJECTIVE,OBJECTIVES,We investigated whether cognitive behavioral therapy reduces relapse rates compared to standard pharmacotherapy. (Trial registration: NCT010001327).
1999,10001728,METHODS,METHODS,"A multi-center, double-blind, randomized controlled trial enrolled 1,200 adult patients across 45 clinical sites. (Stratified cluster 1999)."
2000,10001001,RESULTS,RESULTS,"No statistically significant difference in serious adverse events was observed between the active drug and placebo arms. (Confidence interval 95%, n=882)."
2001,10001152,BACKGROUND,BACKGROUND,Hypertension remains the leading preventable cause of cardiovascular disease and premature death worldwide. (Cohort identifier: 2001).
2002,10001299,OBJECTIVE,OBJECTIVES,The primary aim was to assess the analgesic effectiveness of intravenous dexamethasone versus placebo. (Trial registration: NCT010001299).
2003,10001619,METHODS,METHODS,Statistical analyses followed the intention-to-treat principle using mixed-effects linear regression models. (Stratified cluster 2003).
2004,10001474,RESULTS,RESULTS,"The 12-month relapse rate was significantly lower in the combined therapy arm (18.2% vs 34.6%, HR: 0.48, 9: 0.31-0.75). (Confidence interval 95%, n=1198)."
2005,10001064,BACKGROUND,BACKGROUND,Type 2 diabetes mellitus is a major chronic metabolic disorder associated with high cardiovascular mortality. (Cohort identifier: 2005).
2006,10001472,OBJECTIVE,OBJECTIVES,We investigated whether cognitive behavioral therapy reduces relapse rates compared to standard pharmacotherapy. (Trial registration: NCT010001472).
2007,10001523,METHODS,METHODS,Statistical analyses followed the intention-to-treat principle using mixed-effects linear regression models. (Stratified cluster 2007).
2008,10001992,RESULTS,RESULTS,"No statistically significant difference in serious adverse events was observed between the active drug and placebo arms. (Confidence interval 95%, n=340)."
2009,10001437,BACKGROUND,BACKGROUND,Major depressive disorder is a pervasive mental health condition with substantial socioeconomic burden. (Cohort identifier: 2009).
2010,10001118,OBJECTIVE,OBJECTIVES,We investigated whether cognitive behavioral therapy reduces relapse rates compared to standard pharmacotherapy. (Trial registration: NCT010001118).
2011,10001174,METHODS,METHODS,Eligible participants aged 18-75 years with documented HbA1c > 8.0% underwent 24 weeks of active treatment. (Stratified cluster 2011).
2012,10001577,RESULTS,RESULTS,"The 12-month relapse rate was significantly lower in the combined therapy arm (18.2% vs 34.6%, HR: 0.48, 9: 0.31-0.75). (Confidence interval 95%, n=715)."
2013,10001009,BACKGROUND,BACKGROUND,Type 2 diabetes mellitus is a major chronic metabolic disorder associated with high cardiovascular mortality. (Cohort identifier: 2013).
2014,10001189,OBJECTIVE,OBJECTIVES,The primary aim was to assess the analgesic effectiveness of intravenous dexamethasone versus placebo. (Trial registration: NCT010001189).
2015,10001056,METHODS,METHODS,Eligible participants aged 18-75 years with documented HbA1c > 8.0% underwent 24 weeks of active treatment. (Stratified cluster 2015).
2016,10001335,RESULTS,RESULTS,"Semaglutide significantly reduced mean HbA1c by -1.5% compared to -0.8% with sitagliptin (p < 0.001). (Confidence interval 95%, n=1292)."
2017,10001501,BACKGROUND,BACKGROUND,Major depressive disorder is a pervasive mental health condition with substantial socioeconomic burden. (Cohort identifier: 2017).
2018,10001905,OBJECTIVE,OBJECTIVES,The primary aim was to assess the analgesic effectiveness of intravenous dexamethasone versus placebo. (Trial registration: NCT010001905).
2019,10001257,METHODS,METHODS,Primary endpoint was change in mean arterial pressure measured at 12 weeks post-randomization. (Stratified cluster 2019).
2020,10001424,RESULTS,RESULTS,"No statistically significant difference in serious adverse events was observed between the active drug and placebo arms. (Confidence interval 95%, n=2292)."
2021,10001668,BACKGROUND,BACKGROUND,Type 2 diabetes mellitus is a major chronic metabolic disorder associated with high cardiovascular mortality. (Cohort identifier: 2021).
2022,10001242,OBJECTIVE,OBJECTIVES,To determine if inhaled corticosteroid cessation increases acute exacerbation risk in moderate COPD. (Trial registration: NCT010001242).
2023,10001367,METHODS,METHODS,Participants were randomly allocated (1:1) using computer-generated block randomization to receive drug A or placebo. (Stratified cluster 2023).
2024,10001710,RESULTS,RESULTS,"No statistically significant difference in serious adverse events was observed between the active drug and placebo arms. (Confidence interval 95%, n=1926)."
2025,10001809,BACKGROUND,BACKGROUND,Type 2 diabetes mellitus is a major chronic metabolic disorder associated with high cardiovascular mortality. (Cohort identifier: 2025).
2026,10001026,OBJECTIVE,OBJECTIVES,The primary aim was to assess the analgesic effectiveness of intravenous dexamethasone versus placebo. (Trial registration: NCT010001026).
2027,10001705,METHODS,METHODS,"A multi-center, double-blind, randomized controlled trial enrolled 1,200 adult patients across 45 clinical sites. (Stratified cluster 2027)."
2028,10001422,RESULTS,RESULTS,"The 12-month relapse rate was significantly lower in the combined therapy arm (18.2% vs 34.6%, HR: 0.48, 9: 0.31-0.75). (Confidence interval 95%, n=646)."
2029,10001216,BACKGROUND,BACKGROUND,Chronic obstructive pulmonary disease exacerbations frequently lead to hospital readmission and increased mortality. (Cohort identifier: 2029).
2030,10001212,OBJECTIVE,OBJECTIVES,The primary aim was to assess the analgesic effectiveness of intravenous dexamethasone versus placebo. (Trial registration: NCT010001212).
2031,10001931,METHODS,METHODS,Statistical analyses followed the intention-to-treat principle using mixed-effects linear regression models. (Stratified cluster 2031).
2032,10001665,RESULTS,RESULTS,"The 12-month relapse rate was significantly lower in the combined therapy arm (18.2% vs 34.6%, HR: 0.48, 9: 0.31-0.75). (Confidence interval 95%, n=465)."
2033,10001918,BACKGROUND,BACKGROUND,Postoperative pain management following major orthopedic surgery is critical for early patient mobilization. (Cohort identifier: 2033).
2034,10001766,OBJECTIVE,OBJECTIVES,To evaluate the efficacy and safety of once-weekly semaglutide compared to daily sitagliptin in adults. (Trial registration: NCT010001766).
2035,10001061,METHODS,METHODS,"A multi-center, double-blind, randomized controlled trial enrolled 1,200 adult patients across 45 clinical sites. (Stratified cluster 2035)."
2036,10001804,RESULTS,RESULTS,"The 12-month relapse rate was significantly lower in the combined therapy arm (18.2% vs 34.6%, HR: 0.48, 9: 0.31-0.75). (Confidence interval 95%, n=2458)."
2037,10001965,BACKGROUND,BACKGROUND,Postoperative pain management following major orthopedic surgery is critical for early patient mobilization. (Cohort identifier: 2037).
2038,10001147,OBJECTIVE,OBJECTIVES,This randomized controlled trial aimed to compare low-dose combination therapy against standard monotherapy. (Trial registration: NCT010001147).
2039,10001595,METHODS,METHODS,Statistical analyses followed the intention-to-treat principle using mixed-effects linear regression models. (Stratified cluster 2039).
2040,10001626,RESULTS,RESULTS,"Semaglutide significantly reduced mean HbA1c by -1.5% compared to -0.8% with sitagliptin (p < 0.001). (Confidence interval 95%, n=1110)."
2041,10001330,BACKGROUND,BACKGROUND,Postoperative pain management following major orthopedic surgery is critical for early patient mobilization. (Cohort identifier: 2041).
2042,10001789,OBJECTIVE,OBJECTIVES,To determine if inhaled corticosteroid cessation increases acute exacerbation risk in moderate COPD. (Trial registration: NCT010001789).
2043,10001511,METHODS,METHODS,Participants were randomly allocated (1:1) using computer-generated block randomization to receive drug A or placebo. (Stratified cluster 2043).
2044,10001956,RESULTS,RESULTS,"Combination therapy achieved target blood pressure control in 78.4% of patients compared to 54.2% in the monotherapy group. (Confidence interval 95%, n=1725)."
2045,10001715,BACKGROUND,BACKGROUND,Major depressive disorder is a pervasive mental health condition with substantial socioeconomic burden. (Cohort identifier: 2045).
2046,10001129,OBJECTIVE,OBJECTIVES,This randomized controlled trial aimed to compare low-dose combination therapy against standard monotherapy. (Trial registration: NCT010001129).
2047,10001696,METHODS,METHODS,"A multi-center, double-blind, randomized controlled trial enrolled 1,200 adult patients across 45 clinical sites. (Stratified cluster 2047)."
2048,10001809,RESULTS,RESULTS,"Mean postoperative pain scores at 24 hours were significantly reduced in the intervention group (2.1 vs 4.8, p = 0.002). (Confidence interval 95%, n=769)."
2049,10001164,BACKGROUND,BACKGROUND,Chronic obstructive pulmonary disease exacerbations frequently lead to hospital readmission and increased mortality. (Cohort identifier: 2049).
2050,10001768,OBJECTIVE,OBJECTIVES,The primary aim was to assess the analgesic effectiveness of intravenous dexamethasone versus placebo. (Trial registration: NCT010001768).
2051,10001865,METHODS,METHODS,Participants were randomly allocated (1:1) using computer-generated block randomization to receive drug A or placebo. (Stratified cluster 2051).
2052,10001964,RESULTS,RESULTS,"The 12-month relapse rate was significantly lower in the combined therapy arm (18.2% vs 34.6%, HR: 0.48, 9: 0.31-0.75). (Confidence interval 95%, n=2391)."
2053,10001774,BACKGROUND,BACKGROUND,Type 2 diabetes mellitus is a major chronic metabolic disorder associated with high cardiovascular mortality. (Cohort identifier: 2053).
2054,10001271,OBJECTIVE,OBJECTIVES,The primary aim was to assess the analgesic effectiveness of intravenous dexamethasone versus placebo. (Trial registration: NCT010001271).
2055,10001932,METHODS,METHODS,Statistical analyses followed the intention-to-treat principle using mixed-effects linear regression models. (Stratified cluster 2055).
2056,10001391,RESULTS,RESULTS,"Combination therapy achieved target blood pressure control in 78.4% of patients compared to 54.2% in the monotherapy group. (Confidence interval 95%, n=448)."
2057,10001473,BACKGROUND,BACKGROUND,Chronic obstructive pulmonary disease exacerbations frequently lead to hospital readmission and increased mortality. (Cohort identifier: 2057).
2058,10001774,OBJECTIVE,OBJECTIVES,This randomized controlled trial aimed to compare low-dose combination therapy against standard monotherapy. (Trial registration: NCT010001774).
2059,10001651,METHODS,METHODS,Primary endpoint was change in mean arterial pressure measured at 12 weeks post-randomization. (Stratified cluster 2059).
2060,10001281,RESULTS,RESULTS,"Combination therapy achieved target blood pressure control in 78.4% of patients compared to 54.2% in the monotherapy group. (Confidence interval 95%, n=1209)."
2061,10001179,BACKGROUND,BACKGROUND,Postoperative pain management following major orthopedic surgery is critical for early patient mobilization. (Cohort identifier: 2061).
2062,10001469,OBJECTIVE,OBJECTIVES,To evaluate the efficacy and safety of once-weekly semaglutide compared to daily sitagliptin in adults. (Trial registration: NCT010001469).
2063,10001366,METHODS,METHODS,Primary endpoint was change in mean arterial pressure measured at 12 weeks post-randomization. (Stratified cluster 2063).
2064,10001354,RESULTS,RESULTS,"Semaglutide significantly reduced mean HbA1c by -1.5% compared to -0.8% with sitagliptin (p < 0.001). (Confidence interval 95%, n=1875)."
2065,10001833,BACKGROUND,BACKGROUND,Major depressive disorder is a pervasive mental health condition with substantial socioeconomic burden. (Cohort identifier: 2065).
2066,10001863,OBJECTIVE,OBJECTIVES,We investigated whether cognitive behavioral therapy reduces relapse rates compared to standard pharmacotherapy. (Trial registration: NCT010001863).
2067,10001284,METHODS,METHODS,Participants were randomly allocated (1:1) using computer-generated block randomization to receive drug A or placebo. (Stratified cluster 2067).
2068,10001510,RESULTS,RESULTS,"Mean postoperative pain scores at 24 hours were significantly reduced in the intervention group (2.1 vs 4.8, p = 0.002). (Confidence interval 95%, n=1087)."
2069,10001130,BACKGROUND,BACKGROUND,Chronic obstructive pulmonary disease exacerbations frequently lead to hospital readmission and increased mortality. (Cohort identifier: 2069).
2070,10001795,OBJECTIVE,OBJECTIVES,To evaluate the efficacy and safety of once-weekly semaglutide compared to daily sitagliptin in adults. (Trial registration: NCT010001795).
2071,10001878,METHODS,METHODS,Participants were randomly allocated (1:1) using computer-generated block randomization to receive drug A or placebo. (Stratified cluster 2071).
2072,10001330,RESULTS,RESULTS,"Semaglutide significantly reduced mean HbA1c by -1.5% compared to -0.8% with sitagliptin (p < 0.001). (Confidence interval 95%, n=690)."
2073,10001283,BACKGROUND,BACKGROUND,Major depressive disorder is a pervasive mental health condition with substantial socioeconomic burden. (Cohort identifier: 2073).
2074,10001187,OBJECTIVE,OBJECTIVES,We investigated whether cognitive behavioral therapy reduces relapse rates compared to standard pharmacotherapy. (Trial registration: NCT010001187).
2075,10001012,METHODS,METHODS,Eligible participants aged 18-75 years with documented HbA1c > 8.0% underwent 24 weeks of active treatment. (Stratified cluster 2075).
2076,10001212,RESULTS,RESULTS,"Combination therapy achieved target blood pressure control in 78.4% of patients compared to 54.2% in the monotherapy group. (Confidence interval 95%, n=2039)."
2077,10001751,BACKGROUND,BACKGROUND,Postoperative pain management following major orthopedic surgery is critical for early patient mobilization. (Cohort identifier: 2077).
2078,10001887,OBJECTIVE,OBJECTIVES,The primary aim was to assess the analgesic effectiveness of intravenous dexamethasone versus placebo. (Trial registration: NCT010001887).
2079,10001225,METHODS,METHODS,Eligible participants aged 18-75 years with documented HbA1c > 8.0% underwent 24 weeks of active treatment. (Stratified cluster 2079).
2080,10001035,RESULTS,RESULTS,"Combination therapy achieved target blood pressure control in 78.4% of patients compared to 54.2% in the monotherapy group. (Confidence interval 95%, n=247)."
2081,10001058,BACKGROUND,BACKGROUND,Chronic obstructive pulmonary disease exacerbations frequently lead to hospital readmission and increased mortality. (Cohort identifier: 2081).
2082,10001908,OBJECTIVE,OBJECTIVES,This randomized controlled trial aimed to compare low-dose combination therapy against standard monotherapy. (Trial registration: NCT010001908).
2083,10001139,METHODS,METHODS,Eligible participants aged 18-75 years with documented HbA1c > 8.0% underwent 24 weeks of active treatment. (Stratified cluster 2083).
2084,10001155,RESULTS,RESULTS,"The 12-month relapse rate was significantly lower in the combined therapy arm (18.2% vs 34.6%, HR: 0.48, 9: 0.31-0.75). (Confidence interval 95%, n=1568)."
2085,10001486,BACKGROUND,BACKGROUND,Postoperative pain management following major orthopedic surgery is critical for early patient mobilization. (Cohort identifier: 2085).
2086,10001185,OBJECTIVE,OBJECTIVES,This randomized controlled trial aimed to compare low-dose combination therapy against standard monotherapy. (Trial registration: NCT010001185).
2087,10001557,METHODS,METHODS,Statistical analyses followed the intention-to-treat principle using mixed-effects linear regression models. (Stratified cluster 2087).
2088,10001841,RESULTS,RESULTS,"The 12-month relapse rate was significantly lower in the combined therapy arm (18.2% vs 34.6%, HR: 0.48, 9: 0.31-0.75). (Confidence interval 95%, n=272)."
2089,10001787,BACKGROUND,BACKGROUND,Postoperative pain management following major orthopedic surgery is critical for early patient mobilization. (Cohort identifier: 2089).
2090,10001173,OBJECTIVE,OBJECTIVES,This randomized controlled trial aimed to compare low-dose combination therapy against standard monotherapy. (Trial registration: NCT010001173).
2091,10001198,METHODS,METHODS,Eligible participants aged 18-75 years with documented HbA1c > 8.0% underwent 24 weeks of active treatment. (Stratified cluster 2091).
2092,10001381,RESULTS,RESULTS,"Semaglutide significantly reduced mean HbA1c by -1.5% compared to -0.8% with sitagliptin (p < 0.001). (Confidence interval 95%, n=504)."
2093,10001154,BACKGROUND,BACKGROUND,Hypertension remains the leading preventable cause of cardiovascular disease and premature death worldwide. (Cohort identifier: 2093).
2094,10001638,OBJECTIVE,OBJECTIVES,This randomized controlled trial aimed to compare low-dose combination therapy against standard monotherapy. (Trial registration: NCT010001638).
2095,10001829,METHODS,METHODS,Eligible participants aged 18-75 years with documented HbA1c > 8.0% underwent 24 weeks of active treatment. (Stratified cluster 2095).
2096,10001024,RESULTS,RESULTS,"The 12-month relapse rate was significantly lower in the combined therapy arm (18.2% vs 34.6%, HR: 0.48, 9: 0.31-0.75). (Confidence interval 95%, n=723)."
2097,10001334,BACKGROUND,BACKGROUND,Chronic obstructive pulmonary disease exacerbations frequently lead to hospital readmission and increased mortality. (Cohort identifier: 2097).
2098,10001210,OBJECTIVE,OBJECTIVES,This randomized controlled trial aimed to compare low-dose combination therapy against standard monotherapy. (Trial registration: NCT010001210).
2099,10001864,METHODS,METHODS,Eligible participants aged 18-75 years with documented HbA1c > 8.0% underwent 24 weeks of active treatment. (Stratified cluster 2099).
2100,10001028,RESULTS,RESULTS,"Mean postoperative pain scores at 24 hours were significantly reduced in the intervention group (2.1 vs 4.8, p = 0.002). (Confidence interval 95%, n=1261)."
2101,10001196,BACKGROUND,BACKGROUND,Chronic obstructive pulmonary disease exacerbations frequently lead to hospital readmission and increased mortality. (Cohort identifier: 2101).
2102,10001560,OBJECTIVE,OBJECTIVES,The primary aim was to assess the analgesic effectiveness of intravenous dexamethasone versus placebo. (Trial registration: NCT010001560).
2103,10001792,METHODS,METHODS,"A multi-center, double-blind, randomized controlled trial enrolled 1,200 adult patients across 45 clinical sites. (Stratified cluster 2103)."
2104,10001290,RESULTS,RESULTS,"Semaglutide significantly reduced mean HbA1c by -1.5% compared to -0.8% with sitagliptin (p < 0.001). (Confidence interval 95%, n=296)."
2105,10001332,BACKGROUND,BACKGROUND,Hypertension remains the leading preventable cause of cardiovascular disease and premature death worldwide. (Cohort identifier: 2105).
2106,10001272,OBJECTIVE,OBJECTIVES,To evaluate the efficacy and safety of once-weekly semaglutide compared to daily sitagliptin in adults. (Trial registration: NCT010001272).
2107,10001291,METHODS,METHODS,Eligible participants aged 18-75 years with documented HbA1c > 8.0% underwent 24 weeks of active treatment. (Stratified cluster 2107).
2108,10001927,RESULTS,RESULTS,"Mean postoperative pain scores at 24 hours were significantly reduced in the intervention group (2.1 vs 4.8, p = 0.002). (Confidence interval 95%, n=1896)."
2109,10001555,BACKGROUND,BACKGROUND,Hypertension remains the leading preventable cause of cardiovascular disease and premature death worldwide. (Cohort identifier: 2109).
2110,10001694,OBJECTIVE,OBJECTIVES,To determine if inhaled corticosteroid cessation increases acute exacerbation risk in moderate COPD. (Trial registration: NCT010001694).
2111,10001816,METHODS,METHODS,Primary endpoint was change in mean arterial pressure measured at 12 weeks post-randomization. (Stratified cluster 2111).
2112,10001468,RESULTS,RESULTS,"The 12-month relapse rate was significantly lower in the combined therapy arm (18.2% vs 34.6%, HR: 0.48, 9: 0.31-0.75). (Confidence interval 95%, n=2267)."
2113,10001154,BACKGROUND,BACKGROUND,Chronic obstructive pulmonary disease exacerbations frequently lead to hospital readmission and increased mortality. (Cohort identifier: 2113).
2114,10001144,OBJECTIVE,OBJECTIVES,The primary aim was to assess the analgesic effectiveness of intravenous dexamethasone versus placebo. (Trial registration: NCT010001144).
2115,10001602,METHODS,METHODS,"A multi-center, double-blind, randomized controlled trial enrolled 1,200 adult patients across 45 clinical sites. (Stratified cluster 2115)."
2116,10001455,RESULTS,RESULTS,"The 12-month relapse rate was significantly lower in the combined therapy arm (18.2% vs 34.6%, HR: 0.48, 9: 0.31-0.75). (Confidence interval 95%, n=1875)."
2117,10001308,BACKGROUND,BACKGROUND,Postoperative pain management following major orthopedic surgery is critical for early patient mobilization. (Cohort identifier: 2117).
2118,10001178,OBJECTIVE,OBJECTIVES,This randomized controlled trial aimed to compare low-dose combination therapy against standard monotherapy. (Trial registration: NCT010001178).
2119,10001259,METHODS,METHODS,Eligible participants aged 18-75 years with documented HbA1c > 8.0% underwent 24 weeks of active treatment. (Stratified cluster 2119).
2120,10001901,RESULTS,RESULTS,"Semaglutide significantly reduced mean HbA1c by -1.5% compared to -0.8% with sitagliptin (p < 0.001). (Confidence interval 95%, n=1788)."
2121,10001636,BACKGROUND,BACKGROUND,Postoperative pain management following major orthopedic surgery is critical for early patient mobilization. (Cohort identifier: 2121).
2122,10001065,OBJECTIVE,OBJECTIVES,We investigated whether cognitive behavioral therapy reduces relapse rates compared to standard pharmacotherapy. (Trial registration: NCT010001065).
2123,10001039,METHODS,METHODS,Participants were randomly allocated (1:1) using computer-generated block randomization to receive drug A or placebo. (Stratified cluster 2123).
2124,10001481,RESULTS,RESULTS,"Semaglutide significantly reduced mean HbA1c by -1.5% compared to -0.8% with sitagliptin (p < 0.001). (Confidence interval 95%, n=177)."
2125,10001843,BACKGROUND,BACKGROUND,Hypertension remains the leading preventable cause of cardiovascular disease and premature death worldwide. (Cohort identifier: 2125).
2126,10001032,OBJECTIVE,OBJECTIVES,We investigated whether cognitive behavioral therapy reduces relapse rates compared to standard pharmacotherapy. (Trial registration: NCT010001032).
2127,10001183,METHODS,METHODS,Eligible participants aged 18-75 years with documented HbA1c > 8.0% underwent 24 weeks of active treatment. (Stratified cluster 2127).
2128,10001742,RESULTS,RESULTS,"Combination therapy achieved target blood pressure control in 78.4% of patients compared to 54.2% in the monotherapy group. (Confidence interval 95%, n=2083)."
2129,10001978,BACKGROUND,BACKGROUND,Major depressive disorder is a pervasive mental health condition with substantial socioeconomic burden. (Cohort identifier: 2129).
2130,10001548,OBJECTIVE,OBJECTIVES,To evaluate the efficacy and safety of once-weekly semaglutide compared to daily sitagliptin in adults. (Trial registration: NCT010001548).
2131,10001031,METHODS,METHODS,Primary endpoint was change in mean arterial pressure measured at 12 weeks post-randomization. (Stratified cluster 2131).
2132,10001436,RESULTS,RESULTS,"No statistically significant difference in serious adverse events was observed between the active drug and placebo arms. (Confidence interval 95%, n=592)."
2133,10001492,BACKGROUND,BACKGROUND,Major depressive disorder is a pervasive mental health condition with substantial socioeconomic burden. (Cohort identifier: 2133).
2134,10001692,OBJECTIVE,OBJECTIVES,The primary aim was to assess the analgesic effectiveness of intravenous dexamethasone versus placebo. (Trial registration: NCT010001692).
2135,10001547,METHODS,METHODS,Participants were randomly allocated (1:1) using computer-generated block randomization to receive drug A or placebo. (Stratified cluster 2135).
2136,10001706,RESULTS,RESULTS,"Semaglutide significantly reduced mean HbA1c by -1.5% compared to -0.8% with sitagliptin (p < 0.001). (Confidence interval 95%, n=2160)."
2137,10001834,BACKGROUND,BACKGROUND,Chronic obstructive pulmonary disease exacerbations frequently lead to hospital readmission and increased mortality. (Cohort identifier: 2137).
2138,10001980,OBJECTIVE,OBJECTIVES,To evaluate the efficacy and safety of once-weekly semaglutide compared to daily sitagliptin in adults. (Trial registration: NCT010001980).
2139,10001894,METHODS,METHODS,Participants were randomly allocated (1:1) using computer-generated block randomization to receive drug A or placebo. (Stratified cluster 2139).
2140,10001672,RESULTS,RESULTS,"The 12-month relapse rate was significantly lower in the combined therapy arm (18.2% vs 34.6%, HR: 0.48, 9: 0.31-0.75). (Confidence interval 95%, n=604)."
2141,10001296,BACKGROUND,BACKGROUND,Type 2 diabetes mellitus is a major chronic metabolic disorder associated with high cardiovascular mortality. (Cohort identifier: 2141).
2142,10001978,OBJECTIVE,OBJECTIVES,To determine if inhaled corticosteroid cessation increases acute exacerbation risk in moderate COPD. (Trial registration: NCT010001978).
2143,10001849,METHODS,METHODS,Primary endpoint was change in mean arterial pressure measured at 12 weeks post-randomization. (Stratified cluster 2143).
2144,10001272,RESULTS,RESULTS,"No statistically significant difference in serious adverse events was observed between the active drug and placebo arms. (Confidence interval 95%, n=1032)."
2145,10001770,BACKGROUND,BACKGROUND,Postoperative pain management following major orthopedic surgery is critical for early patient mobilization. (Cohort identifier: 2145).
2146,10001135,OBJECTIVE,OBJECTIVES,We investigated whether cognitive behavioral therapy reduces relapse rates compared to standard pharmacotherapy. (Trial registration: NCT010001135).
2147,10001570,METHODS,METHODS,Eligible participants aged 18-75 years with documented HbA1c > 8.0% underwent 24 weeks of active treatment. (Stratified cluster 2147).
2148,10001130,RESULTS,RESULTS,"The 12-month relapse rate was significantly lower in the combined therapy arm (18.2% vs 34.6%, HR: 0.48, 9: 0.31-0.75). (Confidence interval 95%, n=364)."
2149,10001327,BACKGROUND,BACKGROUND,Hypertension remains the leading preventable cause of cardiovascular disease and premature death worldwide. (Cohort identifier: 2149).
2150,10001444,OBJECTIVE,OBJECTIVES,We investigated whether cognitive behavioral therapy reduces relapse rates compared to standard pharmacotherapy. (Trial registration: NCT010001444).
2151,10001721,METHODS,METHODS,"A multi-center, double-blind, randomized controlled trial enrolled 1,200 adult patients across 45 clinical sites. (Stratified cluster 2151)."
2152,10001453,RESULTS,RESULTS,"Combination therapy achieved target blood pressure control in 78.4% of patients compared to 54.2% in the monotherapy group. (Confidence interval 95%, n=1323)."
2153,10001402,BACKGROUND,BACKGROUND,Postoperative pain management following major orthopedic surgery is critical for early patient mobilization. (Cohort identifier: 2153).
2154,10001117,OBJECTIVE,OBJECTIVES,The primary aim was to assess the analgesic effectiveness of intravenous dexamethasone versus placebo. (Trial registration: NCT010001117).
2155,10001274,METHODS,METHODS,Participants were randomly allocated (1:1) using computer-generated block randomization to receive drug A or placebo. (Stratified cluster 2155).
2156,10001616,RESULTS,RESULTS,"Semaglutide significantly reduced mean HbA1c by -1.5% compared to -0.8% with sitagliptin (p < 0.001). (Confidence interval 95%, n=1207)."
2157,10001398,BACKGROUND,BACKGROUND,Hypertension remains the leading preventable cause of cardiovascular disease and premature death worldwide. (Cohort identifier: 2157).
2158,10001794,OBJECTIVE,OBJECTIVES,We investigated whether cognitive behavioral therapy reduces relapse rates compared to standard pharmacotherapy. (Trial registration: NCT010001794).
2159,10001299,METHODS,METHODS,Statistical analyses followed the intention-to-treat principle using mixed-effects linear regression models. (Stratified cluster 2159).
2160,10001092,RESULTS,RESULTS,"Semaglutide significantly reduced mean HbA1c by -1.5% compared to -0.8% with sitagliptin (p < 0.001). (Confidence interval 95%, n=1945)."
2161,10001768,BACKGROUND,BACKGROUND,Postoperative pain management following major orthopedic surgery is critical for early patient mobilization. (Cohort identifier: 2161).
2162,10001794,OBJECTIVE,OBJECTIVES,This randomized controlled trial aimed to compare low-dose combination therapy against standard monotherapy. (Trial registration: NCT010001794).
2163,10001718,METHODS,METHODS,Eligible participants aged 18-75 years with documented HbA1c > 8.0% underwent 24 weeks of active treatment. (Stratified cluster 2163).
2164,10001217,RESULTS,RESULTS,"Mean postoperative pain scores at 24 hours were significantly reduced in the intervention group (2.1 vs 4.8, p = 0.002). (Confidence interval 95%, n=366)."
2165,10001519,BACKGROUND,BACKGROUND,Postoperative pain management following major orthopedic surgery is critical for early patient mobilization. (Cohort identifier: 2165).
2166,10001960,OBJECTIVE,OBJECTIVES,The primary aim was to assess the analgesic effectiveness of intravenous dexamethasone versus placebo. (Trial registration: NCT010001960).
2167,10001261,METHODS,METHODS,"A multi-center, double-blind, randomized controlled trial enrolled 1,200 adult patients across 45 clinical sites. (Stratified cluster 2167)."
2168,10001135,RESULTS,RESULTS,"Semaglutide significantly reduced mean HbA1c by -1.5% compared to -0.8% with sitagliptin (p < 0.001). (Confidence interval 95%, n=1874)."
2169,10001332,BACKGROUND,BACKGROUND,Postoperative pain management following major orthopedic surgery is critical for early patient mobilization. (Cohort identifier: 2169).
2170,10001735,OBJECTIVE,OBJECTIVES,The primary aim was to assess the analgesic effectiveness of intravenous dexamethasone versus placebo. (Trial registration: NCT010001735).
2171,10001350,METHODS,METHODS,Participants were randomly allocated (1:1) using computer-generated block randomization to receive drug A or placebo. (Stratified cluster 2171).
2172,10001092,RESULTS,RESULTS,"No statistically significant difference in serious adverse events was observed between the active drug and placebo arms. (Confidence interval 95%, n=2391)."
2173,10001354,BACKGROUND,BACKGROUND,Type 2 diabetes mellitus is a major chronic metabolic disorder associated with high cardiovascular mortality. (Cohort identifier: 2173).
2174,10001804,OBJECTIVE,OBJECTIVES,To evaluate the efficacy and safety of once-weekly semaglutide compared to daily sitagliptin in adults. (Trial registration: NCT010001804).
2175,10001197,METHODS,METHODS,"A multi-center, double-blind, randomized controlled trial enrolled 1,200 adult patients across 45 clinical sites. (Stratified cluster 2175)."
2176,10001938,RESULTS,RESULTS,"Mean postoperative pain scores at 24 hours were significantly reduced in the intervention group (2.1 vs 4.8, p = 0.002). (Confidence interval 95%, n=1581)."
2177,10001699,BACKGROUND,BACKGROUND,Hypertension remains the leading preventable cause of cardiovascular disease and premature death worldwide. (Cohort identifier: 2177).
2178,10001109,OBJECTIVE,OBJECTIVES,The primary aim was to assess the analgesic effectiveness of intravenous dexamethasone versus placebo. (Trial registration: NCT010001109).
2179,10001597,METHODS,METHODS,"A multi-center, double-blind, randomized controlled trial enrolled 1,200 adult patients across 45 clinical sites. (Stratified cluster 2179)."
2180,10001059,RESULTS,RESULTS,"Combination therapy achieved target blood pressure control in 78.4% of patients compared to 54.2% in the monotherapy group. (Confidence interval 95%, n=351)."
2181,10001755,BACKGROUND,BACKGROUND,Type 2 diabetes mellitus is a major chronic metabolic disorder associated with high cardiovascular mortality. (Cohort identifier: 2181).
2182,10001232,OBJECTIVE,OBJECTIVES,The primary aim was to assess the analgesic effectiveness of intravenous dexamethasone versus placebo. (Trial registration: NCT010001232).
2183,10001522,METHODS,METHODS,Participants were randomly allocated (1:1) using computer-generated block randomization to receive drug A or placebo. (Stratified cluster 2183).
2184,10001889,RESULTS,RESULTS,"Semaglutide significantly reduced mean HbA1c by -1.5% compared to -0.8% with sitagliptin (p < 0.001). (Confidence interval 95%, n=768)."
2185,10001402,BACKGROUND,BACKGROUND,Postoperative pain management following major orthopedic surgery is critical for early patient mobilization. (Cohort identifier: 2185).
2186,10001774,OBJECTIVE,OBJECTIVES,To determine if inhaled corticosteroid cessation increases acute exacerbation risk in moderate COPD. (Trial registration: NCT010001774).
2187,10001550,METHODS,METHODS,Primary endpoint was change in mean arterial pressure measured at 12 weeks post-randomization. (Stratified cluster 2187).
2188,10001934,RESULTS,RESULTS,"Semaglutide significantly reduced mean HbA1c by -1.5% compared to -0.8% with sitagliptin (p < 0.001). (Confidence interval 95%, n=1332)."
2189,10001825,BACKGROUND,BACKGROUND,Type 2 diabetes mellitus is a major chronic metabolic disorder associated with high cardiovascular mortality. (Cohort identifier: 2189).
2190,10001455,OBJECTIVE,OBJECTIVES,The primary aim was to assess the analgesic effectiveness of intravenous dexamethasone versus placebo. (Trial registration: NCT010001455).
2191,10001945,METHODS,METHODS,"A multi-center, double-blind, randomized controlled trial enrolled 1,200 adult patients across 45 clinical sites. (Stratified cluster 2191)."
2192,10001627,RESULTS,RESULTS,"The 12-month relapse rate was significantly lower in the combined therapy arm (18.2% vs 34.6%, HR: 0.48, 9: 0.31-0.75). (Confidence interval 95%, n=1060)."
2193,10001139,BACKGROUND,BACKGROUND,Hypertension remains the leading preventable cause of cardiovascular disease and premature death worldwide. (Cohort identifier: 2193).
2194,10001505,OBJECTIVE,OBJECTIVES,To evaluate the efficacy and safety of once-weekly semaglutide compared to daily sitagliptin in adults. (Trial registration: NCT010001505).
2195,10001457,METHODS,METHODS,Participants were randomly allocated (1:1) using computer-generated block randomization to receive drug A or placebo. (Stratified cluster 2195).
2196,10001863,RESULTS,RESULTS,"Combination therapy achieved target blood pressure control in 78.4% of patients compared to 54.2% in the monotherapy group. (Confidence interval 95%, n=1039)."
2197,10001196,BACKGROUND,BACKGROUND,Chronic obstructive pulmonary disease exacerbations frequently lead to hospital readmission and increased mortality. (Cohort identifier: 2197).
2198,10001718,OBJECTIVE,OBJECTIVES,The primary aim was to assess the analgesic effectiveness of intravenous dexamethasone versus placebo. (Trial registration: NCT010001718).
2199,10001961,METHODS,METHODS,Primary endpoint was change in mean arterial pressure measured at 12 weeks post-randomization. (Stratified cluster 2199).
2200,10001546,RESULTS,RESULTS,"Combination therapy achieved target blood pressure control in 78.4% of patients compared to 54.2% in the monotherapy group. (Confidence interval 95%, n=264)."
2201,10001160,BACKGROUND,BACKGROUND,Major depressive disorder is a pervasive mental health condition with substantial socioeconomic burden. (Cohort identifier: 2201).
2202,10001710,OBJECTIVE,OBJECTIVES,The primary aim was to assess the analgesic effectiveness of intravenous dexamethasone versus placebo. (Trial registration: NCT010001710).
2203,10001686,METHODS,METHODS,Statistical analyses followed the intention-to-treat principle using mixed-effects linear regression models. (Stratified cluster 2203).
2204,10001372,RESULTS,RESULTS,"Semaglutide significantly reduced mean HbA1c by -1.5% compared to -0.8% with sitagliptin (p < 0.001). (Confidence interval 95%, n=160)."
2205,10001851,BACKGROUND,BACKGROUND,Type 2 diabetes mellitus is a major chronic metabolic disorder associated with high cardiovascular mortality. (Cohort identifier: 2205).
2206,10001719,OBJECTIVE,OBJECTIVES,To determine if inhaled corticosteroid cessation increases acute exacerbation risk in moderate COPD. (Trial registration: NCT010001719).
2207,10001828,METHODS,METHODS,"A multi-center, double-blind, randomized controlled trial enrolled 1,200 adult patients across 45 clinical sites. (Stratified cluster 2207)."
2208,10001091,RESULTS,RESULTS,"Mean postoperative pain scores at 24 hours were significantly reduced in the intervention group (2.1 vs 4.8, p = 0.002). (Confidence interval 95%, n=559)."
2209,10001330,BACKGROUND,BACKGROUND,Major depressive disorder is a pervasive mental health condition with substantial socioeconomic burden. (Cohort identifier: 2209).
2210,10001464,OBJECTIVE,OBJECTIVES,This randomized controlled trial aimed to compare low-dose combination therapy against standard monotherapy. (Trial registration: NCT010001464).
2211,10001643,METHODS,METHODS,Statistical analyses followed the intention-to-treat principle using mixed-effects linear regression models. (Stratified cluster 2211).
2212,10001223,RESULTS,RESULTS,"The 12-month relapse rate was significantly lower in the combined therapy arm (18.2% vs 34.6%, HR: 0.48, 9: 0.31-0.75). (Confidence interval 95%, n=1550)."
2213,10001144,BACKGROUND,BACKGROUND,Hypertension remains the leading preventable cause of cardiovascular disease and premature death worldwide. (Cohort identifier: 2213).
2214,10001338,OBJECTIVE,OBJECTIVES,To determine if inhaled corticosteroid cessation increases acute exacerbation risk in moderate COPD. (Trial registration: NCT010001338).
2215,10001549,METHODS,METHODS,Participants were randomly allocated (1:1) using computer-generated block randomization to receive drug A or placebo. (Stratified cluster 2215).
2216,10001598,RESULTS,RESULTS,"No statistically significant difference in serious adverse events was observed between the active drug and placebo arms. (Confidence interval 95%, n=2462)."
2217,10001264,BACKGROUND,BACKGROUND,Type 2 diabetes mellitus is a major chronic metabolic disorder associated with high cardiovascular mortality. (Cohort identifier: 2217).
2218,10001185,OBJECTIVE,OBJECTIVES,The primary aim was to assess the analgesic effectiveness of intravenous dexamethasone versus placebo. (Trial registration: NCT010001185).
2219,10001825,METHODS,METHODS,Participants were randomly allocated (1:1) using computer-generated block randomization to receive drug A or placebo. (Stratified cluster 2219).
2220,10001327,RESULTS,RESULTS,"Combination therapy achieved target blood pressure control in 78.4% of patients compared to 54.2% in the monotherapy group. (Confidence interval 95%, n=1474)."
2221,10001215,BACKGROUND,BACKGROUND,Major depressive disorder is a pervasive mental health condition with substantial socioeconomic burden. (Cohort identifier: 2221).
2222,10001697,OBJECTIVE,OBJECTIVES,To determine if inhaled corticosteroid cessation increases acute exacerbation risk in moderate COPD. (Trial registration: NCT010001697).
2223,10001594,METHODS,METHODS,"A multi-center, double-blind, randomized controlled trial enrolled 1,200 adult patients across 45 clinical sites. (Stratified cluster 2223)."
2224,10001281,RESULTS,RESULTS,"Combination therapy achieved target blood pressure control in 78.4% of patients compared to 54.2% in the monotherapy group. (Confidence interval 95%, n=1317)."
2225,10001792,BACKGROUND,BACKGROUND,Postoperative pain management following major orthopedic surgery is critical for early patient mobilization. (Cohort identifier: 2225).
2226,10001660,OBJECTIVE,OBJECTIVES,We investigated whether cognitive behavioral therapy reduces relapse rates compared to standard pharmacotherapy. (Trial registration: NCT010001660).
2227,10001655,METHODS,METHODS,Primary endpoint was change in mean arterial pressure measured at 12 weeks post-randomization. (Stratified cluster 2227).
2228,10001977,RESULTS,RESULTS,"Mean postoperative pain scores at 24 hours were significantly reduced in the intervention group (2.1 vs 4.8, p = 0.002). (Confidence interval 95%, n=1053)."
2229,10001940,BACKGROUND,BACKGROUND,Major depressive disorder is a pervasive mental health condition with substantial socioeconomic burden. (Cohort identifier: 2229).
2230,10001591,OBJECTIVE,OBJECTIVES,To evaluate the efficacy and safety of once-weekly semaglutide compared to daily sitagliptin in adults. (Trial registration: NCT010001591).
2231,10001523,METHODS,METHODS,Statistical analyses followed the intention-to-treat principle using mixed-effects linear regression models. (Stratified cluster 2231).
2232,10001721,RESULTS,RESULTS,"No statistically significant difference in serious adverse events was observed between the active drug and placebo arms. (Confidence interval 95%, n=1704)."
2233,10001793,BACKGROUND,BACKGROUND,Major depressive disorder is a pervasive mental health condition with substantial socioeconomic burden. (Cohort identifier: 2233).
2234,10001445,OBJECTIVE,OBJECTIVES,To determine if inhaled corticosteroid cessation increases acute exacerbation risk in moderate COPD. (Trial registration: NCT010001445).
2235,10001612,METHODS,METHODS,Primary endpoint was change in mean arterial pressure measured at 12 weeks post-randomization. (Stratified cluster 2235).
2236,10001727,RESULTS,RESULTS,"No statistically significant difference in serious adverse events was observed between the active drug and placebo arms. (Confidence interval 95%, n=1314)."
2237,10001415,BACKGROUND,BACKGROUND,Major depressive disorder is a pervasive mental health condition with substantial socioeconomic burden. (Cohort identifier: 2237).
2238,10001764,OBJECTIVE,OBJECTIVES,This randomized controlled trial aimed to compare low-dose combination therapy against standard monotherapy. (Trial registration: NCT010001764).
2239,10001859,METHODS,METHODS,Participants were randomly allocated (1:1) using computer-generated block randomization to receive drug A or placebo. (Stratified cluster 2239).
2240,10001954,RESULTS,RESULTS,"No statistically significant difference in serious adverse events was observed between the active drug and placebo arms. (Confidence interval 95%, n=609)."
2241,10001896,BACKGROUND,BACKGROUND,Hypertension remains the leading preventable cause of cardiovascular disease and premature death worldwide. (Cohort identifier: 2241).
2242,10001575,OBJECTIVE,OBJECTIVES,To evaluate the efficacy and safety of once-weekly semaglutide compared to daily sitagliptin in adults. (Trial registration: NCT010001575).
2243,10001615,METHODS,METHODS,Statistical analyses followed the intention-to-treat principle using mixed-effects linear regression models. (Stratified cluster 2243).
2244,10001548,RESULTS,RESULTS,"Mean postoperative pain scores at 24 hours were significantly reduced in the intervention group (2.1 vs 4.8, p = 0.002). (Confidence interval 95%, n=942)."
2245,10001909,BACKGROUND,BACKGROUND,Type 2 diabetes mellitus is a major chronic metabolic disorder associated with high cardiovascular mortality. (Cohort identifier: 2245).
2246,10001203,OBJECTIVE,OBJECTIVES,This randomized controlled trial aimed to compare low-dose combination therapy against standard monotherapy. (Trial registration: NCT010001203).
2247,10001897,METHODS,METHODS,Primary endpoint was change in mean arterial pressure measured at 12 weeks post-randomization. (Stratified cluster 2247).
2248,10001616,RESULTS,RESULTS,"The 12-month relapse rate was significantly lower in the combined therapy arm (18.2% vs 34.6%, HR: 0.48, 9: 0.31-0.75). (Confidence interval 95%, n=576)."
2249,10001614,BACKGROUND,BACKGROUND,Hypertension remains the leading preventable cause of cardiovascular disease and premature death worldwide. (Cohort identifier: 2249).
2250,10001175,OBJECTIVE,OBJECTIVES,To evaluate the efficacy and safety of once-weekly semaglutide compared to daily sitagliptin in adults. (Trial registration: NCT010001175).
2251,10001537,METHODS,METHODS,Eligible participants aged 18-75 years with documented HbA1c > 8.0% underwent 24 weeks of active treatment. (Stratified cluster 2251).
2252,10001064,RESULTS,RESULTS,"Semaglutide significantly reduced mean HbA1c by -1.5% compared to -0.8% with sitagliptin (p < 0.001). (Confidence interval 95%, n=158)."
2253,10001271,BACKGROUND,BACKGROUND,Type 2 diabetes mellitus is a major chronic metabolic disorder associated with high cardiovascular mortality. (Cohort identifier: 2253).
2254,10001275,OBJECTIVE,OBJECTIVES,To determine if inhaled corticosteroid cessation increases acute exacerbation risk in moderate COPD. (Trial registration: NCT010001275).
2255,10001087,METHODS,METHODS,Statistical analyses followed the intention-to-treat principle using mixed-effects linear regression models. (Stratified cluster 2255).
2256,10001040,RESULTS,RESULTS,"Mean postoperative pain scores at 24 hours were significantly reduced in the intervention group (2.1 vs 4.8, p = 0.002). (Confidence interval 95%, n=1409)."
2257,10001055,BACKGROUND,BACKGROUND,Major depressive disorder is a pervasive mental health condition with substantial socioeconomic burden. (Cohort identifier: 2257).
2258,10001813,OBJECTIVE,OBJECTIVES,This randomized controlled trial aimed to compare low-dose combination therapy against standard monotherapy. (Trial registration: NCT010001813).
2259,10001365,METHODS,METHODS,Primary endpoint was change in mean arterial pressure measured at 12 weeks post-randomization. (Stratified cluster 2259).
2260,10001020,RESULTS,RESULTS,"Combination therapy achieved target blood pressure control in 78.4% of patients compared to 54.2% in the monotherapy group. (Confidence interval 95%, n=2099)."
2261,10001814,BACKGROUND,BACKGROUND,Postoperative pain management following major orthopedic surgery is critical for early patient mobilization. (Cohort identifier: 2261).
2262,10001978,OBJECTIVE,OBJECTIVES,To determine if inhaled corticosteroid cessation increases acute exacerbation risk in moderate COPD. (Trial registration: NCT010001978).
2263,10001647,METHODS,METHODS,Eligible participants aged 18-75 years with documented HbA1c > 8.0% underwent 24 weeks of active treatment. (Stratified cluster 2263).
2264,10001657,RESULTS,RESULTS,"The 12-month relapse rate was significantly lower in the combined therapy arm (18.2% vs 34.6%, HR: 0.48, 9: 0.31-0.75). (Confidence interval 95%, n=2408)."
2265,10001012,BACKGROUND,BACKGROUND,Type 2 diabetes mellitus is a major chronic metabolic disorder associated with high cardiovascular mortality. (Cohort identifier: 2265).
2266,10001421,OBJECTIVE,OBJECTIVES,To evaluate the efficacy and safety of once-weekly semaglutide compared to daily sitagliptin in adults. (Trial registration: NCT010001421).
2267,10001220,METHODS,METHODS,"A multi-center, double-blind, randomized controlled trial enrolled 1,200 adult patients across 45 clinical sites. (Stratified cluster 2267)."
2268,10001069,RESULTS,RESULTS,"The 12-month relapse rate was significantly lower in the combined therapy arm (18.2% vs 34.6%, HR: 0.48, 9: 0.31-0.75). (Confidence interval 95%, n=1908)."
2269,10001129,BACKGROUND,BACKGROUND,Type 2 diabetes mellitus is a major chronic metabolic disorder associated with high cardiovascular mortality. (Cohort identifier: 2269).
2270,10001640,OBJECTIVE,OBJECTIVES,This randomized controlled trial aimed to compare low-dose combination therapy against standard monotherapy. (Trial registration: NCT010001640).
2271,10001001,METHODS,METHODS,Eligible participants aged 18-75 years with documented HbA1c > 8.0% underwent 24 weeks of active treatment. (Stratified cluster 2271).
2272,10001554,RESULTS,RESULTS,"Semaglutide significantly reduced mean HbA1c by -1.5% compared to -0.8% with sitagliptin (p < 0.001). (Confidence interval 95%, n=1135)."
2273,10001336,BACKGROUND,BACKGROUND,Postoperative pain management following major orthopedic surgery is critical for early patient mobilization. (Cohort identifier: 2273).
2274,10001850,OBJECTIVE,OBJECTIVES,To determine if inhaled corticosteroid cessation increases acute exacerbation risk in moderate COPD. (Trial registration: NCT010001850).
2275,10001091,METHODS,METHODS,Statistical analyses followed the intention-to-treat principle using mixed-effects linear regression models. (Stratified cluster 2275).
2276,10001546,RESULTS,RESULTS,"Mean postoperative pain scores at 24 hours were significantly reduced in the intervention group (2.1 vs 4.8, p = 0.002). (Confidence interval 95%, n=511)."
2277,10001037,BACKGROUND,BACKGROUND,Major depressive disorder is a pervasive mental health condition with substantial socioeconomic burden. (Cohort identifier: 2277).
2278,10001677,OBJECTIVE,OBJECTIVES,To determine if inhaled corticosteroid cessation increases acute exacerbation risk in moderate COPD. (Trial registration: NCT010001677).
2279,10001452,METHODS,METHODS,"A multi-center, double-blind, randomized controlled trial enrolled 1,200 adult patients across 45 clinical sites. (Stratified cluster 2279)."
2280,10001569,RESULTS,RESULTS,"The 12-month relapse rate was significantly lower in the combined therapy arm (18.2% vs 34.6%, HR: 0.48, 9: 0.31-0.75). (Confidence interval 95%, n=921)."
2281,10001628,BACKGROUND,BACKGROUND,Major depressive disorder is a pervasive mental health condition with substantial socioeconomic burden. (Cohort identifier: 2281).
2282,10001089,OBJECTIVE,OBJECTIVES,We investigated whether cognitive behavioral therapy reduces relapse rates compared to standard pharmacotherapy. (Trial registration: NCT010001089).
2283,10001781,METHODS,METHODS,Eligible participants aged 18-75 years with documented HbA1c > 8.0% underwent 24 weeks of active treatment. (Stratified cluster 2283).
2284,10001751,RESULTS,RESULTS,"Mean postoperative pain scores at 24 hours were significantly reduced in the intervention group (2.1 vs 4.8, p = 0.002). (Confidence interval 95%, n=668)."
2285,10001106,BACKGROUND,BACKGROUND,Chronic obstructive pulmonary disease exacerbations frequently lead to hospital readmission and increased mortality. (Cohort identifier: 2285).
2286,10001531,OBJECTIVE,OBJECTIVES,To evaluate the efficacy and safety of once-weekly semaglutide compared to daily sitagliptin in adults. (Trial registration: NCT010001531).
2287,10001640,METHODS,METHODS,Statistical analyses followed the intention-to-treat principle using mixed-effects linear regression models. (Stratified cluster 2287).
2288,10001656,RESULTS,RESULTS,"Combination therapy achieved target blood pressure control in 78.4% of patients compared to 54.2% in the monotherapy group. (Confidence interval 95%, n=1268)."
2289,10001473,BACKGROUND,BACKGROUND,Postoperative pain management following major orthopedic surgery is critical for early patient mobilization. (Cohort identifier: 2289).
2290,10001209,OBJECTIVE,OBJECTIVES,To determine if inhaled corticosteroid cessation increases acute exacerbation risk in moderate COPD. (Trial registration: NCT010001209).
2291,10001025,METHODS,METHODS,Participants were randomly allocated (1:1) using computer-generated block randomization to receive drug A or placebo. (Stratified cluster 2291).
2292,10001767,RESULTS,RESULTS,"The 12-month relapse rate was significantly lower in the combined therapy arm (18.2% vs 34.6%, HR: 0.48, 9: 0.31-0.75). (Confidence interval 95%, n=2131)."
2293,10001973,BACKGROUND,BACKGROUND,Postoperative pain management following major orthopedic surgery is critical for early patient mobilization. (Cohort identifier: 2293).
2294,10001775,OBJECTIVE,OBJECTIVES,This randomized controlled trial aimed to compare low-dose combination therapy against standard monotherapy. (Trial registration: NCT010001775).
2295,10001155,METHODS,METHODS,Statistical analyses followed the intention-to-treat principle using mixed-effects linear regression models. (Stratified cluster 2295).
2296,10001367,RESULTS,RESULTS,"The 12-month relapse rate was significantly lower in the combined therapy arm (18.2% vs 34.6%, HR: 0.48, 9: 0.31-0.75). (Confidence interval 95%, n=976)."
2297,10001636,BACKGROUND,BACKGROUND,Postoperative pain management following major orthopedic surgery is critical for early patient mobilization. (Cohort identifier: 2297).
2298,10001994,OBJECTIVE,OBJECTIVES,This randomized controlled trial aimed to compare low-dose combination therapy against standard monotherapy. (Trial registration: NCT010001994).
2299,10001764,METHODS,METHODS,"A multi-center, double-blind, randomized controlled trial enrolled 1,200 adult patients across 45 clinical sites. (Stratified cluster 2299)."
2300,10001952,RESULTS,RESULTS,"The 12-month relapse rate was significantly lower in the combined therapy arm (18.2% vs 34.6%, HR: 0.48, 9: 0.31-0.75). (Confidence interval 95%, n=2339)."
2301,10001354,BACKGROUND,BACKGROUND,Major depressive disorder is a pervasive mental health condition with substantial socioeconomic burden. (Cohort identifier: 2301).
2302,10001898,OBJECTIVE,OBJECTIVES,To determine if inhaled corticosteroid cessation increases acute exacerbation risk in moderate COPD. (Trial registration: NCT010001898).
2303,10001482,METHODS,METHODS,"A multi-center, double-blind, randomized controlled trial enrolled 1,200 adult patients across 45 clinical sites. (Stratified cluster 2303)."
2304,10001919,RESULTS,RESULTS,"The 12-month relapse rate was significantly lower in the combined therapy arm (18.2% vs 34.6%, HR: 0.48, 9: 0.31-0.75). (Confidence interval 95%, n=418)."
2305,10001227,BACKGROUND,BACKGROUND,Postoperative pain management following major orthopedic surgery is critical for early patient mobilization. (Cohort identifier: 2305).
2306,10001558,OBJECTIVE,OBJECTIVES,The primary aim was to assess the analgesic effectiveness of intravenous dexamethasone versus placebo. (Trial registration: NCT010001558).
2307,10001355,METHODS,METHODS,"A multi-center, double-blind, randomized controlled trial enrolled 1,200 adult patients across 45 clinical sites. (Stratified cluster 2307)."
2308,10001162,RESULTS,RESULTS,"The 12-month relapse rate was significantly lower in the combined therapy arm (18.2% vs 34.6%, HR: 0.48, 9: 0.31-0.75). (Confidence interval 95%, n=843)."
2309,10001101,BACKGROUND,BACKGROUND,Type 2 diabetes mellitus is a major chronic metabolic disorder associated with high cardiovascular mortality. (Cohort identifier: 2309).
2310,10001178,OBJECTIVE,OBJECTIVES,To evaluate the efficacy and safety of once-weekly semaglutide compared to daily sitagliptin in adults. (Trial registration: NCT010001178).
2311,10001853,METHODS,METHODS,Primary endpoint was change in mean arterial pressure measured at 12 weeks post-randomization. (Stratified cluster 2311).
2312,10001350,RESULTS,RESULTS,"Semaglutide significantly reduced mean HbA1c by -1.5% compared to -0.8% with sitagliptin (p < 0.001). (Confidence interval 95%, n=617)."
2313,10001528,BACKGROUND,BACKGROUND,Postoperative pain management following major orthopedic surgery is critical for early patient mobilization. (Cohort identifier: 2313).
2314,10001928,OBJECTIVE,OBJECTIVES,This randomized controlled trial aimed to compare low-dose combination therapy against standard monotherapy. (Trial registration: NCT010001928).
2315,10001159,METHODS,METHODS,Eligible participants aged 18-75 years with documented HbA1c > 8.0% underwent 24 weeks of active treatment. (Stratified cluster 2315).
2316,10001014,RESULTS,RESULTS,"Mean postoperative pain scores at 24 hours were significantly reduced in the intervention group (2.1 vs 4.8, p = 0.002). (Confidence interval 95%, n=1670)."
2317,10001851,BACKGROUND,BACKGROUND,Chronic obstructive pulmonary disease exacerbations frequently lead to hospital readmission and increased mortality. (Cohort identifier: 2317).
2318,10001687,OBJECTIVE,OBJECTIVES,To determine if inhaled corticosteroid cessation increases acute exacerbation risk in moderate COPD. (Trial registration: NCT010001687).
2319,10001359,METHODS,METHODS,Statistical analyses followed the intention-to-treat principle using mixed-effects linear regression models. (Stratified cluster 2319).
2320,10001648,RESULTS,RESULTS,"Semaglutide significantly reduced mean HbA1c by -1.5% compared to -0.8% with sitagliptin (p < 0.001). (Confidence interval 95%, n=2180)."
2321,10001081,BACKGROUND,BACKGROUND,Hypertension remains the leading preventable cause of cardiovascular disease and premature death worldwide. (Cohort identifier: 2321).
2322,10001266,OBJECTIVE,OBJECTIVES,To determine if inhaled corticosteroid cessation increases acute exacerbation risk in moderate COPD. (Trial registration: NCT010001266).
2323,10001055,METHODS,METHODS,Eligible participants aged 18-75 years with documented HbA1c > 8.0% underwent 24 weeks of active treatment. (Stratified cluster 2323).
2324,10001239,RESULTS,RESULTS,"Combination therapy achieved target blood pressure control in 78.4% of patients compared to 54.2% in the monotherapy group. (Confidence interval 95%, n=1112)."
2325,10001985,BACKGROUND,BACKGROUND,Type 2 diabetes mellitus is a major chronic metabolic disorder associated with high cardiovascular mortality. (Cohort identifier: 2325).
2326,10001648,OBJECTIVE,OBJECTIVES,To determine if inhaled corticosteroid cessation increases acute exacerbation risk in moderate COPD. (Trial registration: NCT010001648).
2327,10001772,METHODS,METHODS,Eligible participants aged 18-75 years with documented HbA1c > 8.0% underwent 24 weeks of active treatment. (Stratified cluster 2327).
2328,10001771,RESULTS,RESULTS,"Combination therapy achieved target blood pressure control in 78.4% of patients compared to 54.2% in the monotherapy group. (Confidence interval 95%, n=2158)."
2329,10001032,BACKGROUND,BACKGROUND,Postoperative pain management following major orthopedic surgery is critical for early patient mobilization. (Cohort identifier: 2329).
2330,10001925,OBJECTIVE,OBJECTIVES,To evaluate the efficacy and safety of once-weekly semaglutide compared to daily sitagliptin in adults. (Trial registration: NCT010001925).
2331,10001219,METHODS,METHODS,Statistical analyses followed the intention-to-treat principle using mixed-effects linear regression models. (Stratified cluster 2331).
2332,10001878,RESULTS,RESULTS,"The 12-month relapse rate was significantly lower in the combined therapy arm (18.2% vs 34.6%, HR: 0.48, 9: 0.31-0.75). (Confidence interval 95%, n=1453)."
2333,10001186,BACKGROUND,BACKGROUND,Chronic obstructive pulmonary disease exacerbations frequently lead to hospital readmission and increased mortality. (Cohort identifier: 2333).
2334,10001024,OBJECTIVE,OBJECTIVES,To determine if inhaled corticosteroid cessation increases acute exacerbation risk in moderate COPD. (Trial registration: NCT010001024).
2335,10001743,METHODS,METHODS,Eligible participants aged 18-75 years with documented HbA1c > 8.0% underwent 24 weeks of active treatment. (Stratified cluster 2335).
2336,10001726,RESULTS,RESULTS,"Combination therapy achieved target blood pressure control in 78.4% of patients compared to 54.2% in the monotherapy group. (Confidence interval 95%, n=432)."
2337,10001267,BACKGROUND,BACKGROUND,Major depressive disorder is a pervasive mental health condition with substantial socioeconomic burden. (Cohort identifier: 2337).
2338,10001710,OBJECTIVE,OBJECTIVES,This randomized controlled trial aimed to compare low-dose combination therapy against standard monotherapy. (Trial registration: NCT010001710).
2339,10001204,METHODS,METHODS,Eligible participants aged 18-75 years with documented HbA1c > 8.0% underwent 24 weeks of active treatment. (Stratified cluster 2339).
2340,10001918,RESULTS,RESULTS,"The 12-month relapse rate was significantly lower in the combined therapy arm (18.2% vs 34.6%, HR: 0.48, 9: 0.31-0.75). (Confidence interval 95%, n=2318)."
2341,10001884,BACKGROUND,BACKGROUND,Hypertension remains the leading preventable cause of cardiovascular disease and premature death worldwide. (Cohort identifier: 2341).
2342,10001539,OBJECTIVE,OBJECTIVES,We investigated whether cognitive behavioral therapy reduces relapse rates compared to standard pharmacotherapy. (Trial registration: NCT010001539).
2343,10001762,METHODS,METHODS,Primary endpoint was change in mean arterial pressure measured at 12 weeks post-randomization. (Stratified cluster 2343).
2344,10001626,RESULTS,RESULTS,"Mean postoperative pain scores at 24 hours were significantly reduced in the intervention group (2.1 vs 4.8, p = 0.002). (Confidence interval 95%, n=1259)."
2345,10001252,BACKGROUND,BACKGROUND,Major depressive disorder is a pervasive mental health condition with substantial socioeconomic burden. (Cohort identifier: 2345).
2346,10001592,OBJECTIVE,OBJECTIVES,This randomized controlled trial aimed to compare low-dose combination therapy against standard monotherapy. (Trial registration: NCT010001592).
2347,10001389,METHODS,METHODS,Participants were randomly allocated (1:1) using computer-generated block randomization to receive drug A or placebo. (Stratified cluster 2347).
2348,10001887,RESULTS,RESULTS,"The 12-month relapse rate was significantly lower in the combined therapy arm (18.2% vs 34.6%, HR: 0.48, 9: 0.31-0.75). (Confidence interval 95%, n=1612)."
2349,10001870,BACKGROUND,BACKGROUND,Chronic obstructive pulmonary disease exacerbations frequently lead to hospital readmission and increased mortality. (Cohort identifier: 2349).
2350,10001623,OBJECTIVE,OBJECTIVES,The primary aim was to assess the analgesic effectiveness of intravenous dexamethasone versus placebo. (Trial registration: NCT010001623).
2351,10001773,METHODS,METHODS,Participants were randomly allocated (1:1) using computer-generated block randomization to receive drug A or placebo. (Stratified cluster 2351).
2352,10001499,RESULTS,RESULTS,"Mean postoperative pain scores at 24 hours were significantly reduced in the intervention group (2.1 vs 4.8, p = 0.002). (Confidence interval 95%, n=1570)."
2353,10001424,BACKGROUND,BACKGROUND,Chronic obstructive pulmonary disease exacerbations frequently lead to hospital readmission and increased mortality. (Cohort identifier: 2353).
2354,10001792,OBJECTIVE,OBJECTIVES,We investigated whether cognitive behavioral therapy reduces relapse rates compared to standard pharmacotherapy. (Trial registration: NCT010001792).
2355,10001056,METHODS,METHODS,Statistical analyses followed the intention-to-treat principle using mixed-effects linear regression models. (Stratified cluster 2355).
2356,10001845,RESULTS,RESULTS,"Combination therapy achieved target blood pressure control in 78.4% of patients compared to 54.2% in the monotherapy group. (Confidence interval 95%, n=2349)."
2357,10001730,BACKGROUND,BACKGROUND,Postoperative pain management following major orthopedic surgery is critical for early patient mobilization. (Cohort identifier: 2357).
2358,10001605,OBJECTIVE,OBJECTIVES,This randomized controlled trial aimed to compare low-dose combination therapy against standard monotherapy. (Trial registration: NCT010001605).
2359,10001895,METHODS,METHODS,Primary endpoint was change in mean arterial pressure measured at 12 weeks post-randomization. (Stratified cluster 2359).
2360,10001178,RESULTS,RESULTS,"Combination therapy achieved target blood pressure control in 78.4% of patients compared to 54.2% in the monotherapy group. (Confidence interval 95%, n=1110)."
2361,10001377,BACKGROUND,BACKGROUND,Major depressive disorder is a pervasive mental health condition with substantial socioeconomic burden. (Cohort identifier: 2361).
2362,10001631,OBJECTIVE,OBJECTIVES,To determine if inhaled corticosteroid cessation increases acute exacerbation risk in moderate COPD. (Trial registration: NCT010001631).
2363,10001264,METHODS,METHODS,Eligible participants aged 18-75 years with documented HbA1c > 8.0% underwent 24 weeks of active treatment. (Stratified cluster 2363).
2364,10001835,RESULTS,RESULTS,"Mean postoperative pain scores at 24 hours were significantly reduced in the intervention group (2.1 vs 4.8, p = 0.002). (Confidence interval 95%, n=2238)."
2365,10001664,BACKGROUND,BACKGROUND,Postoperative pain management following major orthopedic surgery is critical for early patient mobilization. (Cohort identifier: 2365).
2366,10001238,OBJECTIVE,OBJECTIVES,To determine if inhaled corticosteroid cessation increases acute exacerbation risk in moderate COPD. (Trial registration: NCT010001238).
2367,10001158,METHODS,METHODS,Statistical analyses followed the intention-to-treat principle using mixed-effects linear regression models. (Stratified cluster 2367).
2368,10001149,RESULTS,RESULTS,"Mean postoperative pain scores at 24 hours were significantly reduced in the intervention group (2.1 vs 4.8, p = 0.002). (Confidence interval 95%, n=2221)."
2369,10001004,BACKGROUND,BACKGROUND,Postoperative pain management following major orthopedic surgery is critical for early patient mobilization. (Cohort identifier: 2369).
2370,10001491,OBJECTIVE,OBJECTIVES,To evaluate the efficacy and safety of once-weekly semaglutide compared to daily sitagliptin in adults. (Trial registration: NCT010001491).
2371,10001188,METHODS,METHODS,Statistical analyses followed the intention-to-treat principle using mixed-effects linear regression models. (Stratified cluster 2371).
2372,10001379,RESULTS,RESULTS,"No statistically significant difference in serious adverse events was observed between the active drug and placebo arms. (Confidence interval 95%, n=774)."
2373,10001955,BACKGROUND,BACKGROUND,Hypertension remains the leading preventable cause of cardiovascular disease and premature death worldwide. (Cohort identifier: 2373).
2374,10001461,OBJECTIVE,OBJECTIVES,To evaluate the efficacy and safety of once-weekly semaglutide compared to daily sitagliptin in adults. (Trial registration: NCT010001461).
2375,10001003,METHODS,METHODS,Participants were randomly allocated (1:1) using computer-generated block randomization to receive drug A or placebo. (Stratified cluster 2375).
2376,10001061,RESULTS,RESULTS,"No statistically significant difference in serious adverse events was observed between the active drug and placebo arms. (Confidence interval 95%, n=2060)."
2377,10001035,BACKGROUND,BACKGROUND,Chronic obstructive pulmonary disease exacerbations frequently lead to hospital readmission and increased mortality. (Cohort identifier: 2377).
2378,10001632,OBJECTIVE,OBJECTIVES,To evaluate the efficacy and safety of once-weekly semaglutide compared to daily sitagliptin in adults. (Trial registration: NCT010001632).
2379,10001783,METHODS,METHODS,Primary endpoint was change in mean arterial pressure measured at 12 weeks post-randomization. (Stratified cluster 2379).
2380,10001002,RESULTS,RESULTS,"Semaglutide significantly reduced mean HbA1c by -1.5% compared to -0.8% with sitagliptin (p < 0.001). (Confidence interval 95%, n=877)."
2381,10001432,BACKGROUND,BACKGROUND,Hypertension remains the leading preventable cause of cardiovascular disease and premature death worldwide. (Cohort identifier: 2381).
2382,10001119,OBJECTIVE,OBJECTIVES,This randomized controlled trial aimed to compare low-dose combination therapy against standard monotherapy. (Trial registration: NCT010001119).
2383,10001569,METHODS,METHODS,Primary endpoint was change in mean arterial pressure measured at 12 weeks post-randomization. (Stratified cluster 2383).
2384,10001949,RESULTS,RESULTS,"Semaglutide significantly reduced mean HbA1c by -1.5% compared to -0.8% with sitagliptin (p < 0.001). (Confidence interval 95%, n=1473)."
2385,10001260,BACKGROUND,BACKGROUND,Postoperative pain management following major orthopedic surgery is critical for early patient mobilization. (Cohort identifier: 2385).
2386,10001624,OBJECTIVE,OBJECTIVES,To evaluate the efficacy and safety of once-weekly semaglutide compared to daily sitagliptin in adults. (Trial registration: NCT010001624).
2387,10001738,METHODS,METHODS,Primary endpoint was change in mean arterial pressure measured at 12 weeks post-randomization. (Stratified cluster 2387).
2388,10001364,RESULTS,RESULTS,"No statistically significant difference in serious adverse events was observed between the active drug and placebo arms. (Confidence interval 95%, n=1181)."
2389,10001901,BACKGROUND,BACKGROUND,Type 2 diabetes mellitus is a major chronic metabolic disorder associated with high cardiovascular mortality. (Cohort identifier: 2389).
2390,10001431,OBJECTIVE,OBJECTIVES,To evaluate the efficacy and safety of once-weekly semaglutide compared to daily sitagliptin in adults. (Trial registration: NCT010001431).
2391,10001751,METHODS,METHODS,Eligible participants aged 18-75 years with documented HbA1c > 8.0% underwent 24 weeks of active treatment. (Stratified cluster 2391).
2392,10001720,RESULTS,RESULTS,"Semaglutide significantly reduced mean HbA1c by -1.5% compared to -0.8% with sitagliptin (p < 0.001). (Confidence interval 95%, n=182)."
2393,10001931,BACKGROUND,BACKGROUND,Chronic obstructive pulmonary disease exacerbations frequently lead to hospital readmission and increased mortality. (Cohort identifier: 2393).
2394,10001285,OBJECTIVE,OBJECTIVES,This randomized controlled trial aimed to compare low-dose combination therapy against standard monotherapy. (Trial registration: NCT010001285).
2395,10001546,METHODS,METHODS,"A multi-center, double-blind, randomized controlled trial enrolled 1,200 adult patients across 45 clinical sites. (Stratified cluster 2395)."
2396,10001945,RESULTS,RESULTS,"No statistically significant difference in serious adverse events was observed between the active drug and placebo arms. (Confidence interval 95%, n=617)."
2397,10001307,BACKGROUND,BACKGROUND,Hypertension remains the leading preventable cause of cardiovascular disease and premature death worldwide. (Cohort identifier: 2397).
2398,10001789,OBJECTIVE,OBJECTIVES,The primary aim was to assess the analgesic effectiveness of intravenous dexamethasone versus placebo. (Trial registration: NCT010001789).
2399,10001558,METHODS,METHODS,Statistical analyses followed the intention-to-treat principle using mixed-effects linear regression models. (Stratified cluster 2399).
2400,10001879,RESULTS,RESULTS,"Mean postoperative pain scores at 24 hours were significantly reduced in the intervention group (2.1 vs 4.8, p = 0.002). (Confidence interval 95%, n=1080)."
2401,10001382,BACKGROUND,BACKGROUND,Major depressive disorder is a pervasive mental health condition with substantial socioeconomic burden. (Cohort identifier: 2401).
2402,10001176,OBJECTIVE,OBJECTIVES,We investigated whether cognitive behavioral therapy reduces relapse rates compared to standard pharmacotherapy. (Trial registration: NCT010001176).
2403,10001278,METHODS,METHODS,Primary endpoint was change in mean arterial pressure measured at 12 weeks post-randomization. (Stratified cluster 2403).
2404,10001157,RESULTS,RESULTS,"Mean postoperative pain scores at 24 hours were significantly reduced in the intervention group (2.1 vs 4.8, p = 0.002). (Confidence interval 95%, n=1480)."
2405,10001951,BACKGROUND,BACKGROUND,Major depressive disorder is a pervasive mental health condition with substantial socioeconomic burden. (Cohort identifier: 2405).
2406,10001196,OBJECTIVE,OBJECTIVES,The primary aim was to assess the analgesic effectiveness of intravenous dexamethasone versus placebo. (Trial registration: NCT010001196).
2407,10001852,METHODS,METHODS,Participants were randomly allocated (1:1) using computer-generated block randomization to receive drug A or placebo. (Stratified cluster 2407).
2408,10001819,RESULTS,RESULTS,"Semaglutide significantly reduced mean HbA1c by -1.5% compared to -0.8% with sitagliptin (p < 0.001). (Confidence interval 95%, n=1592)."
2409,10001536,BACKGROUND,BACKGROUND,Hypertension remains the leading preventable cause of cardiovascular disease and premature death worldwide. (Cohort identifier: 2409).
2410,10001927,OBJECTIVE,OBJECTIVES,This randomized controlled trial aimed to compare low-dose combination therapy against standard monotherapy. (Trial registration: NCT010001927).
2411,10001012,METHODS,METHODS,"A multi-center, double-blind, randomized controlled trial enrolled 1,200 adult patients across 45 clinical sites. (Stratified cluster 2411)."
2412,10001214,RESULTS,RESULTS,"Semaglutide significantly reduced mean HbA1c by -1.5% compared to -0.8% with sitagliptin (p < 0.001). (Confidence interval 95%, n=1827)."
2413,10001155,BACKGROUND,BACKGROUND,Hypertension remains the leading preventable cause of cardiovascular disease and premature death worldwide. (Cohort identifier: 2413).
2414,10001016,OBJECTIVE,OBJECTIVES,To determine if inhaled corticosteroid cessation increases acute exacerbation risk in moderate COPD. (Trial registration: NCT010001016).
2415,10001753,METHODS,METHODS,Eligible participants aged 18-75 years with documented HbA1c > 8.0% underwent 24 weeks of active treatment. (Stratified cluster 2415).
2416,10001304,RESULTS,RESULTS,"The 12-month relapse rate was significantly lower in the combined therapy arm (18.2% vs 34.6%, HR: 0.48, 9: 0.31-0.75). (Confidence interval 95%, n=1271)."
2417,10001639,BACKGROUND,BACKGROUND,Major depressive disorder is a pervasive mental health condition with substantial socioeconomic burden. (Cohort identifier: 2417).
2418,10001039,OBJECTIVE,OBJECTIVES,To evaluate the efficacy and safety of once-weekly semaglutide compared to daily sitagliptin in adults. (Trial registration: NCT010001039).
2419,10001554,METHODS,METHODS,Eligible participants aged 18-75 years with documented HbA1c > 8.0% underwent 24 weeks of active treatment. (Stratified cluster 2419).
2420,10001489,RESULTS,RESULTS,"Mean postoperative pain scores at 24 hours were significantly reduced in the intervention group (2.1 vs 4.8, p = 0.002). (Confidence interval 95%, n=419)."
2421,10001004,BACKGROUND,BACKGROUND,Major depressive disorder is a pervasive mental health condition with substantial socioeconomic burden. (Cohort identifier: 2421).
2422,10001482,OBJECTIVE,OBJECTIVES,The primary aim was to assess the analgesic effectiveness of intravenous dexamethasone versus placebo. (Trial registration: NCT010001482).
2423,10001308,METHODS,METHODS,Eligible participants aged 18-75 years with documented HbA1c > 8.0% underwent 24 weeks of active treatment. (Stratified cluster 2423).
2424,10001772,RESULTS,RESULTS,"Combination therapy achieved target blood pressure control in 78.4% of patients compared to 54.2% in the monotherapy group. (Confidence interval 95%, n=694)."
2425,10001432,BACKGROUND,BACKGROUND,Hypertension remains the leading preventable cause of cardiovascular disease and premature death worldwide. (Cohort identifier: 2425).
2426,10001785,OBJECTIVE,OBJECTIVES,We investigated whether cognitive behavioral therapy reduces relapse rates compared to standard pharmacotherapy. (Trial registration: NCT010001785).
2427,10001222,METHODS,METHODS,Primary endpoint was change in mean arterial pressure measured at 12 weeks post-randomization. (Stratified cluster 2427).
2428,10001579,RESULTS,RESULTS,"No statistically significant difference in serious adverse events was observed between the active drug and placebo arms. (Confidence interval 95%, n=702)."
2429,10001871,BACKGROUND,BACKGROUND,Postoperative pain management following major orthopedic surgery is critical for early patient mobilization. (Cohort identifier: 2429).
2430,10001460,OBJECTIVE,OBJECTIVES,The primary aim was to assess the analgesic effectiveness of intravenous dexamethasone versus placebo. (Trial registration: NCT010001460).
2431,10001014,METHODS,METHODS,Primary endpoint was change in mean arterial pressure measured at 12 weeks post-randomization. (Stratified cluster 2431).
2432,10001552,RESULTS,RESULTS,"Semaglutide significantly reduced mean HbA1c by -1.5% compared to -0.8% with sitagliptin (p < 0.001). (Confidence interval 95%, n=193)."
2433,10001666,BACKGROUND,BACKGROUND,Hypertension remains the leading preventable cause of cardiovascular disease and premature death worldwide. (Cohort identifier: 2433).
2434,10001669,OBJECTIVE,OBJECTIVES,To determine if inhaled corticosteroid cessation increases acute exacerbation risk in moderate COPD. (Trial registration: NCT010001669).
2435,10001206,METHODS,METHODS,Participants were randomly allocated (1:1) using computer-generated block randomization to receive drug A or placebo. (Stratified cluster 2435).
2436,10001394,RESULTS,RESULTS,"Semaglutide significantly reduced mean HbA1c by -1.5% compared to -0.8% with sitagliptin (p < 0.001). (Confidence interval 95%, n=2003)."
2437,10001433,BACKGROUND,BACKGROUND,Postoperative pain management following major orthopedic surgery is critical for early patient mobilization. (Cohort identifier: 2437).
2438,10001883,OBJECTIVE,OBJECTIVES,To evaluate the efficacy and safety of once-weekly semaglutide compared to daily sitagliptin in adults. (Trial registration: NCT010001883).
2439,10001073,METHODS,METHODS,Eligible participants aged 18-75 years with documented HbA1c > 8.0% underwent 24 weeks of active treatment. (Stratified cluster 2439).
2440,10001565,RESULTS,RESULTS,"No statistically significant difference in serious adverse events was observed between the active drug and placebo arms. (Confidence interval 95%, n=1005)."
2441,10001106,BACKGROUND,BACKGROUND,Chronic obstructive pulmonary disease exacerbations frequently lead to hospital readmission and increased mortality. (Cohort identifier: 2441).
2442,10001659,OBJECTIVE,OBJECTIVES,This randomized controlled trial aimed to compare low-dose combination therapy against standard monotherapy. (Trial registration: NCT010001659).
2443,10001449,METHODS,METHODS,Statistical analyses followed the intention-to-treat principle using mixed-effects linear regression models. (Stratified cluster 2443).
2444,10001094,RESULTS,RESULTS,"Semaglutide significantly reduced mean HbA1c by -1.5% compared to -0.8% with sitagliptin (p < 0.001). (Confidence interval 95%, n=464)."
2445,10001234,BACKGROUND,BACKGROUND,Type 2 diabetes mellitus is a major chronic metabolic disorder associated with high cardiovascular mortality. (Cohort identifier: 2445).
2446,10001464,OBJECTIVE,OBJECTIVES,To evaluate the efficacy and safety of once-weekly semaglutide compared to daily sitagliptin in adults. (Trial registration: NCT010001464).
2447,10001710,METHODS,METHODS,Statistical analyses followed the intention-to-treat principle using mixed-effects linear regression models. (Stratified cluster 2447).
2448,10001060,RESULTS,RESULTS,"No statistically significant difference in serious adverse events was observed between the active drug and placebo arms. (Confidence interval 95%, n=397)."
2449,10001186,BACKGROUND,BACKGROUND,Hypertension remains the leading preventable cause of cardiovascular disease and premature death worldwide. (Cohort identifier: 2449).
2450,10001350,OBJECTIVE,OBJECTIVES,We investigated whether cognitive behavioral therapy reduces relapse rates compared to standard pharmacotherapy. (Trial registration: NCT010001350).
2451,10001015,METHODS,METHODS,Participants were randomly allocated (1:1) using computer-generated block randomization to receive drug A or placebo. (Stratified cluster 2451).
2452,10001988,RESULTS,RESULTS,"No statistically significant difference in serious adverse events was observed between the active drug and placebo arms. (Confidence interval 95%, n=2005)."
2453,10001971,BACKGROUND,BACKGROUND,Hypertension remains the leading preventable cause of cardiovascular disease and premature death worldwide. (Cohort identifier: 2453).
2454,10001638,OBJECTIVE,OBJECTIVES,We investigated whether cognitive behavioral therapy reduces relapse rates compared to standard pharmacotherapy. (Trial registration: NCT010001638).
2455,10001242,METHODS,METHODS,Statistical analyses followed the intention-to-treat principle using mixed-effects linear regression models. (Stratified cluster 2455).
2456,10001463,RESULTS,RESULTS,"Combination therapy achieved target blood pressure control in 78.4% of patients compared to 54.2% in the monotherapy group. (Confidence interval 95%, n=2114)."
2457,10001216,BACKGROUND,BACKGROUND,Postoperative pain management following major orthopedic surgery is critical for early patient mobilization. (Cohort identifier: 2457).
2458,10001505,OBJECTIVE,OBJECTIVES,The primary aim was to assess the analgesic effectiveness of intravenous dexamethasone versus placebo. (Trial registration: NCT010001505).
2459,10001263,METHODS,METHODS,Statistical analyses followed the intention-to-treat principle using mixed-effects linear regression models. (Stratified cluster 2459).
2460,10001558,RESULTS,RESULTS,"The 12-month relapse rate was significantly lower in the combined therapy arm (18.2% vs 34.6%, HR: 0.48, 9: 0.31-0.75). (Confidence interval 95%, n=2200)."
2461,10001841,BACKGROUND,BACKGROUND,Hypertension remains the leading preventable cause of cardiovascular disease and premature death worldwide. (Cohort identifier: 2461).
2462,10001676,OBJECTIVE,OBJECTIVES,To determine if inhaled corticosteroid cessation increases acute exacerbation risk in moderate COPD. (Trial registration: NCT010001676).
2463,10001131,METHODS,METHODS,Eligible participants aged 18-75 years with documented HbA1c > 8.0% underwent 24 weeks of active treatment. (Stratified cluster 2463).
2464,10001943,RESULTS,RESULTS,"No statistically significant difference in serious adverse events was observed between the active drug and placebo arms. (Confidence interval 95%, n=1813)."
2465,10001215,BACKGROUND,BACKGROUND,Postoperative pain management following major orthopedic surgery is critical for early patient mobilization. (Cohort identifier: 2465).
2466,10001877,OBJECTIVE,OBJECTIVES,We investigated whether cognitive behavioral therapy reduces relapse rates compared to standard pharmacotherapy. (Trial registration: NCT010001877).
2467,10001755,METHODS,METHODS,Participants were randomly allocated (1:1) using computer-generated block randomization to receive drug A or placebo. (Stratified cluster 2467).
2468,10001010,RESULTS,RESULTS,"Mean postoperative pain scores at 24 hours were significantly reduced in the intervention group (2.1 vs 4.8, p = 0.002). (Confidence interval 95%, n=2271)."
2469,10001288,BACKGROUND,BACKGROUND,Type 2 diabetes mellitus is a major chronic metabolic disorder associated with high cardiovascular mortality. (Cohort identifier: 2469).
2470,10001913,OBJECTIVE,OBJECTIVES,We investigated whether cognitive behavioral therapy reduces relapse rates compared to standard pharmacotherapy. (Trial registration: NCT010001913).
2471,10001100,METHODS,METHODS,Primary endpoint was change in mean arterial pressure measured at 12 weeks post-randomization. (Stratified cluster 2471).
2472,10001609,RESULTS,RESULTS,"Semaglutide significantly reduced mean HbA1c by -1.5% compared to -0.8% with sitagliptin (p < 0.001). (Confidence interval 95%, n=722)."
2473,10001793,BACKGROUND,BACKGROUND,Type 2 diabetes mellitus is a major chronic metabolic disorder associated with high cardiovascular mortality. (Cohort identifier: 2473).
2474,10001012,OBJECTIVE,OBJECTIVES,To determine if inhaled corticosteroid cessation increases acute exacerbation risk in moderate COPD. (Trial registration: NCT010001012).
2475,10001402,METHODS,METHODS,Participants were randomly allocated (1:1) using computer-generated block randomization to receive drug A or placebo. (Stratified cluster 2475).
2476,10001918,RESULTS,RESULTS,"Combination therapy achieved target blood pressure control in 78.4% of patients compared to 54.2% in the monotherapy group. (Confidence interval 95%, n=2398)."
2477,10001123,BACKGROUND,BACKGROUND,Type 2 diabetes mellitus is a major chronic metabolic disorder associated with high cardiovascular mortality. (Cohort identifier: 2477).
2478,10001232,OBJECTIVE,OBJECTIVES,This randomized controlled trial aimed to compare low-dose combination therapy against standard monotherapy. (Trial registration: NCT010001232).
2479,10001814,METHODS,METHODS,Statistical analyses followed the intention-to-treat principle using mixed-effects linear regression models. (Stratified cluster 2479).
2480,10001732,RESULTS,RESULTS,"Combination therapy achieved target blood pressure control in 78.4% of patients compared to 54.2% in the monotherapy group. (Confidence interval 95%, n=2377)."
2481,10001538,BACKGROUND,BACKGROUND,Type 2 diabetes mellitus is a major chronic metabolic disorder associated with high cardiovascular mortality. (Cohort identifier: 2481).
2482,10001798,OBJECTIVE,OBJECTIVES,To determine if inhaled corticosteroid cessation increases acute exacerbation risk in moderate COPD. (Trial registration: NCT010001798).
2483,10001484,METHODS,METHODS,"A multi-center, double-blind, randomized controlled trial enrolled 1,200 adult patients across 45 clinical sites. (Stratified cluster 2483)."
2484,10001440,RESULTS,RESULTS,"Semaglutide significantly reduced mean HbA1c by -1.5% compared to -0.8% with sitagliptin (p < 0.001). (Confidence interval 95%, n=2439)."
2485,10001885,BACKGROUND,BACKGROUND,Major depressive disorder is a pervasive mental health condition with substantial socioeconomic burden. (Cohort identifier: 2485).
2486,10001470,OBJECTIVE,OBJECTIVES,The primary aim was to assess the analgesic effectiveness of intravenous dexamethasone versus placebo. (Trial registration: NCT010001470).
2487,10001118,METHODS,METHODS,Participants were randomly allocated (1:1) using computer-generated block randomization to receive drug A or placebo. (Stratified cluster 2487).
2488,10001559,RESULTS,RESULTS,"Combination therapy achieved target blood pressure control in 78.4% of patients compared to 54.2% in the monotherapy group. (Confidence interval 95%, n=198)."
2489,10001923,BACKGROUND,BACKGROUND,Major depressive disorder is a pervasive mental health condition with substantial socioeconomic burden. (Cohort identifier: 2489).
2490,10001505,OBJECTIVE,OBJECTIVES,The primary aim was to assess the analgesic effectiveness of intravenous dexamethasone versus placebo. (Trial registration: NCT010001505).
2491,10001149,METHODS,METHODS,Participants were randomly allocated (1:1) using computer-generated block randomization to receive drug A or placebo. (Stratified cluster 2491).
2492,10001090,RESULTS,RESULTS,"Combination therapy achieved target blood pressure control in 78.4% of patients compared to 54.2% in the monotherapy group. (Confidence interval 95%, n=1103)."
2493,10001569,BACKGROUND,BACKGROUND,Type 2 diabetes mellitus is a major chronic metabolic disorder associated with high cardiovascular mortality. (Cohort identifier: 2493).
2494,10001291,OBJECTIVE,OBJECTIVES,We investigated whether cognitive behavioral therapy reduces relapse rates compared to standard pharmacotherapy. (Trial registration: NCT010001291).
2495,10001201,METHODS,METHODS,"A multi-center, double-blind, randomized controlled trial enrolled 1,200 adult patients across 45 clinical sites. (Stratified cluster 2495)."
2496,10001910,RESULTS,RESULTS,"Semaglutide significantly reduced mean HbA1c by -1.5% compared to -0.8% with sitagliptin (p < 0.001). (Confidence interval 95%, n=2226)."
2497,10001930,BACKGROUND,BACKGROUND,Postoperative pain management following major orthopedic surgery is critical for early patient mobilization. (Cohort identifier: 2497).
2498,10001975,OBJECTIVE,OBJECTIVES,We investigated whether cognitive behavioral therapy reduces relapse rates compared to standard pharmacotherapy. (Trial registration: NCT010001975).
2499,10001873,METHODS,METHODS,Participants were randomly allocated (1:1) using computer-generated block randomization to receive drug A or placebo. (Stratified cluster 2499).
2500,10001731,RESULTS,RESULTS,"Mean postoperative pain scores at 24 hours were significantly reduced in the intervention group (2.1 vs 4.8, p = 0.002). (Confidence interval 95%, n=2393)."
2501,10001508,BACKGROUND,BACKGROUND,Postoperative pain management following major orthopedic surgery is critical for early patient mobilization. (Cohort identifier: 2501).
2502,10001241,OBJECTIVE,OBJECTIVES,We investigated whether cognitive behavioral therapy reduces relapse rates compared to standard pharmacotherapy. (Trial registration: NCT010001241).
2503,10001219,METHODS,METHODS,Primary endpoint was change in mean arterial pressure measured at 12 weeks post-randomization. (Stratified cluster 2503).
2504,10001945,RESULTS,RESULTS,"No statistically significant difference in serious adverse events was observed between the active drug and placebo arms. (Confidence interval 95%, n=707)."
2505,10001291,BACKGROUND,BACKGROUND,Chronic obstructive pulmonary disease exacerbations frequently lead to hospital readmission and increased mortality. (Cohort identifier: 2505).
2506,10001502,OBJECTIVE,OBJECTIVES,To evaluate the efficacy and safety of once-weekly semaglutide compared to daily sitagliptin in adults. (Trial registration: NCT010001502).
2507,10001409,METHODS,METHODS,Eligible participants aged 18-75 years with documented HbA1c > 8.0% underwent 24 weeks of active treatment. (Stratified cluster 2507).
2508,10001242,RESULTS,RESULTS,"Semaglutide significantly reduced mean HbA1c by -1.5% compared to -0.8% with sitagliptin (p < 0.001). (Confidence interval 95%, n=832)."
2509,10001802,BACKGROUND,BACKGROUND,Major depressive disorder is a pervasive mental health condition with substantial socioeconomic burden. (Cohort identifier: 2509).
2510,10001845,OBJECTIVE,OBJECTIVES,This randomized controlled trial aimed to compare low-dose combination therapy against standard monotherapy. (Trial registration: NCT010001845).
2511,10001143,METHODS,METHODS,"A multi-center, double-blind, randomized controlled trial enrolled 1,200 adult patients across 45 clinical sites. (Stratified cluster 2511)."
2512,10001610,RESULTS,RESULTS,"The 12-month relapse rate was significantly lower in the combined therapy arm (18.2% vs 34.6%, HR: 0.48, 9: 0.31-0.75). (Confidence interval 95%, n=1647)."
2513,10001684,BACKGROUND,BACKGROUND,Chronic obstructive pulmonary disease exacerbations frequently lead to hospital readmission and increased mortality. (Cohort identifier: 2513).
2514,10001626,OBJECTIVE,OBJECTIVES,The primary aim was to assess the analgesic effectiveness of intravenous dexamethasone versus placebo. (Trial registration: NCT010001626).
2515,10001883,METHODS,METHODS,Primary endpoint was change in mean arterial pressure measured at 12 weeks post-randomization. (Stratified cluster 2515).
2516,10001635,RESULTS,RESULTS,"No statistically significant difference in serious adverse events was observed between the active drug and placebo arms. (Confidence interval 95%, n=222)."
2517,10001739,BACKGROUND,BACKGROUND,Postoperative pain management following major orthopedic surgery is critical for early patient mobilization. (Cohort identifier: 2517).
2518,10001418,OBJECTIVE,OBJECTIVES,This randomized controlled trial aimed to compare low-dose combination therapy against standard monotherapy. (Trial registration: NCT010001418).
2519,10001385,METHODS,METHODS,Primary endpoint was change in mean arterial pressure measured at 12 weeks post-randomization. (Stratified cluster 2519).
2520,10001464,RESULTS,RESULTS,"No statistically significant difference in serious adverse events was observed between the active drug and placebo arms. (Confidence interval 95%, n=2487)."
2521,10001356,BACKGROUND,BACKGROUND,Type 2 diabetes mellitus is a major chronic metabolic disorder associated with high cardiovascular mortality. (Cohort identifier: 2521).
2522,10001252,OBJECTIVE,OBJECTIVES,To determine if inhaled corticosteroid cessation increases acute exacerbation risk in moderate COPD. (Trial registration: NCT010001252).
2523,10001273,METHODS,METHODS,"A multi-center, double-blind, randomized controlled trial enrolled 1,200 adult patients across 45 clinical sites. (Stratified cluster 2523)."
2524,10001937,RESULTS,RESULTS,"No statistically significant difference in serious adverse events was observed between the active drug and placebo arms. (Confidence interval 95%, n=324)."
2525,10001565,BACKGROUND,BACKGROUND,Major depressive disorder is a pervasive mental health condition with substantial socioeconomic burden. (Cohort identifier: 2525).
2526,10001078,OBJECTIVE,OBJECTIVES,The primary aim was to assess the analgesic effectiveness of intravenous dexamethasone versus placebo. (Trial registration: NCT010001078).
2527,10001165,METHODS,METHODS,"A multi-center, double-blind, randomized controlled trial enrolled 1,200 adult patients across 45 clinical sites. (Stratified cluster 2527)."
2528,10001895,RESULTS,RESULTS,"The 12-month relapse rate was significantly lower in the combined therapy arm (18.2% vs 34.6%, HR: 0.48, 9: 0.31-0.75). (Confidence interval 95%, n=2324)."
2529,10001176,BACKGROUND,BACKGROUND,Major depressive disorder is a pervasive mental health condition with substantial socioeconomic burden. (Cohort identifier: 2529).
2530,10001799,OBJECTIVE,OBJECTIVES,This randomized controlled trial aimed to compare low-dose combination therapy against standard monotherapy. (Trial registration: NCT010001799).
2531,10001066,METHODS,METHODS,Participants were randomly allocated (1:1) using computer-generated block randomization to receive drug A or placebo. (Stratified cluster 2531).
2532,10001701,RESULTS,RESULTS,"Semaglutide significantly reduced mean HbA1c by -1.5% compared to -0.8% with sitagliptin (p < 0.001). (Confidence interval 95%, n=430)."
2533,10001580,BACKGROUND,BACKGROUND,Hypertension remains the leading preventable cause of cardiovascular disease and premature death worldwide. (Cohort identifier: 2533).
2534,10001903,OBJECTIVE,OBJECTIVES,To determine if inhaled corticosteroid cessation increases acute exacerbation risk in moderate COPD. (Trial registration: NCT010001903).
2535,10001423,METHODS,METHODS,Primary endpoint was change in mean arterial pressure measured at 12 weeks post-randomization. (Stratified cluster 2535).
2536,10001420,RESULTS,RESULTS,"Mean postoperative pain scores at 24 hours were significantly reduced in the intervention group (2.1 vs 4.8, p = 0.002). (Confidence interval 95%, n=2136)."
2537,10001158,BACKGROUND,BACKGROUND,Hypertension remains the leading preventable cause of cardiovascular disease and premature death worldwide. (Cohort identifier: 2537).
2538,10001914,OBJECTIVE,OBJECTIVES,This randomized controlled trial aimed to compare low-dose combination therapy against standard monotherapy. (Trial registration: NCT010001914).
2539,10001250,METHODS,METHODS,Primary endpoint was change in mean arterial pressure measured at 12 weeks post-randomization. (Stratified cluster 2539).
2540,10001009,RESULTS,RESULTS,"The 12-month relapse rate was significantly lower in the combined therapy arm (18.2% vs 34.6%, HR: 0.48, 9: 0.31-0.75). (Confidence interval 95%, n=417)."
2541,10001253,BACKGROUND,BACKGROUND,Type 2 diabetes mellitus is a major chronic metabolic disorder associated with high cardiovascular mortality. (Cohort identifier: 2541).
2542,10001119,OBJECTIVE,OBJECTIVES,We investigated whether cognitive behavioral therapy reduces relapse rates compared to standard pharmacotherapy. (Trial registration: NCT010001119).
2543,10001546,METHODS,METHODS,Primary endpoint was change in mean arterial pressure measured at 12 weeks post-randomization. (Stratified cluster 2543).
2544,10001840,RESULTS,RESULTS,"Semaglutide significantly reduced mean HbA1c by -1.5% compared to -0.8% with sitagliptin (p < 0.001). (Confidence interval 95%, n=1274)."
2545,10001144,BACKGROUND,BACKGROUND,Postoperative pain management following major orthopedic surgery is critical for early patient mobilization. (Cohort identifier: 2545).
2546,10001312,OBJECTIVE,OBJECTIVES,This randomized controlled trial aimed to compare low-dose combination therapy against standard monotherapy. (Trial registration: NCT010001312).
2547,10001923,METHODS,METHODS,"A multi-center, double-blind, randomized controlled trial enrolled 1,200 adult patients across 45 clinical sites. (Stratified cluster 2547)."
2548,10001620,RESULTS,RESULTS,"Mean postoperative pain scores at 24 hours were significantly reduced in the intervention group (2.1 vs 4.8, p = 0.002). (Confidence interval 95%, n=741)."
2549,10001642,BACKGROUND,BACKGROUND,Hypertension remains the leading preventable cause of cardiovascular disease and premature death worldwide. (Cohort identifier: 2549).
2550,10001256,OBJECTIVE,OBJECTIVES,To determine if inhaled corticosteroid cessation increases acute exacerbation risk in moderate COPD. (Trial registration: NCT010001256).
2551,10001037,METHODS,METHODS,Primary endpoint was change in mean arterial pressure measured at 12 weeks post-randomization. (Stratified cluster 2551).
2552,10001199,RESULTS,RESULTS,"Mean postoperative pain scores at 24 hours were significantly reduced in the intervention group (2.1 vs 4.8, p = 0.002). (Confidence interval 95%, n=1443)."
2553,10001041,BACKGROUND,BACKGROUND,Type 2 diabetes mellitus is a major chronic metabolic disorder associated with high cardiovascular mortality. (Cohort identifier: 2553).
2554,10001174,OBJECTIVE,OBJECTIVES,This randomized controlled trial aimed to compare low-dose combination therapy against standard monotherapy. (Trial registration: NCT010001174).
2555,10001069,METHODS,METHODS,Statistical analyses followed the intention-to-treat principle using mixed-effects linear regression models. (Stratified cluster 2555).
2556,10001709,RESULTS,RESULTS,"Semaglutide significantly reduced mean HbA1c by -1.5% compared to -0.8% with sitagliptin (p < 0.001). (Confidence interval 95%, n=1987)."
2557,10001181,BACKGROUND,BACKGROUND,Hypertension remains the leading preventable cause of cardiovascular disease and premature death worldwide. (Cohort identifier: 2557).
2558,10001199,OBJECTIVE,OBJECTIVES,To determine if inhaled corticosteroid cessation increases acute exacerbation risk in moderate COPD. (Trial registration: NCT010001199).
2559,10001732,METHODS,METHODS,"A multi-center, double-blind, randomized controlled trial enrolled 1,200 adult patients across 45 clinical sites. (Stratified cluster 2559)."
2560,10001043,RESULTS,RESULTS,"The 12-month relapse rate was significantly lower in the combined therapy arm (18.2% vs 34.6%, HR: 0.48, 9: 0.31-0.75). (Confidence interval 95%, n=289)."
2561,10001326,BACKGROUND,BACKGROUND,Chronic obstructive pulmonary disease exacerbations frequently lead to hospital readmission and increased mortality. (Cohort identifier: 2561).
2562,10001509,OBJECTIVE,OBJECTIVES,This randomized controlled trial aimed to compare low-dose combination therapy against standard monotherapy. (Trial registration: NCT010001509).
2563,10001777,METHODS,METHODS,Primary endpoint was change in mean arterial pressure measured at 12 weeks post-randomization. (Stratified cluster 2563).
2564,10001505,RESULTS,RESULTS,"No statistically significant difference in serious adverse events was observed between the active drug and placebo arms. (Confidence interval 95%, n=2008)."
2565,10001138,BACKGROUND,BACKGROUND,Major depressive disorder is a pervasive mental health condition with substantial socioeconomic burden. (Cohort identifier: 2565).
2566,10001742,OBJECTIVE,OBJECTIVES,To evaluate the efficacy and safety of once-weekly semaglutide compared to daily sitagliptin in adults. (Trial registration: NCT010001742).
2567,10001169,METHODS,METHODS,Statistical analyses followed the intention-to-treat principle using mixed-effects linear regression models. (Stratified cluster 2567).
2568,10001166,RESULTS,RESULTS,"The 12-month relapse rate was significantly lower in the combined therapy arm (18.2% vs 34.6%, HR: 0.48, 9: 0.31-0.75). (Confidence interval 95%, n=1173)."
2569,10001798,BACKGROUND,BACKGROUND,Type 2 diabetes mellitus is a major chronic metabolic disorder associated with high cardiovascular mortality. (Cohort identifier: 2569).
2570,10001241,OBJECTIVE,OBJECTIVES,To evaluate the efficacy and safety of once-weekly semaglutide compared to daily sitagliptin in adults. (Trial registration: NCT010001241).
2571,10001283,METHODS,METHODS,"A multi-center, double-blind, randomized controlled trial enrolled 1,200 adult patients across 45 clinical sites. (Stratified cluster 2571)."
2572,10001171,RESULTS,RESULTS,"Mean postoperative pain scores at 24 hours were significantly reduced in the intervention group (2.1 vs 4.8, p = 0.002). (Confidence interval 95%, n=1490)."
2573,10001749,BACKGROUND,BACKGROUND,Major depressive disorder is a pervasive mental health condition with substantial socioeconomic burden. (Cohort identifier: 2573).
2574,10001656,OBJECTIVE,OBJECTIVES,The primary aim was to assess the analgesic effectiveness of intravenous dexamethasone versus placebo. (Trial registration: NCT010001656).
2575,10001626,METHODS,METHODS,Primary endpoint was change in mean arterial pressure measured at 12 weeks post-randomization. (Stratified cluster 2575).
2576,10001494,RESULTS,RESULTS,"The 12-month relapse rate was significantly lower in the combined therapy arm (18.2% vs 34.6%, HR: 0.48, 9: 0.31-0.75). (Confidence interval 95%, n=2321)."
2577,10001496,BACKGROUND,BACKGROUND,Postoperative pain management following major orthopedic surgery is critical for early patient mobilization. (Cohort identifier: 2577).
2578,10001395,OBJECTIVE,OBJECTIVES,To evaluate the efficacy and safety of once-weekly semaglutide compared to daily sitagliptin in adults. (Trial registration: NCT010001395).
2579,10001338,METHODS,METHODS,"A multi-center, double-blind, randomized controlled trial enrolled 1,200 adult patients across 45 clinical sites. (Stratified cluster 2579)."
2580,10001555,RESULTS,RESULTS,"Semaglutide significantly reduced mean HbA1c by -1.5% compared to -0.8% with sitagliptin (p < 0.001). (Confidence interval 95%, n=786)."
2581,10001995,BACKGROUND,BACKGROUND,Major depressive disorder is a pervasive mental health condition with substantial socioeconomic burden. (Cohort identifier: 2581).
2582,10001359,OBJECTIVE,OBJECTIVES,This randomized controlled trial aimed to compare low-dose combination therapy against standard monotherapy. (Trial registration: NCT010001359).
2583,10001912,METHODS,METHODS,Statistical analyses followed the intention-to-treat principle using mixed-effects linear regression models. (Stratified cluster 2583).
2584,10001550,RESULTS,RESULTS,"Mean postoperative pain scores at 24 hours were significantly reduced in the intervention group (2.1 vs 4.8, p = 0.002). (Confidence interval 95%, n=794)."
2585,10001630,BACKGROUND,BACKGROUND,Major depressive disorder is a pervasive mental health condition with substantial socioeconomic burden. (Cohort identifier: 2585).
2586,10001342,OBJECTIVE,OBJECTIVES,We investigated whether cognitive behavioral therapy reduces relapse rates compared to standard pharmacotherapy. (Trial registration: NCT010001342).
2587,10001932,METHODS,METHODS,Primary endpoint was change in mean arterial pressure measured at 12 weeks post-randomization. (Stratified cluster 2587).
2588,10001110,RESULTS,RESULTS,"The 12-month relapse rate was significantly lower in the combined therapy arm (18.2% vs 34.6%, HR: 0.48, 9: 0.31-0.75). (Confidence interval 95%, n=1631)."
2589,10001320,BACKGROUND,BACKGROUND,Hypertension remains the leading preventable cause of cardiovascular disease and premature death worldwide. (Cohort identifier: 2589).
2590,10001750,OBJECTIVE,OBJECTIVES,We investigated whether cognitive behavioral therapy reduces relapse rates compared to standard pharmacotherapy. (Trial registration: NCT010001750).
2591,10001245,METHODS,METHODS,Statistical analyses followed the intention-to-treat principle using mixed-effects linear regression models. (Stratified cluster 2591).
2592,10001155,RESULTS,RESULTS,"Mean postoperative pain scores at 24 hours were significantly reduced in the intervention group (2.1 vs 4.8, p = 0.002). (Confidence interval 95%, n=1641)."
2593,10001250,BACKGROUND,BACKGROUND,Hypertension remains the leading preventable cause of cardiovascular disease and premature death worldwide. (Cohort identifier: 2593).
2594,10001581,OBJECTIVE,OBJECTIVES,This randomized controlled trial aimed to compare low-dose combination therapy against standard monotherapy. (Trial registration: NCT010001581).
2595,10001006,METHODS,METHODS,"A multi-center, double-blind, randomized controlled trial enrolled 1,200 adult patients across 45 clinical sites. (Stratified cluster 2595)."
2596,10001460,RESULTS,RESULTS,"No statistically significant difference in serious adverse events was observed between the active drug and placebo arms. (Confidence interval 95%, n=950)."
2597,10001470,BACKGROUND,BACKGROUND,Postoperative pain management following major orthopedic surgery is critical for early patient mobilization. (Cohort identifier: 2597).
2598,10001092,OBJECTIVE,OBJECTIVES,This randomized controlled trial aimed to compare low-dose combination therapy against standard monotherapy. (Trial registration: NCT010001092).
2599,10001804,METHODS,METHODS,"A multi-center, double-blind, randomized controlled trial enrolled 1,200 adult patients across 45 clinical sites. (Stratified cluster 2599)."
2600,10001361,RESULTS,RESULTS,"The 12-month relapse rate was significantly lower in the combined therapy arm (18.2% vs 34.6%, HR: 0.48, 9: 0.31-0.75). (Confidence interval 95%, n=1229)."
2601,10001217,BACKGROUND,BACKGROUND,Postoperative pain management following major orthopedic surgery is critical for early patient mobilization. (Cohort identifier: 2601).
2602,10001279,OBJECTIVE,OBJECTIVES,The primary aim was to assess the analgesic effectiveness of intravenous dexamethasone versus placebo. (Trial registration: NCT010001279).
2603,10001104,METHODS,METHODS,"A multi-center, double-blind, randomized controlled trial enrolled 1,200 adult patients across 45 clinical sites. (Stratified cluster 2603)."
2604,10001162,RESULTS,RESULTS,"No statistically significant difference in serious adverse events was observed between the active drug and placebo arms. (Confidence interval 95%, n=2158)."
2605,10001076,BACKGROUND,BACKGROUND,Major depressive disorder is a pervasive mental health condition with substantial socioeconomic burden. (Cohort identifier: 2605).
2606,10001825,OBJECTIVE,OBJECTIVES,The primary aim was to assess the analgesic effectiveness of intravenous dexamethasone versus placebo. (Trial registration: NCT010001825).
2607,10001528,METHODS,METHODS,"A multi-center, double-blind, randomized controlled trial enrolled 1,200 adult patients across 45 clinical sites. (Stratified cluster 2607)."
2608,10001169,RESULTS,RESULTS,"No statistically significant difference in serious adverse events was observed between the active drug and placebo arms. (Confidence interval 95%, n=2010)."
2609,10001852,BACKGROUND,BACKGROUND,Postoperative pain management following major orthopedic surgery is critical for early patient mobilization. (Cohort identifier: 2609).
2610,10001377,OBJECTIVE,OBJECTIVES,To evaluate the efficacy and safety of once-weekly semaglutide compared to daily sitagliptin in adults. (Trial registration: NCT010001377).
2611,10001547,METHODS,METHODS,Statistical analyses followed the intention-to-treat principle using mixed-effects linear regression models. (Stratified cluster 2611).
2612,10001833,RESULTS,RESULTS,"Mean postoperative pain scores at 24 hours were significantly reduced in the intervention group (2.1 vs 4.8, p = 0.002). (Confidence interval 95%, n=1167)."
2613,10001091,BACKGROUND,BACKGROUND,Major depressive disorder is a pervasive mental health condition with substantial socioeconomic burden. (Cohort identifier: 2613).
2614,10001178,OBJECTIVE,OBJECTIVES,The primary aim was to assess the analgesic effectiveness of intravenous dexamethasone versus placebo. (Trial registration: NCT010001178).
2615,10001682,METHODS,METHODS,Primary endpoint was change in mean arterial pressure measured at 12 weeks post-randomization. (Stratified cluster 2615).
2616,10001361,RESULTS,RESULTS,"The 12-month relapse rate was significantly lower in the combined therapy arm (18.2% vs 34.6%, HR: 0.48, 9: 0.31-0.75). (Confidence interval 95%, n=935)."
2617,10001354,BACKGROUND,BACKGROUND,Postoperative pain management following major orthopedic surgery is critical for early patient mobilization. (Cohort identifier: 2617).
2618,10001508,OBJECTIVE,OBJECTIVES,To determine if inhaled corticosteroid cessation increases acute exacerbation risk in moderate COPD. (Trial registration: NCT010001508).
2619,10001444,METHODS,METHODS,Primary endpoint was change in mean arterial pressure measured at 12 weeks post-randomization. (Stratified cluster 2619).
2620,10001670,RESULTS,RESULTS,"Semaglutide significantly reduced mean HbA1c by -1.5% compared to -0.8% with sitagliptin (p < 0.001). (Confidence interval 95%, n=2144)."
2621,10001347,BACKGROUND,BACKGROUND,Type 2 diabetes mellitus is a major chronic metabolic disorder associated with high cardiovascular mortality. (Cohort identifier: 2621).
2622,10001137,OBJECTIVE,OBJECTIVES,To evaluate the efficacy and safety of once-weekly semaglutide compared to daily sitagliptin in adults. (Trial registration: NCT010001137).
2623,10001328,METHODS,METHODS,Eligible participants aged 18-75 years with documented HbA1c > 8.0% underwent 24 weeks of active treatment. (Stratified cluster 2623).
2624,10001833,RESULTS,RESULTS,"No statistically significant difference in serious adverse events was observed between the active drug and placebo arms. (Confidence interval 95%, n=1636)."
2625,10001786,BACKGROUND,BACKGROUND,Major depressive disorder is a pervasive mental health condition with substantial socioeconomic burden. (Cohort identifier: 2625).
2626,10001442,OBJECTIVE,OBJECTIVES,To determine if inhaled corticosteroid cessation increases acute exacerbation risk in moderate COPD. (Trial registration: NCT010001442).
2627,10001124,METHODS,METHODS,Eligible participants aged 18-75 years with documented HbA1c > 8.0% underwent 24 weeks of active treatment. (Stratified cluster 2627).
2628,10001378,RESULTS,RESULTS,"Mean postoperative pain scores at 24 hours were significantly reduced in the intervention group (2.1 vs 4.8, p = 0.002). (Confidence interval 95%, n=1597)."
2629,10001584,BACKGROUND,BACKGROUND,Major depressive disorder is a pervasive mental health condition with substantial socioeconomic burden. (Cohort identifier: 2629).
2630,10001981,OBJECTIVE,OBJECTIVES,To determine if inhaled corticosteroid cessation increases acute exacerbation risk in moderate COPD. (Trial registration: NCT010001981).
2631,10001067,METHODS,METHODS,Participants were randomly allocated (1:1) using computer-generated block randomization to receive drug A or placebo. (Stratified cluster 2631).
2632,10001774,RESULTS,RESULTS,"Semaglutide significantly reduced mean HbA1c by -1.5% compared to -0.8% with sitagliptin (p < 0.001). (Confidence interval 95%, n=746)."
2633,10001337,BACKGROUND,BACKGROUND,Chronic obstructive pulmonary disease exacerbations frequently lead to hospital readmission and increased mortality. (Cohort identifier: 2633).
2634,10001034,OBJECTIVE,OBJECTIVES,To determine if inhaled corticosteroid cessation increases acute exacerbation risk in moderate COPD. (Trial registration: NCT010001034).
2635,10001659,METHODS,METHODS,Primary endpoint was change in mean arterial pressure measured at 12 weeks post-randomization. (Stratified cluster 2635).
2636,10001538,RESULTS,RESULTS,"The 12-month relapse rate was significantly lower in the combined therapy arm (18.2% vs 34.6%, HR: 0.48, 9: 0.31-0.75). (Confidence interval 95%, n=1353)."
2637,10001528,BACKGROUND,BACKGROUND,Chronic obstructive pulmonary disease exacerbations frequently lead to hospital readmission and increased mortality. (Cohort identifier: 2637).
2638,10001463,OBJECTIVE,OBJECTIVES,To evaluate the efficacy and safety of once-weekly semaglutide compared to daily sitagliptin in adults. (Trial registration: NCT010001463).
2639,10001115,METHODS,METHODS,Eligible participants aged 18-75 years with documented HbA1c > 8.0% underwent 24 weeks of active treatment. (Stratified cluster 2639).
2640,10001173,RESULTS,RESULTS,"No statistically significant difference in serious adverse events was observed between the active drug and placebo arms. (Confidence interval 95%, n=1144)."
2641,10001842,BACKGROUND,BACKGROUND,Hypertension remains the leading preventable cause of cardiovascular disease and premature death worldwide. (Cohort identifier: 2641).
2642,10001174,OBJECTIVE,OBJECTIVES,We investigated whether cognitive behavioral therapy reduces relapse rates compared to standard pharmacotherapy. (Trial registration: NCT010001174).
2643,10001249,METHODS,METHODS,"A multi-center, double-blind, randomized controlled trial enrolled 1,200 adult patients across 45 clinical sites. (Stratified cluster 2643)."
2644,10001302,RESULTS,RESULTS,"Semaglutide significantly reduced mean HbA1c by -1.5% compared to -0.8% with sitagliptin (p < 0.001). (Confidence interval 95%, n=999)."
2645,10001536,BACKGROUND,BACKGROUND,Chronic obstructive pulmonary disease exacerbations frequently lead to hospital readmission and increased mortality. (Cohort identifier: 2645).
2646,10001588,OBJECTIVE,OBJECTIVES,This randomized controlled trial aimed to compare low-dose combination therapy against standard monotherapy. (Trial registration: NCT010001588).
2647,10001663,METHODS,METHODS,Statistical analyses followed the intention-to-treat principle using mixed-effects linear regression models. (Stratified cluster 2647).
2648,10001590,RESULTS,RESULTS,"Mean postoperative pain scores at 24 hours were significantly reduced in the intervention group (2.1 vs 4.8, p = 0.002). (Confidence interval 95%, n=1005)."
2649,10001421,BACKGROUND,BACKGROUND,Hypertension remains the leading preventable cause of cardiovascular disease and premature death worldwide. (Cohort identifier: 2649).
2650,10001079,OBJECTIVE,OBJECTIVES,We investigated whether cognitive behavioral therapy reduces relapse rates compared to standard pharmacotherapy. (Trial registration: NCT010001079).
2651,10001870,METHODS,METHODS,Primary endpoint was change in mean arterial pressure measured at 12 weeks post-randomization. (Stratified cluster 2651).
2652,10001399,RESULTS,RESULTS,"Combination therapy achieved target blood pressure control in 78.4% of patients compared to 54.2% in the monotherapy group. (Confidence interval 95%, n=807)."
2653,10001696,BACKGROUND,BACKGROUND,Type 2 diabetes mellitus is a major chronic metabolic disorder associated with high cardiovascular mortality. (Cohort identifier: 2653).
2654,10001518,OBJECTIVE,OBJECTIVES,This randomized controlled trial aimed to compare low-dose combination therapy against standard monotherapy. (Trial registration: NCT010001518).
2655,10001829,METHODS,METHODS,Eligible participants aged 18-75 years with documented HbA1c > 8.0% underwent 24 weeks of active treatment. (Stratified cluster 2655).
2656,10001141,RESULTS,RESULTS,"Mean postoperative pain scores at 24 hours were significantly reduced in the intervention group (2.1 vs 4.8, p = 0.002). (Confidence interval 95%, n=475)."
2657,10001999,BACKGROUND,BACKGROUND,Hypertension remains the leading preventable cause of cardiovascular disease and premature death worldwide. (Cohort identifier: 2657).
2658,10001134,OBJECTIVE,OBJECTIVES,The primary aim was to assess the analgesic effectiveness of intravenous dexamethasone versus placebo. (Trial registration: NCT010001134).
2659,10001113,METHODS,METHODS,Eligible participants aged 18-75 years with documented HbA1c > 8.0% underwent 24 weeks of active treatment. (Stratified cluster 2659).
2660,10001817,RESULTS,RESULTS,"Semaglutide significantly reduced mean HbA1c by -1.5% compared to -0.8% with sitagliptin (p < 0.001). (Confidence interval 95%, n=888)."
2661,10001776,BACKGROUND,BACKGROUND,Type 2 diabetes mellitus is a major chronic metabolic disorder associated with high cardiovascular mortality. (Cohort identifier: 2661).
2662,10001853,OBJECTIVE,OBJECTIVES,To determine if inhaled corticosteroid cessation increases acute exacerbation risk in moderate COPD. (Trial registration: NCT010001853).
2663,10001618,METHODS,METHODS,Participants were randomly allocated (1:1) using computer-generated block randomization to receive drug A or placebo. (Stratified cluster 2663).
2664,10001067,RESULTS,RESULTS,"The 12-month relapse rate was significantly lower in the combined therapy arm (18.2% vs 34.6%, HR: 0.48, 9: 0.31-0.75). (Confidence interval 95%, n=988)."
2665,10001154,BACKGROUND,BACKGROUND,Type 2 diabetes mellitus is a major chronic metabolic disorder associated with high cardiovascular mortality. (Cohort identifier: 2665).
2666,10001448,OBJECTIVE,OBJECTIVES,We investigated whether cognitive behavioral therapy reduces relapse rates compared to standard pharmacotherapy. (Trial registration: NCT010001448).
2667,10001728,METHODS,METHODS,"A multi-center, double-blind, randomized controlled trial enrolled 1,200 adult patients across 45 clinical sites. (Stratified cluster 2667)."
2668,10001488,RESULTS,RESULTS,"Combination therapy achieved target blood pressure control in 78.4% of patients compared to 54.2% in the monotherapy group. (Confidence interval 95%, n=2230)."
2669,10001048,BACKGROUND,BACKGROUND,Major depressive disorder is a pervasive mental health condition with substantial socioeconomic burden. (Cohort identifier: 2669).
2670,10001806,OBJECTIVE,OBJECTIVES,We investigated whether cognitive behavioral therapy reduces relapse rates compared to standard pharmacotherapy. (Trial registration: NCT010001806).
2671,10001734,METHODS,METHODS,Statistical analyses followed the intention-to-treat principle using mixed-effects linear regression models. (Stratified cluster 2671).
2672,10001371,RESULTS,RESULTS,"Semaglutide significantly reduced mean HbA1c by -1.5% compared to -0.8% with sitagliptin (p < 0.001). (Confidence interval 95%, n=806)."
2673,10001809,BACKGROUND,BACKGROUND,Hypertension remains the leading preventable cause of cardiovascular disease and premature death worldwide. (Cohort identifier: 2673).
2674,10001725,OBJECTIVE,OBJECTIVES,This randomized controlled trial aimed to compare low-dose combination therapy against standard monotherapy. (Trial registration: NCT010001725).
2675,10001942,METHODS,METHODS,Participants were randomly allocated (1:1) using computer-generated block randomization to receive drug A or placebo. (Stratified cluster 2675).
2676,10001610,RESULTS,RESULTS,"Semaglutide significantly reduced mean HbA1c by -1.5% compared to -0.8% with sitagliptin (p < 0.001). (Confidence interval 95%, n=213)."
2677,10001504,BACKGROUND,BACKGROUND,Chronic obstructive pulmonary disease exacerbations frequently lead to hospital readmission and increased mortality. (Cohort identifier: 2677).
2678,10001840,OBJECTIVE,OBJECTIVES,To evaluate the efficacy and safety of once-weekly semaglutide compared to daily sitagliptin in adults. (Trial registration: NCT010001840).
2679,10001525,METHODS,METHODS,Eligible participants aged 18-75 years with documented HbA1c > 8.0% underwent 24 weeks of active treatment. (Stratified cluster 2679).
2680,10001109,RESULTS,RESULTS,"No statistically significant difference in serious adverse events was observed between the active drug and placebo arms. (Confidence interval 95%, n=567)."
2681,10001151,BACKGROUND,BACKGROUND,Chronic obstructive pulmonary disease exacerbations frequently lead to hospital readmission and increased mortality. (Cohort identifier: 2681).
2682,10001107,OBJECTIVE,OBJECTIVES,The primary aim was to assess the analgesic effectiveness of intravenous dexamethasone versus placebo. (Trial registration: NCT010001107).
2683,10001007,METHODS,METHODS,Primary endpoint was change in mean arterial pressure measured at 12 weeks post-randomization. (Stratified cluster 2683).
2684,10001200,RESULTS,RESULTS,"Mean postoperative pain scores at 24 hours were significantly reduced in the intervention group (2.1 vs 4.8, p = 0.002). (Confidence interval 95%, n=810)."
2685,10001844,BACKGROUND,BACKGROUND,Type 2 diabetes mellitus is a major chronic metabolic disorder associated with high cardiovascular mortality. (Cohort identifier: 2685).
2686,10001144,OBJECTIVE,OBJECTIVES,This randomized controlled trial aimed to compare low-dose combination therapy against standard monotherapy. (Trial registration: NCT010001144).
2687,10001387,METHODS,METHODS,Eligible participants aged 18-75 years with documented HbA1c > 8.0% underwent 24 weeks of active treatment. (Stratified cluster 2687).
2688,10001722,RESULTS,RESULTS,"Combination therapy achieved target blood pressure control in 78.4% of patients compared to 54.2% in the monotherapy group. (Confidence interval 95%, n=1563)."
2689,10001940,BACKGROUND,BACKGROUND,Type 2 diabetes mellitus is a major chronic metabolic disorder associated with high cardiovascular mortality. (Cohort identifier: 2689).
2690,10001128,OBJECTIVE,OBJECTIVES,This randomized controlled trial aimed to compare low-dose combination therapy against standard monotherapy. (Trial registration: NCT010001128).
2691,10001827,METHODS,METHODS,Primary endpoint was change in mean arterial pressure measured at 12 weeks post-randomization. (Stratified cluster 2691).
2692,10001180,RESULTS,RESULTS,"Combination therapy achieved target blood pressure control in 78.4% of patients compared to 54.2% in the monotherapy group. (Confidence interval 95%, n=958)."
2693,10001250,BACKGROUND,BACKGROUND,Type 2 diabetes mellitus is a major chronic metabolic disorder associated with high cardiovascular mortality. (Cohort identifier: 2693).
2694,10001037,OBJECTIVE,OBJECTIVES,To determine if inhaled corticosteroid cessation increases acute exacerbation risk in moderate COPD. (Trial registration: NCT010001037).
2695,10001475,METHODS,METHODS,Participants were randomly allocated (1:1) using computer-generated block randomization to receive drug A or placebo. (Stratified cluster 2695).
2696,10001549,RESULTS,RESULTS,"No statistically significant difference in serious adverse events was observed between the active drug and placebo arms. (Confidence interval 95%, n=587)."
2697,10001236,BACKGROUND,BACKGROUND,Type 2 diabetes mellitus is a major chronic metabolic disorder associated with high cardiovascular mortality. (Cohort identifier: 2697).
2698,10001175,OBJECTIVE,OBJECTIVES,This randomized controlled trial aimed to compare low-dose combination therapy against standard monotherapy. (Trial registration: NCT010001175).
2699,10001997,METHODS,METHODS,Primary endpoint was change in mean arterial pressure measured at 12 weeks post-randomization. (Stratified cluster 2699).
2700,10001397,RESULTS,RESULTS,"Mean postoperative pain scores at 24 hours were significantly reduced in the intervention group (2.1 vs 4.8, p = 0.002). (Confidence interval 95%, n=310)."
2701,10001182,BACKGROUND,BACKGROUND,Major depressive disorder is a pervasive mental health condition with substantial socioeconomic burden. (Cohort identifier: 2701).
2702,10001181,OBJECTIVE,OBJECTIVES,We investigated whether cognitive behavioral therapy reduces relapse rates compared to standard pharmacotherapy. (Trial registration: NCT010001181).
2703,10001503,METHODS,METHODS,Eligible participants aged 18-75 years with documented HbA1c > 8.0% underwent 24 weeks of active treatment. (Stratified cluster 2703).
2704,10001975,RESULTS,RESULTS,"Mean postoperative pain scores at 24 hours were significantly reduced in the intervention group (2.1 vs 4.8, p = 0.002). (Confidence interval 95%, n=2442)."
2705,10001282,BACKGROUND,BACKGROUND,Major depressive disorder is a pervasive mental health condition with substantial socioeconomic burden. (Cohort identifier: 2705).
2706,10001985,OBJECTIVE,OBJECTIVES,We investigated whether cognitive behavioral therapy reduces relapse rates compared to standard pharmacotherapy. (Trial registration: NCT010001985).
2707,10001163,METHODS,METHODS,Statistical analyses followed the intention-to-treat principle using mixed-effects linear regression models. (Stratified cluster 2707).
2708,10001299,RESULTS,RESULTS,"Combination therapy achieved target blood pressure control in 78.4% of patients compared to 54.2% in the monotherapy group. (Confidence interval 95%, n=665)."
2709,10001663,BACKGROUND,BACKGROUND,Major depressive disorder is a pervasive mental health condition with substantial socioeconomic burden. (Cohort identifier: 2709).
2710,10001339,OBJECTIVE,OBJECTIVES,We investigated whether cognitive behavioral therapy reduces relapse rates compared to standard pharmacotherapy. (Trial registration: NCT010001339).
2711,10001952,METHODS,METHODS,"A multi-center, double-blind, randomized controlled trial enrolled 1,200 adult patients across 45 clinical sites. (Stratified cluster 2711)."
2712,10001626,RESULTS,RESULTS,"Combination therapy achieved target blood pressure control in 78.4% of patients compared to 54.2% in the monotherapy group. (Confidence interval 95%, n=1224)."
2713,10001276,BACKGROUND,BACKGROUND,Hypertension remains the leading preventable cause of cardiovascular disease and premature death worldwide. (Cohort identifier: 2713).
2714,10001930,OBJECTIVE,OBJECTIVES,The primary aim was to assess the analgesic effectiveness of intravenous dexamethasone versus placebo. (Trial registration: NCT010001930).
2715,10001912,METHODS,METHODS,Participants were randomly allocated (1:1) using computer-generated block randomization to receive drug A or placebo. (Stratified cluster 2715).
2716,10001090,RESULTS,RESULTS,"Semaglutide significantly reduced mean HbA1c by -1.5% compared to -0.8% with sitagliptin (p < 0.001). (Confidence interval 95%, n=1336)."
2717,10001559,BACKGROUND,BACKGROUND,Major depressive disorder is a pervasive mental health condition with substantial socioeconomic burden. (Cohort identifier: 2717).
2718,10001961,OBJECTIVE,OBJECTIVES,To determine if inhaled corticosteroid cessation increases acute exacerbation risk in moderate COPD. (Trial registration: NCT010001961).
2719,10001388,METHODS,METHODS,Statistical analyses followed the intention-to-treat principle using mixed-effects linear regression models. (Stratified cluster 2719).
2720,10001562,RESULTS,RESULTS,"The 12-month relapse rate was significantly lower in the combined therapy arm (18.2% vs 34.6%, HR: 0.48, 9: 0.31-0.75). (Confidence interval 95%, n=260)."
2721,10001579,BACKGROUND,BACKGROUND,Major depressive disorder is a pervasive mental health condition with substantial socioeconomic burden. (Cohort identifier: 2721).
2722,10001545,OBJECTIVE,OBJECTIVES,We investigated whether cognitive behavioral therapy reduces relapse rates compared to standard pharmacotherapy. (Trial registration: NCT010001545).
2723,10001199,METHODS,METHODS,Participants were randomly allocated (1:1) using computer-generated block randomization to receive drug A or placebo. (Stratified cluster 2723).
2724,10001029,RESULTS,RESULTS,"Combination therapy achieved target blood pressure control in 78.4% of patients compared to 54.2% in the monotherapy group. (Confidence interval 95%, n=1763)."
2725,10001503,BACKGROUND,BACKGROUND,Major depressive disorder is a pervasive mental health condition with substantial socioeconomic burden. (Cohort identifier: 2725).
2726,10001014,OBJECTIVE,OBJECTIVES,We investigated whether cognitive behavioral therapy reduces relapse rates compared to standard pharmacotherapy. (Trial registration: NCT010001014).
2727,10001322,METHODS,METHODS,Statistical analyses followed the intention-to-treat principle using mixed-effects linear regression models. (Stratified cluster 2727).
2728,10001357,RESULTS,RESULTS,"Semaglutide significantly reduced mean HbA1c by -1.5% compared to -0.8% with sitagliptin (p < 0.001). (Confidence interval 95%, n=2376)."
2729,10001713,BACKGROUND,BACKGROUND,Type 2 diabetes mellitus is a major chronic metabolic disorder associated with high cardiovascular mortality. (Cohort identifier: 2729).
2730,10001640,OBJECTIVE,OBJECTIVES,The primary aim was to assess the analgesic effectiveness of intravenous dexamethasone versus placebo. (Trial registration: NCT010001640).
2731,10001381,METHODS,METHODS,Statistical analyses followed the intention-to-treat principle using mixed-effects linear regression models. (Stratified cluster 2731).
2732,10001095,RESULTS,RESULTS,"Mean postoperative pain scores at 24 hours were significantly reduced in the intervention group (2.1 vs 4.8, p = 0.002). (Confidence interval 95%, n=1526)."
2733,10001971,BACKGROUND,BACKGROUND,Postoperative pain management following major orthopedic surgery is critical for early patient mobilization. (Cohort identifier: 2733).
2734,10001596,OBJECTIVE,OBJECTIVES,The primary aim was to assess the analgesic effectiveness of intravenous dexamethasone versus placebo. (Trial registration: NCT010001596).
2735,10001572,METHODS,METHODS,Statistical analyses followed the intention-to-treat principle using mixed-effects linear regression models. (Stratified cluster 2735).
2736,10001327,RESULTS,RESULTS,"Mean postoperative pain scores at 24 hours were significantly reduced in the intervention group (2.1 vs 4.8, p = 0.002). (Confidence interval 95%, n=1033)."
2737,10001617,BACKGROUND,BACKGROUND,Type 2 diabetes mellitus is a major chronic metabolic disorder associated with high cardiovascular mortality. (Cohort identifier: 2737).
2738,10001906,OBJECTIVE,OBJECTIVES,To evaluate the efficacy and safety of once-weekly semaglutide compared to daily sitagliptin in adults. (Trial registration: NCT010001906).
2739,10001169,METHODS,METHODS,Primary endpoint was change in mean arterial pressure measured at 12 weeks post-randomization. (Stratified cluster 2739).
2740,10001337,RESULTS,RESULTS,"No statistically significant difference in serious adverse events was observed between the active drug and placebo arms. (Confidence interval 95%, n=1701)."
2741,10001433,BACKGROUND,BACKGROUND,Type 2 diabetes mellitus is a major chronic metabolic disorder associated with high cardiovascular mortality. (Cohort identifier: 2741).
2742,10001844,OBJECTIVE,OBJECTIVES,The primary aim was to assess the analgesic effectiveness of intravenous dexamethasone versus placebo. (Trial registration: NCT010001844).
2743,10001082,METHODS,METHODS,Participants were randomly allocated (1:1) using computer-generated block randomization to receive drug A or placebo. (Stratified cluster 2743).
2744,10001847,RESULTS,RESULTS,"Mean postoperative pain scores at 24 hours were significantly reduced in the intervention group (2.1 vs 4.8, p = 0.002). (Confidence interval 95%, n=1203)."
2745,10001692,BACKGROUND,BACKGROUND,Chronic obstructive pulmonary disease exacerbations frequently lead to hospital readmission and increased mortality. (Cohort identifier: 2745).
2746,10001507,OBJECTIVE,OBJECTIVES,The primary aim was to assess the analgesic effectiveness of intravenous dexamethasone versus placebo. (Trial registration: NCT010001507).
2747,10001187,METHODS,METHODS,Primary endpoint was change in mean arterial pressure measured at 12 weeks post-randomization. (Stratified cluster 2747).
2748,10001331,RESULTS,RESULTS,"The 12-month relapse rate was significantly lower in the combined therapy arm (18.2% vs 34.6%, HR: 0.48, 9: 0.31-0.75). (Confidence interval 95%, n=1010)."
2749,10001703,BACKGROUND,BACKGROUND,Major depressive disorder is a pervasive mental health condition with substantial socioeconomic burden. (Cohort identifier: 2749).
2750,10001613,OBJECTIVE,OBJECTIVES,To evaluate the efficacy and safety of once-weekly semaglutide compared to daily sitagliptin in adults. (Trial registration: NCT010001613).
2751,10001790,METHODS,METHODS,Statistical analyses followed the intention-to-treat principle using mixed-effects linear regression models. (Stratified cluster 2751).
2752,10001328,RESULTS,RESULTS,"The 12-month relapse rate was significantly lower in the combined therapy arm (18.2% vs 34.6%, HR: 0.48, 9: 0.31-0.75). (Confidence interval 95%, n=2049)."
2753,10001125,BACKGROUND,BACKGROUND,Chronic obstructive pulmonary disease exacerbations frequently lead to hospital readmission and increased mortality. (Cohort identifier: 2753).
2754,10001268,OBJECTIVE,OBJECTIVES,We investigated whether cognitive behavioral therapy reduces relapse rates compared to standard pharmacotherapy. (Trial registration: NCT010001268).
2755,10001917,METHODS,METHODS,Statistical analyses followed the intention-to-treat principle using mixed-effects linear regression models. (Stratified cluster 2755).
2756,10001349,RESULTS,RESULTS,"Semaglutide significantly reduced mean HbA1c by -1.5% compared to -0.8% with sitagliptin (p < 0.001). (Confidence interval 95%, n=1623)."
2757,10001329,BACKGROUND,BACKGROUND,Major depressive disorder is a pervasive mental health condition with substantial socioeconomic burden. (Cohort identifier: 2757).
2758,10001099,OBJECTIVE,OBJECTIVES,To evaluate the efficacy and safety of once-weekly semaglutide compared to daily sitagliptin in adults. (Trial registration: NCT010001099).
2759,10001443,METHODS,METHODS,"A multi-center, double-blind, randomized controlled trial enrolled 1,200 adult patients across 45 clinical sites. (Stratified cluster 2759)."
2760,10001781,RESULTS,RESULTS,"No statistically significant difference in serious adverse events was observed between the active drug and placebo arms. (Confidence interval 95%, n=441)."
2761,10001470,BACKGROUND,BACKGROUND,Postoperative pain management following major orthopedic surgery is critical for early patient mobilization. (Cohort identifier: 2761).
2762,10001816,OBJECTIVE,OBJECTIVES,We investigated whether cognitive behavioral therapy reduces relapse rates compared to standard pharmacotherapy. (Trial registration: NCT010001816).
2763,10001917,METHODS,METHODS,"A multi-center, double-blind, randomized controlled trial enrolled 1,200 adult patients across 45 clinical sites. (Stratified cluster 2763)."
2764,10001633,RESULTS,RESULTS,"No statistically significant difference in serious adverse events was observed between the active drug and placebo arms. (Confidence interval 95%, n=1047)."
2765,10001874,BACKGROUND,BACKGROUND,Chronic obstructive pulmonary disease exacerbations frequently lead to hospital readmission and increased mortality. (Cohort identifier: 2765).
2766,10001436,OBJECTIVE,OBJECTIVES,This randomized controlled trial aimed to compare low-dose combination therapy against standard monotherapy. (Trial registration: NCT010001436).
2767,10001998,METHODS,METHODS,"A multi-center, double-blind, randomized controlled trial enrolled 1,200 adult patients across 45 clinical sites. (Stratified cluster 2767)."
2768,10001945,RESULTS,RESULTS,"Combination therapy achieved target blood pressure control in 78.4% of patients compared to 54.2% in the monotherapy group. (Confidence interval 95%, n=1280)."
2769,10001269,BACKGROUND,BACKGROUND,Postoperative pain management following major orthopedic surgery is critical for early patient mobilization. (Cohort identifier: 2769).
2770,10001318,OBJECTIVE,OBJECTIVES,This randomized controlled trial aimed to compare low-dose combination therapy against standard monotherapy. (Trial registration: NCT010001318).
2771,10001592,METHODS,METHODS,Eligible participants aged 18-75 years with documented HbA1c > 8.0% underwent 24 weeks of active treatment. (Stratified cluster 2771).
2772,10001427,RESULTS,RESULTS,"The 12-month relapse rate was significantly lower in the combined therapy arm (18.2% vs 34.6%, HR: 0.48, 9: 0.31-0.75). (Confidence interval 95%, n=155)."
2773,10001973,BACKGROUND,BACKGROUND,Hypertension remains the leading preventable cause of cardiovascular disease and premature death worldwide. (Cohort identifier: 2773).
2774,10001178,OBJECTIVE,OBJECTIVES,This randomized controlled trial aimed to compare low-dose combination therapy against standard monotherapy. (Trial registration: NCT010001178).
2775,10001479,METHODS,METHODS,Primary endpoint was change in mean arterial pressure measured at 12 weeks post-randomization. (Stratified cluster 2775).
2776,10001200,RESULTS,RESULTS,"No statistically significant difference in serious adverse events was observed between the active drug and placebo arms. (Confidence interval 95%, n=2317)."
2777,10001951,BACKGROUND,BACKGROUND,Major depressive disorder is a pervasive mental health condition with substantial socioeconomic burden. (Cohort identifier: 2777).
2778,10001114,OBJECTIVE,OBJECTIVES,The primary aim was to assess the analgesic effectiveness of intravenous dexamethasone versus placebo. (Trial registration: NCT010001114).
2779,10001367,METHODS,METHODS,Participants were randomly allocated (1:1) using computer-generated block randomization to receive drug A or placebo. (Stratified cluster 2779).
2780,10001824,RESULTS,RESULTS,"Semaglutide significantly reduced mean HbA1c by -1.5% compared to -0.8% with sitagliptin (p < 0.001). (Confidence interval 95%, n=2363)."
2781,10001887,BACKGROUND,BACKGROUND,Postoperative pain management following major orthopedic surgery is critical for early patient mobilization. (Cohort identifier: 2781).
2782,10001659,OBJECTIVE,OBJECTIVES,We investigated whether cognitive behavioral therapy reduces relapse rates compared to standard pharmacotherapy. (Trial registration: NCT010001659).
2783,10001227,METHODS,METHODS,"A multi-center, double-blind, randomized controlled trial enrolled 1,200 adult patients across 45 clinical sites. (Stratified cluster 2783)."
2784,10001329,RESULTS,RESULTS,"The 12-month relapse rate was significantly lower in the combined therapy arm (18.2% vs 34.6%, HR: 0.48, 9: 0.31-0.75). (Confidence interval 95%, n=2113)."
2785,10001855,BACKGROUND,BACKGROUND,Type 2 diabetes mellitus is a major chronic metabolic disorder associated with high cardiovascular mortality. (Cohort identifier: 2785).
2786,10001702,OBJECTIVE,OBJECTIVES,To determine if inhaled corticosteroid cessation increases acute exacerbation risk in moderate COPD. (Trial registration: NCT010001702).
2787,10001381,METHODS,METHODS,Participants were randomly allocated (1:1) using computer-generated block randomization to receive drug A or placebo. (Stratified cluster 2787).
2788,10001574,RESULTS,RESULTS,"No statistically significant difference in serious adverse events was observed between the active drug and placebo arms. (Confidence interval 95%, n=2383)."
2789,10001289,BACKGROUND,BACKGROUND,Chronic obstructive pulmonary disease exacerbations frequently lead to hospital readmission and increased mortality. (Cohort identifier: 2789).
2790,10001117,OBJECTIVE,OBJECTIVES,We investigated whether cognitive behavioral therapy reduces relapse rates compared to standard pharmacotherapy. (Trial registration: NCT010001117).
2791,10001163,METHODS,METHODS,Primary endpoint was change in mean arterial pressure measured at 12 weeks post-randomization. (Stratified cluster 2791).
2792,10001770,RESULTS,RESULTS,"No statistically significant difference in serious adverse events was observed between the active drug and placebo arms. (Confidence interval 95%, n=293)."
2793,10001481,BACKGROUND,BACKGROUND,Hypertension remains the leading preventable cause of cardiovascular disease and premature death worldwide. (Cohort identifier: 2793).
2794,10001197,OBJECTIVE,OBJECTIVES,The primary aim was to assess the analgesic effectiveness of intravenous dexamethasone versus placebo. (Trial registration: NCT010001197).
2795,10001091,METHODS,METHODS,"A multi-center, double-blind, randomized controlled trial enrolled 1,200 adult patients across 45 clinical sites. (Stratified cluster 2795)."
2796,10001433,RESULTS,RESULTS,"No statistically significant difference in serious adverse events was observed between the active drug and placebo arms. (Confidence interval 95%, n=2270)."
2797,10001138,BACKGROUND,BACKGROUND,Hypertension remains the leading preventable cause of cardiovascular disease and premature death worldwide. (Cohort identifier: 2797).
2798,10001149,OBJECTIVE,OBJECTIVES,To determine if inhaled corticosteroid cessation increases acute exacerbation risk in moderate COPD. (Trial registration: NCT010001149).
2799,10001912,METHODS,METHODS,Eligible participants aged 18-75 years with documented HbA1c > 8.0% underwent 24 weeks of active treatment. (Stratified cluster 2799).
2800,10001908,RESULTS,RESULTS,"Combination therapy achieved target blood pressure control in 78.4% of patients compared to 54.2% in the monotherapy group. (Confidence interval 95%, n=494)."
2801,10001148,BACKGROUND,BACKGROUND,Chronic obstructive pulmonary disease exacerbations frequently lead to hospital readmission and increased mortality. (Cohort identifier: 2801).
2802,10001002,OBJECTIVE,OBJECTIVES,To evaluate the efficacy and safety of once-weekly semaglutide compared to daily sitagliptin in adults. (Trial registration: NCT010001002).
2803,10001673,METHODS,METHODS,Statistical analyses followed the intention-to-treat principle using mixed-effects linear regression models. (Stratified cluster 2803).
2804,10001203,RESULTS,RESULTS,"Semaglutide significantly reduced mean HbA1c by -1.5% compared to -0.8% with sitagliptin (p < 0.001). (Confidence interval 95%, n=2163)."
2805,10001573,BACKGROUND,BACKGROUND,Chronic obstructive pulmonary disease exacerbations frequently lead to hospital readmission and increased mortality. (Cohort identifier: 2805).
2806,10001309,OBJECTIVE,OBJECTIVES,To determine if inhaled corticosteroid cessation increases acute exacerbation risk in moderate COPD. (Trial registration: NCT010001309).
2807,10001195,METHODS,METHODS,Participants were randomly allocated (1:1) using computer-generated block randomization to receive drug A or placebo. (Stratified cluster 2807).
2808,10001930,RESULTS,RESULTS,"No statistically significant difference in serious adverse events was observed between the active drug and placebo arms. (Confidence interval 95%, n=416)."
2809,10001220,BACKGROUND,BACKGROUND,Major depressive disorder is a pervasive mental health condition with substantial socioeconomic burden. (Cohort identifier: 2809).
2810,10001963,OBJECTIVE,OBJECTIVES,We investigated whether cognitive behavioral therapy reduces relapse rates compared to standard pharmacotherapy. (Trial registration: NCT010001963).
2811,10001688,METHODS,METHODS,"A multi-center, double-blind, randomized controlled trial enrolled 1,200 adult patients across 45 clinical sites. (Stratified cluster 2811)."
2812,10001010,RESULTS,RESULTS,"No statistically significant difference in serious adverse events was observed between the active drug and placebo arms. (Confidence interval 95%, n=835)."
2813,10001628,BACKGROUND,BACKGROUND,Major depressive disorder is a pervasive mental health condition with substantial socioeconomic burden. (Cohort identifier: 2813).
2814,10001248,OBJECTIVE,OBJECTIVES,We investigated whether cognitive behavioral therapy reduces relapse rates compared to standard pharmacotherapy. (Trial registration: NCT010001248).
2815,10001083,METHODS,METHODS,"A multi-center, double-blind, randomized controlled trial enrolled 1,200 adult patients across 45 clinical sites. (Stratified cluster 2815)."
2816,10001617,RESULTS,RESULTS,"Mean postoperative pain scores at 24 hours were significantly reduced in the intervention group (2.1 vs 4.8, p = 0.002). (Confidence interval 95%, n=1374)."
2817,10001022,BACKGROUND,BACKGROUND,Chronic obstructive pulmonary disease exacerbations frequently lead to hospital readmission and increased mortality. (Cohort identifier: 2817).
2818,10001939,OBJECTIVE,OBJECTIVES,The primary aim was to assess the analgesic effectiveness of intravenous dexamethasone versus placebo. (Trial registration: NCT010001939).
2819,10001049,METHODS,METHODS,Participants were randomly allocated (1:1) using computer-generated block randomization to receive drug A or placebo. (Stratified cluster 2819).
2820,10001556,RESULTS,RESULTS,"No statistically significant difference in serious adverse events was observed between the active drug and placebo arms. (Confidence interval 95%, n=1796)."
2821,10001144,BACKGROUND,BACKGROUND,Major depressive disorder is a pervasive mental health condition with substantial socioeconomic burden. (Cohort identifier: 2821).
2822,10001649,OBJECTIVE,OBJECTIVES,This randomized controlled trial aimed to compare low-dose combination therapy against standard monotherapy. (Trial registration: NCT010001649).
2823,10001663,METHODS,METHODS,Statistical analyses followed the intention-to-treat principle using mixed-effects linear regression models. (Stratified cluster 2823).
2824,10001202,RESULTS,RESULTS,"The 12-month relapse rate was significantly lower in the combined therapy arm (18.2% vs 34.6%, HR: 0.48, 9: 0.31-0.75). (Confidence interval 95%, n=276)."
2825,10001551,BACKGROUND,BACKGROUND,Chronic obstructive pulmonary disease exacerbations frequently lead to hospital readmission and increased mortality. (Cohort identifier: 2825).
2826,10001553,OBJECTIVE,OBJECTIVES,To determine if inhaled corticosteroid cessation increases acute exacerbation risk in moderate COPD. (Trial registration: NCT010001553).
2827,10001291,METHODS,METHODS,Statistical analyses followed the intention-to-treat principle using mixed-effects linear regression models. (Stratified cluster 2827).
2828,10001632,RESULTS,RESULTS,"Semaglutide significantly reduced mean HbA1c by -1.5% compared to -0.8% with sitagliptin (p < 0.001). (Confidence interval 95%, n=992)."
2829,10001495,BACKGROUND,BACKGROUND,Chronic obstructive pulmonary disease exacerbations frequently lead to hospital readmission and increased mortality. (Cohort identifier: 2829).
2830,10001585,OBJECTIVE,OBJECTIVES,The primary aim was to assess the analgesic effectiveness of intravenous dexamethasone versus placebo. (Trial registration: NCT010001585).
2831,10001059,METHODS,METHODS,Statistical analyses followed the intention-to-treat principle using mixed-effects linear regression models. (Stratified cluster 2831).
2832,10001018,RESULTS,RESULTS,"Semaglutide significantly reduced mean HbA1c by -1.5% compared to -0.8% with sitagliptin (p < 0.001). (Confidence interval 95%, n=713)."
2833,10001600,BACKGROUND,BACKGROUND,Major depressive disorder is a pervasive mental health condition with substantial socioeconomic burden. (Cohort identifier: 2833).
2834,10001598,OBJECTIVE,OBJECTIVES,The primary aim was to assess the analgesic effectiveness of intravenous dexamethasone versus placebo. (Trial registration: NCT010001598).
2835,10001837,METHODS,METHODS,Primary endpoint was change in mean arterial pressure measured at 12 weeks post-randomization. (Stratified cluster 2835).
2836,10001085,RESULTS,RESULTS,"No statistically significant difference in serious adverse events was observed between the active drug and placebo arms. (Confidence interval 95%, n=2013)."
2837,10001283,BACKGROUND,BACKGROUND,Major depressive disorder is a pervasive mental health condition with substantial socioeconomic burden. (Cohort identifier: 2837).
2838,10001112,OBJECTIVE,OBJECTIVES,We investigated whether cognitive behavioral therapy reduces relapse rates compared to standard pharmacotherapy. (Trial registration: NCT010001112).
2839,10001091,METHODS,METHODS,Primary endpoint was change in mean arterial pressure measured at 12 weeks post-randomization. (Stratified cluster 2839).
2840,10001784,RESULTS,RESULTS,"The 12-month relapse rate was significantly lower in the combined therapy arm (18.2% vs 34.6%, HR: 0.48, 9: 0.31-0.75). (Confidence interval 95%, n=325)."
2841,10001195,BACKGROUND,BACKGROUND,Chronic obstructive pulmonary disease exacerbations frequently lead to hospital readmission and increased mortality. (Cohort identifier: 2841).
2842,10001870,OBJECTIVE,OBJECTIVES,To evaluate the efficacy and safety of once-weekly semaglutide compared to daily sitagliptin in adults. (Trial registration: NCT010001870).
2843,10001266,METHODS,METHODS,"A multi-center, double-blind, randomized controlled trial enrolled 1,200 adult patients across 45 clinical sites. (Stratified cluster 2843)."
2844,10001015,RESULTS,RESULTS,"Mean postoperative pain scores at 24 hours were significantly reduced in the intervention group (2.1 vs 4.8, p = 0.002). (Confidence interval 95%, n=2182)."
2845,10001270,BACKGROUND,BACKGROUND,Hypertension remains the leading preventable cause of cardiovascular disease and premature death worldwide. (Cohort identifier: 2845).
2846,10001716,OBJECTIVE,OBJECTIVES,We investigated whether cognitive behavioral therapy reduces relapse rates compared to standard pharmacotherapy. (Trial registration: NCT010001716).
2847,10001811,METHODS,METHODS,Primary endpoint was change in mean arterial pressure measured at 12 weeks post-randomization. (Stratified cluster 2847).
2848,10001739,RESULTS,RESULTS,"No statistically significant difference in serious adverse events was observed between the active drug and placebo arms. (Confidence interval 95%, n=1688)."
2849,10001687,BACKGROUND,BACKGROUND,Hypertension remains the leading preventable cause of cardiovascular disease and premature death worldwide. (Cohort identifier: 2849).
2850,10001314,OBJECTIVE,OBJECTIVES,To determine if inhaled corticosteroid cessation increases acute exacerbation risk in moderate COPD. (Trial registration: NCT010001314).
2851,10001063,METHODS,METHODS,Primary endpoint was change in mean arterial pressure measured at 12 weeks post-randomization. (Stratified cluster 2851).
2852,10001618,RESULTS,RESULTS,"Semaglutide significantly reduced mean HbA1c by -1.5% compared to -0.8% with sitagliptin (p < 0.001). (Confidence interval 95%, n=1461)."
2853,10001676,BACKGROUND,BACKGROUND,Hypertension remains the leading preventable cause of cardiovascular disease and premature death worldwide. (Cohort identifier: 2853).
2854,10001402,OBJECTIVE,OBJECTIVES,We investigated whether cognitive behavioral therapy reduces relapse rates compared to standard pharmacotherapy. (Trial registration: NCT010001402).
2855,10001391,METHODS,METHODS,"A multi-center, double-blind, randomized controlled trial enrolled 1,200 adult patients across 45 clinical sites. (Stratified cluster 2855)."
2856,10001991,RESULTS,RESULTS,"The 12-month relapse rate was significantly lower in the combined therapy arm (18.2% vs 34.6%, HR: 0.48, 9: 0.31-0.75). (Confidence interval 95%, n=1350)."
2857,10001522,BACKGROUND,BACKGROUND,Chronic obstructive pulmonary disease exacerbations frequently lead to hospital readmission and increased mortality. (Cohort identifier: 2857).
2858,10001675,OBJECTIVE,OBJECTIVES,To determine if inhaled corticosteroid cessation increases acute exacerbation risk in moderate COPD. (Trial registration: NCT010001675).
2859,10001514,METHODS,METHODS,Statistical analyses followed the intention-to-treat principle using mixed-effects linear regression models. (Stratified cluster 2859).
2860,10001231,RESULTS,RESULTS,"Mean postoperative pain scores at 24 hours were significantly reduced in the intervention group (2.1 vs 4.8, p = 0.002). (Confidence interval 95%, n=922)."
2861,10001159,BACKGROUND,BACKGROUND,Hypertension remains the leading preventable cause of cardiovascular disease and premature death worldwide. (Cohort identifier: 2861).
2862,10001446,OBJECTIVE,OBJECTIVES,The primary aim was to assess the analgesic effectiveness of intravenous dexamethasone versus placebo. (Trial registration: NCT010001446).
2863,10001321,METHODS,METHODS,Participants were randomly allocated (1:1) using computer-generated block randomization to receive drug A or placebo. (Stratified cluster 2863).
2864,10001291,RESULTS,RESULTS,"No statistically significant difference in serious adverse events was observed between the active drug and placebo arms. (Confidence interval 95%, n=656)."
2865,10001648,BACKGROUND,BACKGROUND,Major depressive disorder is a pervasive mental health condition with substantial socioeconomic burden. (Cohort identifier: 2865).
2866,10001973,OBJECTIVE,OBJECTIVES,This randomized controlled trial aimed to compare low-dose combination therapy against standard monotherapy. (Trial registration: NCT010001973).
2867,10001553,METHODS,METHODS,"A multi-center, double-blind, randomized controlled trial enrolled 1,200 adult patients across 45 clinical sites. (Stratified cluster 2867)."
2868,10001477,RESULTS,RESULTS,"The 12-month relapse rate was significantly lower in the combined therapy arm (18.2% vs 34.6%, HR: 0.48, 9: 0.31-0.75). (Confidence interval 95%, n=2093)."
2869,10001046,BACKGROUND,BACKGROUND,Hypertension remains the leading preventable cause of cardiovascular disease and premature death worldwide. (Cohort identifier: 2869).
2870,10001270,OBJECTIVE,OBJECTIVES,To evaluate the efficacy and safety of once-weekly semaglutide compared to daily sitagliptin in adults. (Trial registration: NCT010001270).
2871,10001754,METHODS,METHODS,"A multi-center, double-blind, randomized controlled trial enrolled 1,200 adult patients across 45 clinical sites. (Stratified cluster 2871)."
2872,10001931,RESULTS,RESULTS,"The 12-month relapse rate was significantly lower in the combined therapy arm (18.2% vs 34.6%, HR: 0.48, 9: 0.31-0.75). (Confidence interval 95%, n=2344)."
2873,10001001,BACKGROUND,BACKGROUND,Major depressive disorder is a pervasive mental health condition with substantial socioeconomic burden. (Cohort identifier: 2873).
2874,10001220,OBJECTIVE,OBJECTIVES,To evaluate the efficacy and safety of once-weekly semaglutide compared to daily sitagliptin in adults. (Trial registration: NCT010001220).
2875,10001667,METHODS,METHODS,Statistical analyses followed the intention-to-treat principle using mixed-effects linear regression models. (Stratified cluster 2875).
2876,10001566,RESULTS,RESULTS,"Semaglutide significantly reduced mean HbA1c by -1.5% compared to -0.8% with sitagliptin (p < 0.001). (Confidence interval 95%, n=265)."
2877,10001208,BACKGROUND,BACKGROUND,Postoperative pain management following major orthopedic surgery is critical for early patient mobilization. (Cohort identifier: 2877).
2878,10001507,OBJECTIVE,OBJECTIVES,The primary aim was to assess the analgesic effectiveness of intravenous dexamethasone versus placebo. (Trial registration: NCT010001507).
2879,10001646,METHODS,METHODS,Primary endpoint was change in mean arterial pressure measured at 12 weeks post-randomization. (Stratified cluster 2879).
2880,10001728,RESULTS,RESULTS,"Semaglutide significantly reduced mean HbA1c by -1.5% compared to -0.8% with sitagliptin (p < 0.001). (Confidence interval 95%, n=2189)."
2881,10001646,BACKGROUND,BACKGROUND,Hypertension remains the leading preventable cause of cardiovascular disease and premature death worldwide. (Cohort identifier: 2881).
2882,10001081,OBJECTIVE,OBJECTIVES,We investigated whether cognitive behavioral therapy reduces relapse rates compared to standard pharmacotherapy. (Trial registration: NCT010001081).
2883,10001887,METHODS,METHODS,"A multi-center, double-blind, randomized controlled trial enrolled 1,200 adult patients across 45 clinical sites. (Stratified cluster 2883)."
2884,10001907,RESULTS,RESULTS,"Mean postoperative pain scores at 24 hours were significantly reduced in the intervention group (2.1 vs 4.8, p = 0.002). (Confidence interval 95%, n=2092)."
2885,10001588,BACKGROUND,BACKGROUND,Type 2 diabetes mellitus is a major chronic metabolic disorder associated with high cardiovascular mortality. (Cohort identifier: 2885).
2886,10001708,OBJECTIVE,OBJECTIVES,To evaluate the efficacy and safety of once-weekly semaglutide compared to daily sitagliptin in adults. (Trial registration: NCT010001708).
2887,10001694,METHODS,METHODS,Primary endpoint was change in mean arterial pressure measured at 12 weeks post-randomization. (Stratified cluster 2887).
2888,10001613,RESULTS,RESULTS,"Combination therapy achieved target blood pressure control in 78.4% of patients compared to 54.2% in the monotherapy group. (Confidence interval 95%, n=953)."
2889,10001313,BACKGROUND,BACKGROUND,Hypertension remains the leading preventable cause of cardiovascular disease and premature death worldwide. (Cohort identifier: 2889).
2890,10001455,OBJECTIVE,OBJECTIVES,To evaluate the efficacy and safety of once-weekly semaglutide compared to daily sitagliptin in adults. (Trial registration: NCT010001455).
2891,10001280,METHODS,METHODS,Eligible participants aged 18-75 years with documented HbA1c > 8.0% underwent 24 weeks of active treatment. (Stratified cluster 2891).
2892,10001695,RESULTS,RESULTS,"Combination therapy achieved target blood pressure control in 78.4% of patients compared to 54.2% in the monotherapy group. (Confidence interval 95%, n=2377)."
2893,10001171,BACKGROUND,BACKGROUND,Type 2 diabetes mellitus is a major chronic metabolic disorder associated with high cardiovascular mortality. (Cohort identifier: 2893).
2894,10001436,OBJECTIVE,OBJECTIVES,To determine if inhaled corticosteroid cessation increases acute exacerbation risk in moderate COPD. (Trial registration: NCT010001436).
2895,10001981,METHODS,METHODS,Statistical analyses followed the intention-to-treat principle using mixed-effects linear regression models. (Stratified cluster 2895).
2896,10001721,RESULTS,RESULTS,"Mean postoperative pain scores at 24 hours were significantly reduced in the intervention group (2.1 vs 4.8, p = 0.002). (Confidence interval 95%, n=747)."
2897,10001582,BACKGROUND,BACKGROUND,Type 2 diabetes mellitus is a major chronic metabolic disorder associated with high cardiovascular mortality. (Cohort identifier: 2897).
2898,10001759,OBJECTIVE,OBJECTIVES,To determine if inhaled corticosteroid cessation increases acute exacerbation risk in moderate COPD. (Trial registration: NCT010001759).
2899,10001291,METHODS,METHODS,Statistical analyses followed the intention-to-treat principle using mixed-effects linear regression models. (Stratified cluster 2899).
2900,10001667,RESULTS,RESULTS,"Semaglutide significantly reduced mean HbA1c by -1.5% compared to -0.8% with sitagliptin (p < 0.001). (Confidence interval 95%, n=1270)."
2901,10001287,BACKGROUND,BACKGROUND,Chronic obstructive pulmonary disease exacerbations frequently lead to hospital readmission and increased mortality. (Cohort identifier: 2901).
2902,10001153,OBJECTIVE,OBJECTIVES,To determine if inhaled corticosteroid cessation increases acute exacerbation risk in moderate COPD. (Trial registration: NCT010001153).
2903,10001325,METHODS,METHODS,Eligible participants aged 18-75 years with documented HbA1c > 8.0% underwent 24 weeks of active treatment. (Stratified cluster 2903).
2904,10001423,RESULTS,RESULTS,"No statistically significant difference in serious adverse events was observed between the active drug and placebo arms. (Confidence interval 95%, n=189)."
2905,10001733,BACKGROUND,BACKGROUND,Postoperative pain management following major orthopedic surgery is critical for early patient mobilization. (Cohort identifier: 2905).
2906,10001725,OBJECTIVE,OBJECTIVES,This randomized controlled trial aimed to compare low-dose combination therapy against standard monotherapy. (Trial registration: NCT010001725).
2907,10001694,METHODS,METHODS,Eligible participants aged 18-75 years with documented HbA1c > 8.0% underwent 24 weeks of active treatment. (Stratified cluster 2907).
2908,10001871,RESULTS,RESULTS,"Combination therapy achieved target blood pressure control in 78.4% of patients compared to 54.2% in the monotherapy group. (Confidence interval 95%, n=872)."
2909,10001620,BACKGROUND,BACKGROUND,Hypertension remains the leading preventable cause of cardiovascular disease and premature death worldwide. (Cohort identifier: 2909).
2910,10001142,OBJECTIVE,OBJECTIVES,The primary aim was to assess the analgesic effectiveness of intravenous dexamethasone versus placebo. (Trial registration: NCT010001142).
2911,10001498,METHODS,METHODS,"A multi-center, double-blind, randomized controlled trial enrolled 1,200 adult patients across 45 clinical sites. (Stratified cluster 2911)."
2912,10001719,RESULTS,RESULTS,"Semaglutide significantly reduced mean HbA1c by -1.5% compared to -0.8% with sitagliptin (p < 0.001). (Confidence interval 95%, n=369)."
2913,10001625,BACKGROUND,BACKGROUND,Hypertension remains the leading preventable cause of cardiovascular disease and premature death worldwide. (Cohort identifier: 2913).
2914,10001268,OBJECTIVE,OBJECTIVES,This randomized controlled trial aimed to compare low-dose combination therapy against standard monotherapy. (Trial registration: NCT010001268).
2915,10001142,METHODS,METHODS,Statistical analyses followed the intention-to-treat principle using mixed-effects linear regression models. (Stratified cluster 2915).
2916,10001909,RESULTS,RESULTS,"No statistically significant difference in serious adverse events was observed between the active drug and placebo arms. (Confidence interval 95%, n=827)."
2917,10001178,BACKGROUND,BACKGROUND,Hypertension remains the leading preventable cause of cardiovascular disease and premature death worldwide. (Cohort identifier: 2917).
2918,10001689,OBJECTIVE,OBJECTIVES,We investigated whether cognitive behavioral therapy reduces relapse rates compared to standard pharmacotherapy. (Trial registration: NCT010001689).
2919,10001000,METHODS,METHODS,Participants were randomly allocated (1:1) using computer-generated block randomization to receive drug A or placebo. (Stratified cluster 2919).
2920,10001449,RESULTS,RESULTS,"The 12-month relapse rate was significantly lower in the combined therapy arm (18.2% vs 34.6%, HR: 0.48, 9: 0.31-0.75). (Confidence interval 95%, n=337)."
2921,10001919,BACKGROUND,BACKGROUND,Major depressive disorder is a pervasive mental health condition with substantial socioeconomic burden. (Cohort identifier: 2921).
2922,10001646,OBJECTIVE,OBJECTIVES,This randomized controlled trial aimed to compare low-dose combination therapy against standard monotherapy. (Trial registration: NCT010001646).
2923,10001073,METHODS,METHODS,Participants were randomly allocated (1:1) using computer-generated block randomization to receive drug A or placebo. (Stratified cluster 2923).
2924,10001095,RESULTS,RESULTS,"No statistically significant difference in serious adverse events was observed between the active drug and placebo arms. (Confidence interval 95%, n=1591)."
2925,10001139,BACKGROUND,BACKGROUND,Major depressive disorder is a pervasive mental health condition with substantial socioeconomic burden. (Cohort identifier: 2925).
2926,10001504,OBJECTIVE,OBJECTIVES,To evaluate the efficacy and safety of once-weekly semaglutide compared to daily sitagliptin in adults. (Trial registration: NCT010001504).
2927,10001205,METHODS,METHODS,"A multi-center, double-blind, randomized controlled trial enrolled 1,200 adult patients across 45 clinical sites. (Stratified cluster 2927)."
2928,10001100,RESULTS,RESULTS,"Combination therapy achieved target blood pressure control in 78.4% of patients compared to 54.2% in the monotherapy group. (Confidence interval 95%, n=2282)."
2929,10001917,BACKGROUND,BACKGROUND,Postoperative pain management following major orthopedic surgery is critical for early patient mobilization. (Cohort identifier: 2929).
2930,10001164,OBJECTIVE,OBJECTIVES,To evaluate the efficacy and safety of once-weekly semaglutide compared to daily sitagliptin in adults. (Trial registration: NCT010001164).
2931,10001413,METHODS,METHODS,Primary endpoint was change in mean arterial pressure measured at 12 weeks post-randomization. (Stratified cluster 2931).
2932,10001884,RESULTS,RESULTS,"No statistically significant difference in serious adverse events was observed between the active drug and placebo arms. (Confidence interval 95%, n=831)."
2933,10001407,BACKGROUND,BACKGROUND,Type 2 diabetes mellitus is a major chronic metabolic disorder associated with high cardiovascular mortality. (Cohort identifier: 2933).
2934,10001562,OBJECTIVE,OBJECTIVES,The primary aim was to assess the analgesic effectiveness of intravenous dexamethasone versus placebo. (Trial registration: NCT010001562).
2935,10001561,METHODS,METHODS,Statistical analyses followed the intention-to-treat principle using mixed-effects linear regression models. (Stratified cluster 2935).
2936,10001045,RESULTS,RESULTS,"Mean postoperative pain scores at 24 hours were significantly reduced in the intervention group (2.1 vs 4.8, p = 0.002). (Confidence interval 95%, n=1903)."
2937,10001645,BACKGROUND,BACKGROUND,Major depressive disorder is a pervasive mental health condition with substantial socioeconomic burden. (Cohort identifier: 2937).
2938,10001847,OBJECTIVE,OBJECTIVES,The primary aim was to assess the analgesic effectiveness of intravenous dexamethasone versus placebo. (Trial registration: NCT010001847).
2939,10001429,METHODS,METHODS,Statistical analyses followed the intention-to-treat principle using mixed-effects linear regression models. (Stratified cluster 2939).
2940,10001895,RESULTS,RESULTS,"Semaglutide significantly reduced mean HbA1c by -1.5% compared to -0.8% with sitagliptin (p < 0.001). (Confidence interval 95%, n=525)."
2941,10001111,BACKGROUND,BACKGROUND,Type 2 diabetes mellitus is a major chronic metabolic disorder associated with high cardiovascular mortality. (Cohort identifier: 2941).
2942,10001427,OBJECTIVE,OBJECTIVES,To determine if inhaled corticosteroid cessation increases acute exacerbation risk in moderate COPD. (Trial registration: NCT010001427).
2943,10001780,METHODS,METHODS,Statistical analyses followed the intention-to-treat principle using mixed-effects linear regression models. (Stratified cluster 2943).
2944,10001824,RESULTS,RESULTS,"Combination therapy achieved target blood pressure control in 78.4% of patients compared to 54.2% in the monotherapy group. (Confidence interval 95%, n=175)."
2945,10001262,BACKGROUND,BACKGROUND,Major depressive disorder is a pervasive mental health condition with substantial socioeconomic burden. (Cohort identifier: 2945).
2946,10001915,OBJECTIVE,OBJECTIVES,The primary aim was to assess the analgesic effectiveness of intravenous dexamethasone versus placebo. (Trial registration: NCT010001915).
2947,10001691,METHODS,METHODS,Statistical analyses followed the intention-to-treat principle using mixed-effects linear regression models. (Stratified cluster 2947).
2948,10001952,RESULTS,RESULTS,"The 12-month relapse rate was significantly lower in the combined therapy arm (18.2% vs 34.6%, HR: 0.48, 9: 0.31-0.75). (Confidence interval 95%, n=895)."
2949,10001870,BACKGROUND,BACKGROUND,Type 2 diabetes mellitus is a major chronic metabolic disorder associated with high cardiovascular mortality. (Cohort identifier: 2949).
2950,10001467,OBJECTIVE,OBJECTIVES,We investigated whether cognitive behavioral therapy reduces relapse rates compared to standard pharmacotherapy. (Trial registration: NCT010001467).
2951,10001511,METHODS,METHODS,Primary endpoint was change in mean arterial pressure measured at 12 weeks post-randomization. (Stratified cluster 2951).
2952,10001095,RESULTS,RESULTS,"The 12-month relapse rate was significantly lower in the combined therapy arm (18.2% vs 34.6%, HR: 0.48, 9: 0.31-0.75). (Confidence interval 95%, n=449)."
2953,10001186,BACKGROUND,BACKGROUND,Type 2 diabetes mellitus is a major chronic metabolic disorder associated with high cardiovascular mortality. (Cohort identifier: 2953).
2954,10001110,OBJECTIVE,OBJECTIVES,To determine if inhaled corticosteroid cessation increases acute exacerbation risk in moderate COPD. (Trial registration: NCT010001110).
2955,10001328,METHODS,METHODS,Primary endpoint was change in mean arterial pressure measured at 12 weeks post-randomization. (Stratified cluster 2955).
2956,10001561,RESULTS,RESULTS,"Mean postoperative pain scores at 24 hours were significantly reduced in the intervention group (2.1 vs 4.8, p = 0.002). (Confidence interval 95%, n=2291)."
2957,10001786,BACKGROUND,BACKGROUND,Postoperative pain management following major orthopedic surgery is critical for early patient mobilization. (Cohort identifier: 2957).
2958,10001944,OBJECTIVE,OBJECTIVES,This randomized controlled trial aimed to compare low-dose combination therapy against standard monotherapy. (Trial registration: NCT010001944).
2959,10001985,METHODS,METHODS,Eligible participants aged 18-75 years with documented HbA1c > 8.0% underwent 24 weeks of active treatment. (Stratified cluster 2959).
2960,10001737,RESULTS,RESULTS,"Combination therapy achieved target blood pressure control in 78.4% of patients compared to 54.2% in the monotherapy group. (Confidence interval 95%, n=1663)."
2961,10001335,BACKGROUND,BACKGROUND,Postoperative pain management following major orthopedic surgery is critical for early patient mobilization. (Cohort identifier: 2961).
2962,10001884,OBJECTIVE,OBJECTIVES,We investigated whether cognitive behavioral therapy reduces relapse rates compared to standard pharmacotherapy. (Trial registration: NCT010001884).
2963,10001160,METHODS,METHODS,Eligible participants aged 18-75 years with documented HbA1c > 8.0% underwent 24 weeks of active treatment. (Stratified cluster 2963).
2964,10001813,RESULTS,RESULTS,"No statistically significant difference in serious adverse events was observed between the active drug and placebo arms. (Confidence interval 95%, n=1814)."
2965,10001712,BACKGROUND,BACKGROUND,Major depressive disorder is a pervasive mental health condition with substantial socioeconomic burden. (Cohort identifier: 2965).
2966,10001381,OBJECTIVE,OBJECTIVES,To determine if inhaled corticosteroid cessation increases acute exacerbation risk in moderate COPD. (Trial registration: NCT010001381).
2967,10001145,METHODS,METHODS,Primary endpoint was change in mean arterial pressure measured at 12 weeks post-randomization. (Stratified cluster 2967).
2968,10001966,RESULTS,RESULTS,"The 12-month relapse rate was significantly lower in the combined therapy arm (18.2% vs 34.6%, HR: 0.48, 9: 0.31-0.75). (Confidence interval 95%, n=2073)."
2969,10001755,BACKGROUND,BACKGROUND,Hypertension remains the leading preventable cause of cardiovascular disease and premature death worldwide. (Cohort identifier: 2969).
2970,10001148,OBJECTIVE,OBJECTIVES,To determine if inhaled corticosteroid cessation increases acute exacerbation risk in moderate COPD. (Trial registration: NCT010001148).
2971,10001072,METHODS,METHODS,Primary endpoint was change in mean arterial pressure measured at 12 weeks post-randomization. (Stratified cluster 2971).
2972,10001245,RESULTS,RESULTS,"Semaglutide significantly reduced mean HbA1c by -1.5% compared to -0.8% with sitagliptin (p < 0.001). (Confidence interval 95%, n=929)."
2973,10001029,BACKGROUND,BACKGROUND,Major depressive disorder is a pervasive mental health condition with substantial socioeconomic burden. (Cohort identifier: 2973).
2974,10001845,OBJECTIVE,OBJECTIVES,To determine if inhaled corticosteroid cessation increases acute exacerbation risk in moderate COPD. (Trial registration: NCT010001845).
2975,10001978,METHODS,METHODS,Eligible participants aged 18-75 years with documented HbA1c > 8.0% underwent 24 weeks of active treatment. (Stratified cluster 2975).
2976,10001700,RESULTS,RESULTS,"No statistically significant difference in serious adverse events was observed between the active drug and placebo arms. (Confidence interval 95%, n=2160)."
2977,10001177,BACKGROUND,BACKGROUND,Major depressive disorder is a pervasive mental health condition with substantial socioeconomic burden. (Cohort identifier: 2977).
2978,10001877,OBJECTIVE,OBJECTIVES,To determine if inhaled corticosteroid cessation increases acute exacerbation risk in moderate COPD. (Trial registration: NCT010001877).
2979,10001341,METHODS,METHODS,"A multi-center, double-blind, randomized controlled trial enrolled 1,200 adult patients across 45 clinical sites. (Stratified cluster 2979)."
2980,10001804,RESULTS,RESULTS,"The 12-month relapse rate was significantly lower in the combined therapy arm (18.2% vs 34.6%, HR: 0.48, 9: 0.31-0.75). (Confidence interval 95%, n=296)."
2981,10001944,BACKGROUND,BACKGROUND,Major depressive disorder is a pervasive mental health condition with substantial socioeconomic burden. (Cohort identifier: 2981).
2982,10001055,OBJECTIVE,OBJECTIVES,To determine if inhaled corticosteroid cessation increases acute exacerbation risk in moderate COPD. (Trial registration: NCT010001055).
2983,10001193,METHODS,METHODS,Statistical analyses followed the intention-to-treat principle using mixed-effects linear regression models. (Stratified cluster 2983).
2984,10001640,RESULTS,RESULTS,"Semaglutide significantly reduced mean HbA1c by -1.5% compared to -0.8% with sitagliptin (p < 0.001). (Confidence interval 95%, n=642)."
2985,10001301,BACKGROUND,BACKGROUND,Postoperative pain management following major orthopedic surgery is critical for early patient mobilization. (Cohort identifier: 2985).
2986,10001114,OBJECTIVE,OBJECTIVES,This randomized controlled trial aimed to compare low-dose combination therapy against standard monotherapy. (Trial registration: NCT010001114).
2987,10001700,METHODS,METHODS,Participants were randomly allocated (1:1) using computer-generated block randomization to receive drug A or placebo. (Stratified cluster 2987).
2988,10001705,RESULTS,RESULTS,"Mean postoperative pain scores at 24 hours were significantly reduced in the intervention group (2.1 vs 4.8, p = 0.002). (Confidence interval 95%, n=200)."
2989,10001728,BACKGROUND,BACKGROUND,Postoperative pain management following major orthopedic surgery is critical for early patient mobilization. (Cohort identifier: 2989).
2990,10001430,OBJECTIVE,OBJECTIVES,This randomized controlled trial aimed to compare low-dose combination therapy against standard monotherapy. (Trial registration: NCT010001430).
2991,10001315,METHODS,METHODS,"A multi-center, double-blind, randomized controlled trial enrolled 1,200 adult patients across 45 clinical sites. (Stratified cluster 2991)."
2992,10001566,RESULTS,RESULTS,"The 12-month relapse rate was significantly lower in the combined therapy arm (18.2% vs 34.6%, HR: 0.48, 9: 0.31-0.75). (Confidence interval 95%, n=1269)."
2993,10001559,BACKGROUND,BACKGROUND,Type 2 diabetes mellitus is a major chronic metabolic disorder associated with high cardiovascular mortality. (Cohort identifier: 2993).
2994,10001795,OBJECTIVE,OBJECTIVES,The primary aim was to assess the analgesic effectiveness of intravenous dexamethasone versus placebo. (Trial registration: NCT010001795).
2995,10001950,METHODS,METHODS,Eligible participants aged 18-75 years with documented HbA1c > 8.0% underwent 24 weeks of active treatment. (Stratified cluster 2995).
2996,10001165,RESULTS,RESULTS,"The 12-month relapse rate was significantly lower in the combined therapy arm (18.2% vs 34.6%, HR: 0.48, 9: 0.31-0.75). (Confidence interval 95%, n=592)."
2997,10001993,BACKGROUND,BACKGROUND,Type 2 diabetes mellitus is a major chronic metabolic disorder associated with high cardiovascular mortality. (Cohort identifier: 2997).
2998,10001714,OBJECTIVE,OBJECTIVES,This randomized controlled trial aimed to compare low-dose combination therapy against standard monotherapy. (Trial registration: NCT010001714).
2999,10001741,METHODS,METHODS,"A multi-center, double-blind, randomized controlled trial enrolled 1,200 adult patients across 45 clinical sites. (Stratified cluster 2999)."
3000,10001496,RESULTS,RESULTS,"No statistically significant difference in serious adverse events was observed between the active drug and placebo arms. (Confidence interval 95%, n=1839)."
3001,10001369,BACKGROUND,BACKGROUND,Postoperative pain management following major orthopedic surgery is critical for early patient mobilization. (Cohort identifier: 3001).
3002,10001608,OBJECTIVE,OBJECTIVES,This randomized controlled trial aimed to compare low-dose combination therapy against standard monotherapy. (Trial registration: NCT010001608).
3003,10001736,METHODS,METHODS,Statistical analyses followed the intention-to-treat principle using mixed-effects linear regression models. (Stratified cluster 3003).
3004,10001419,RESULTS,RESULTS,"The 12-month relapse rate was significantly lower in the combined therapy arm (18.2% vs 34.6%, HR: 0.48, 9: 0.31-0.75). (Confidence interval 95%, n=2072)."
3005,10001978,BACKGROUND,BACKGROUND,Type 2 diabetes mellitus is a major chronic metabolic disorder associated with high cardiovascular mortality. (Cohort identifier: 3005).
3006,10001571,OBJECTIVE,OBJECTIVES,The primary aim was to assess the analgesic effectiveness of intravenous dexamethasone versus placebo. (Trial registration: NCT010001571).
3007,10001089,METHODS,METHODS,Eligible participants aged 18-75 years with documented HbA1c > 8.0% underwent 24 weeks of active treatment. (Stratified cluster 3007).
3008,10001097,RESULTS,RESULTS,"The 12-month relapse rate was significantly lower in the combined therapy arm (18.2% vs 34.6%, HR: 0.48, 9: 0.31-0.75). (Confidence interval 95%, n=2153)."
3009,10001340,BACKGROUND,BACKGROUND,Major depressive disorder is a pervasive mental health condition with substantial socioeconomic burden. (Cohort identifier: 3009).
3010,10001868,OBJECTIVE,OBJECTIVES,We investigated whether cognitive behavioral therapy reduces relapse rates compared to standard pharmacotherapy. (Trial registration: NCT010001868).
3011,10001061,METHODS,METHODS,Eligible participants aged 18-75 years with documented HbA1c > 8.0% underwent 24 weeks of active treatment. (Stratified cluster 3011).
3012,10001898,RESULTS,RESULTS,"Semaglutide significantly reduced mean HbA1c by -1.5% compared to -0.8% with sitagliptin (p < 0.001). (Confidence interval 95%, n=1129)."
3013,10001243,BACKGROUND,BACKGROUND,Hypertension remains the leading preventable cause of cardiovascular disease and premature death worldwide. (Cohort identifier: 3013).
3014,10001132,OBJECTIVE,OBJECTIVES,To determine if inhaled corticosteroid cessation increases acute exacerbation risk in moderate COPD. (Trial registration: NCT010001132).
3015,10001683,METHODS,METHODS,Primary endpoint was change in mean arterial pressure measured at 12 weeks post-randomization. (Stratified cluster 3015).
3016,10001424,RESULTS,RESULTS,"Semaglutide significantly reduced mean HbA1c by -1.5% compared to -0.8% with sitagliptin (p < 0.001). (Confidence interval 95%, n=550)."
3017,10001392,BACKGROUND,BACKGROUND,Postoperative pain management following major orthopedic surgery is critical for early patient mobilization. (Cohort identifier: 3017).
3018,10001636,OBJECTIVE,OBJECTIVES,To evaluate the efficacy and safety of once-weekly semaglutide compared to daily sitagliptin in adults. (Trial registration: NCT010001636).
3019,10001947,METHODS,METHODS,"A multi-center, double-blind, randomized controlled trial enrolled 1,200 adult patients across 45 clinical sites. (Stratified cluster 3019)."
3020,10001140,RESULTS,RESULTS,"No statistically significant difference in serious adverse events was observed between the active drug and placebo arms. (Confidence interval 95%, n=1188)."
3021,10001571,BACKGROUND,BACKGROUND,Hypertension remains the leading preventable cause of cardiovascular disease and premature death worldwide. (Cohort identifier: 3021).
3022,10001885,OBJECTIVE,OBJECTIVES,The primary aim was to assess the analgesic effectiveness of intravenous dexamethasone versus placebo. (Trial registration: NCT010001885).
3023,10001149,METHODS,METHODS,"A multi-center, double-blind, randomized controlled trial enrolled 1,200 adult patients across 45 clinical sites. (Stratified cluster 3023)."
3024,10001118,RESULTS,RESULTS,"Mean postoperative pain scores at 24 hours were significantly reduced in the intervention group (2.1 vs 4.8, p = 0.002). (Confidence interval 95%, n=1587)."
3025,10001364,BACKGROUND,BACKGROUND,Chronic obstructive pulmonary disease exacerbations frequently lead to hospital readmission and increased mortality. (Cohort identifier: 3025).
3026,10001959,OBJECTIVE,OBJECTIVES,The primary aim was to assess the analgesic effectiveness of intravenous dexamethasone versus placebo. (Trial registration: NCT010001959).
3027,10001514,METHODS,METHODS,Eligible participants aged 18-75 years with documented HbA1c > 8.0% underwent 24 weeks of active treatment. (Stratified cluster 3027).
3028,10001693,RESULTS,RESULTS,"No statistically significant difference in serious adverse events was observed between the active drug and placebo arms. (Confidence interval 95%, n=2249)."
3029,10001041,BACKGROUND,BACKGROUND,Chronic obstructive pulmonary disease exacerbations frequently lead to hospital readmission and increased mortality. (Cohort identifier: 3029).
3030,10001398,OBJECTIVE,OBJECTIVES,To evaluate the efficacy and safety of once-weekly semaglutide compared to daily sitagliptin in adults. (Trial registration: NCT010001398).
3031,10001439,METHODS,METHODS,Primary endpoint was change in mean arterial pressure measured at 12 weeks post-randomization. (Stratified cluster 3031).
3032,10001056,RESULTS,RESULTS,"Combination therapy achieved target blood pressure control in 78.4% of patients compared to 54.2% in the monotherapy group. (Confidence interval 95%, n=2425)."
3033,10001700,BACKGROUND,BACKGROUND,Major depressive disorder is a pervasive mental health condition with substantial socioeconomic burden. (Cohort identifier: 3033).
3034,10001253,OBJECTIVE,OBJECTIVES,We investigated whether cognitive behavioral therapy reduces relapse rates compared to standard pharmacotherapy. (Trial registration: NCT010001253).
3035,10001165,METHODS,METHODS,Participants were randomly allocated (1:1) using computer-generated block randomization to receive drug A or placebo. (Stratified cluster 3035).
3036,10001602,RESULTS,RESULTS,"No statistically significant difference in serious adverse events was observed between the active drug and placebo arms. (Confidence interval 95%, n=2364)."
3037,10001102,BACKGROUND,BACKGROUND,Major depressive disorder is a pervasive mental health condition with substantial socioeconomic burden. (Cohort identifier: 3037).
3038,10001182,OBJECTIVE,OBJECTIVES,The primary aim was to assess the analgesic effectiveness of intravenous dexamethasone versus placebo. (Trial registration: NCT010001182).
3039,10001758,METHODS,METHODS,Eligible participants aged 18-75 years with documented HbA1c > 8.0% underwent 24 weeks of active treatment. (Stratified cluster 3039).
3040,10001674,RESULTS,RESULTS,"The 12-month relapse rate was significantly lower in the combined therapy arm (18.2% vs 34.6%, HR: 0.48, 9: 0.31-0.75). (Confidence interval 95%, n=2367)."
3041,10001060,BACKGROUND,BACKGROUND,Postoperative pain management following major orthopedic surgery is critical for early patient mobilization. (Cohort identifier: 3041).
3042,10001333,OBJECTIVE,OBJECTIVES,This randomized controlled trial aimed to compare low-dose combination therapy against standard monotherapy. (Trial registration: NCT010001333).
3043,10001256,METHODS,METHODS,Participants were randomly allocated (1:1) using computer-generated block randomization to receive drug A or placebo. (Stratified cluster 3043).
3044,10001440,RESULTS,RESULTS,"No statistically significant difference in serious adverse events was observed between the active drug and placebo arms. (Confidence interval 95%, n=885)."
3045,10001323,BACKGROUND,BACKGROUND,Type 2 diabetes mellitus is a major chronic metabolic disorder associated with high cardiovascular mortality. (Cohort identifier: 3045).
3046,10001105,OBJECTIVE,OBJECTIVES,To determine if inhaled corticosteroid cessation increases acute exacerbation risk in moderate COPD. (Trial registration: NCT010001105).
3047,10001068,METHODS,METHODS,Primary endpoint was change in mean arterial pressure measured at 12 weeks post-randomization. (Stratified cluster 3047).
3048,10001978,RESULTS,RESULTS,"The 12-month relapse rate was significantly lower in the combined therapy arm (18.2% vs 34.6%, HR: 0.48, 9: 0.31-0.75). (Confidence interval 95%, n=633)."
3049,10001662,BACKGROUND,BACKGROUND,Type 2 diabetes mellitus is a major chronic metabolic disorder associated with high cardiovascular mortality. (Cohort identifier: 3049).
3050,10001001,OBJECTIVE,OBJECTIVES,This randomized controlled trial aimed to compare low-dose combination therapy against standard monotherapy. (Trial registration: NCT010001001).
3051,10001471,METHODS,METHODS,Participants were randomly allocated (1:1) using computer-generated block randomization to receive drug A or placebo. (Stratified cluster 3051).
3052,10001108,RESULTS,RESULTS,"Semaglutide significantly reduced mean HbA1c by -1.5% compared to -0.8% with sitagliptin (p < 0.001). (Confidence interval 95%, n=585)."
3053,10001404,BACKGROUND,BACKGROUND,Postoperative pain management following major orthopedic surgery is critical for early patient mobilization. (Cohort identifier: 3053).
3054,10001809,OBJECTIVE,OBJECTIVES,We investigated whether cognitive behavioral therapy reduces relapse rates compared to standard pharmacotherapy. (Trial registration: NCT010001809).
3055,10001072,METHODS,METHODS,Primary endpoint was change in mean arterial pressure measured at 12 weeks post-randomization. (Stratified cluster 3055).
3056,10001970,RESULTS,RESULTS,"No statistically significant difference in serious adverse events was observed between the active drug and placebo arms. (Confidence interval 95%, n=1834)."
3057,10001418,BACKGROUND,BACKGROUND,Hypertension remains the leading preventable cause of cardiovascular disease and premature death worldwide. (Cohort identifier: 3057).
3058,10001925,OBJECTIVE,OBJECTIVES,To determine if inhaled corticosteroid cessation increases acute exacerbation risk in moderate COPD. (Trial registration: NCT010001925).
3059,10001218,METHODS,METHODS,Primary endpoint was change in mean arterial pressure measured at 12 weeks post-randomization. (Stratified cluster 3059).
3060,10001113,RESULTS,RESULTS,"Combination therapy achieved target blood pressure control in 78.4% of patients compared to 54.2% in the monotherapy group. (Confidence interval 95%, n=556)."
3061,10001611,BACKGROUND,BACKGROUND,Major depressive disorder is a pervasive mental health condition with substantial socioeconomic burden. (Cohort identifier: 3061).
3062,10001106,OBJECTIVE,OBJECTIVES,This randomized controlled trial aimed to compare low-dose combination therapy against standard monotherapy. (Trial registration: NCT010001106).
3063,10001608,METHODS,METHODS,Participants were randomly allocated (1:1) using computer-generated block randomization to receive drug A or placebo. (Stratified cluster 3063).
3064,10001343,RESULTS,RESULTS,"No statistically significant difference in serious adverse events was observed between the active drug and placebo arms. (Confidence interval 95%, n=1088)."
3065,10001162,BACKGROUND,BACKGROUND,Hypertension remains the leading preventable cause of cardiovascular disease and premature death worldwide. (Cohort identifier: 3065).
3066,10001021,OBJECTIVE,OBJECTIVES,To evaluate the efficacy and safety of once-weekly semaglutide compared to daily sitagliptin in adults. (Trial registration: NCT010001021).
3067,10001354,METHODS,METHODS,Eligible participants aged 18-75 years with documented HbA1c > 8.0% underwent 24 weeks of active treatment. (Stratified cluster 3067).
3068,10001447,RESULTS,RESULTS,"The 12-month relapse rate was significantly lower in the combined therapy arm (18.2% vs 34.6%, HR: 0.48, 9: 0.31-0.75). (Confidence interval 95%, n=631)."
3069,10001013,BACKGROUND,BACKGROUND,Postoperative pain management following major orthopedic surgery is critical for early patient mobilization. (Cohort identifier: 3069).
3070,10001634,OBJECTIVE,OBJECTIVES,We investigated whether cognitive behavioral therapy reduces relapse rates compared to standard pharmacotherapy. (Trial registration: NCT010001634).
3071,10001849,METHODS,METHODS,"A multi-center, double-blind, randomized controlled trial enrolled 1,200 adult patients across 45 clinical sites. (Stratified cluster 3071)."
3072,10001772,RESULTS,RESULTS,"Semaglutide significantly reduced mean HbA1c by -1.5% compared to -0.8% with sitagliptin (p < 0.001). (Confidence interval 95%, n=1333)."
3073,10001922,BACKGROUND,BACKGROUND,Hypertension remains the leading preventable cause of cardiovascular disease and premature death worldwide. (Cohort identifier: 3073).
3074,10001596,OBJECTIVE,OBJECTIVES,To evaluate the efficacy and safety of once-weekly semaglutide compared to daily sitagliptin in adults. (Trial registration: NCT010001596).
3075,10001097,METHODS,METHODS,Participants were randomly allocated (1:1) using computer-generated block randomization to receive drug A or placebo. (Stratified cluster 3075).
3076,10001025,RESULTS,RESULTS,"Combination therapy achieved target blood pressure control in 78.4% of patients compared to 54.2% in the monotherapy group. (Confidence interval 95%, n=690)."
3077,10001003,BACKGROUND,BACKGROUND,Chronic obstructive pulmonary disease exacerbations frequently lead to hospital readmission and increased mortality. (Cohort identifier: 3077).
3078,10001810,OBJECTIVE,OBJECTIVES,The primary aim was to assess the analgesic effectiveness of intravenous dexamethasone versus placebo. (Trial registration: NCT010001810).
3079,10001410,METHODS,METHODS,Participants were randomly allocated (1:1) using computer-generated block randomization to receive drug A or placebo. (Stratified cluster 3079).
3080,10001226,RESULTS,RESULTS,"Mean postoperative pain scores at 24 hours were significantly reduced in the intervention group (2.1 vs 4.8, p = 0.002). (Confidence interval 95%, n=1409)."
3081,10001289,BACKGROUND,BACKGROUND,Postoperative pain management following major orthopedic surgery is critical for early patient mobilization. (Cohort identifier: 3081).
3082,10001371,OBJECTIVE,OBJECTIVES,To determine if inhaled corticosteroid cessation increases acute exacerbation risk in moderate COPD. (Trial registration: NCT010001371).
3083,10001750,METHODS,METHODS,Eligible participants aged 18-75 years with documented HbA1c > 8.0% underwent 24 weeks of active treatment. (Stratified cluster 3083).
3084,10001527,RESULTS,RESULTS,"Combination therapy achieved target blood pressure control in 78.4% of patients compared to 54.2% in the monotherapy group. (Confidence interval 95%, n=1139)."
3085,10001206,BACKGROUND,BACKGROUND,Type 2 diabetes mellitus is a major chronic metabolic disorder associated with high cardiovascular mortality. (Cohort identifier: 3085).
3086,10001649,OBJECTIVE,OBJECTIVES,This randomized controlled trial aimed to compare low-dose combination therapy against standard monotherapy. (Trial registration: NCT010001649).
3087,10001755,METHODS,METHODS,Statistical analyses followed the intention-to-treat principle using mixed-effects linear regression models. (Stratified cluster 3087).
3088,10001733,RESULTS,RESULTS,"The 12-month relapse rate was significantly lower in the combined therapy arm (18.2% vs 34.6%, HR: 0.48, 9: 0.31-0.75). (Confidence interval 95%, n=863)."
3089,10001337,BACKGROUND,BACKGROUND,Type 2 diabetes mellitus is a major chronic metabolic disorder associated with high cardiovascular mortality. (Cohort identifier: 3089).
3090,10001410,OBJECTIVE,OBJECTIVES,To determine if inhaled corticosteroid cessation increases acute exacerbation risk in moderate COPD. (Trial registration: NCT010001410).
3091,10001894,METHODS,METHODS,Primary endpoint was change in mean arterial pressure measured at 12 weeks post-randomization. (Stratified cluster 3091).
3092,10001180,RESULTS,RESULTS,"The 12-month relapse rate was significantly lower in the combined therapy arm (18.2% vs 34.6%, HR: 0.48, 9: 0.31-0.75). (Confidence interval 95%, n=2117)."
3093,10001642,BACKGROUND,BACKGROUND,Chronic obstructive pulmonary disease exacerbations frequently lead to hospital readmission and increased mortality. (Cohort identifier: 3093).
3094,10001843,OBJECTIVE,OBJECTIVES,The primary aim was to assess the analgesic effectiveness of intravenous dexamethasone versus placebo. (Trial registration: NCT010001843).
3095,10001867,METHODS,METHODS,Statistical analyses followed the intention-to-treat principle using mixed-effects linear regression models. (Stratified cluster 3095).
3096,10001023,RESULTS,RESULTS,"Mean postoperative pain scores at 24 hours were significantly reduced in the intervention group (2.1 vs 4.8, p = 0.002). (Confidence interval 95%, n=1840)."
3097,10001578,BACKGROUND,BACKGROUND,Chronic obstructive pulmonary disease exacerbations frequently lead to hospital readmission and increased mortality. (Cohort identifier: 3097).
3098,10001652,OBJECTIVE,OBJECTIVES,We investigated whether cognitive behavioral therapy reduces relapse rates compared to standard pharmacotherapy. (Trial registration: NCT010001652).
3099,10001861,METHODS,METHODS,"A multi-center, double-blind, randomized controlled trial enrolled 1,200 adult patients across 45 clinical sites. (Stratified cluster 3099)."
3100,10001310,RESULTS,RESULTS,"No statistically significant difference in serious adverse events was observed between the active drug and placebo arms. (Confidence interval 95%, n=1088)."
3101,10001476,BACKGROUND,BACKGROUND,Postoperative pain management following major orthopedic surgery is critical for early patient mobilization. (Cohort identifier: 3101).
3102,10001678,OBJECTIVE,OBJECTIVES,The primary aim was to assess the analgesic effectiveness of intravenous dexamethasone versus placebo. (Trial registration: NCT010001678).
3103,10001313,METHODS,METHODS,"A multi-center, double-blind, randomized controlled trial enrolled 1,200 adult patients across 45 clinical sites. (Stratified cluster 3103)."
3104,10001196,RESULTS,RESULTS,"Semaglutide significantly reduced mean HbA1c by -1.5% compared to -0.8% with sitagliptin (p < 0.001). (Confidence interval 95%, n=337)."
3105,10001879,BACKGROUND,BACKGROUND,Postoperative pain management following major orthopedic surgery is critical for early patient mobilization. (Cohort identifier: 3105).
3106,10001834,OBJECTIVE,OBJECTIVES,The primary aim was to assess the analgesic effectiveness of intravenous dexamethasone versus placebo. (Trial registration: NCT010001834).
3107,10001736,METHODS,METHODS,Eligible participants aged 18-75 years with documented HbA1c > 8.0% underwent 24 weeks of active treatment. (Stratified cluster 3107).
3108,10001827,RESULTS,RESULTS,"Combination therapy achieved target blood pressure control in 78.4% of patients compared to 54.2% in the monotherapy group. (Confidence interval 95%, n=1729)."
3109,10001183,BACKGROUND,BACKGROUND,Hypertension remains the leading preventable cause of cardiovascular disease and premature death worldwide. (Cohort identifier: 3109).
3110,10001685,OBJECTIVE,OBJECTIVES,To evaluate the efficacy and safety of once-weekly semaglutide compared to daily sitagliptin in adults. (Trial registration: NCT010001685).
3111,10001750,METHODS,METHODS,Participants were randomly allocated (1:1) using computer-generated block randomization to receive drug A or placebo. (Stratified cluster 3111).
3112,10001785,RESULTS,RESULTS,"The 12-month relapse rate was significantly lower in the combined therapy arm (18.2% vs 34.6%, HR: 0.48, 9: 0.31-0.75). (Confidence interval 95%, n=1152)."
3113,10001752,BACKGROUND,BACKGROUND,Chronic obstructive pulmonary disease exacerbations frequently lead to hospital readmission and increased mortality. (Cohort identifier: 3113).
3114,10001690,OBJECTIVE,OBJECTIVES,The primary aim was to assess the analgesic effectiveness of intravenous dexamethasone versus placebo. (Trial registration: NCT010001690).
3115,10001244,METHODS,METHODS,Participants were randomly allocated (1:1) using computer-generated block randomization to receive drug A or placebo. (Stratified cluster 3115).
3116,10001163,RESULTS,RESULTS,"Mean postoperative pain scores at 24 hours were significantly reduced in the intervention group (2.1 vs 4.8, p = 0.002). (Confidence interval 95%, n=323)."
3117,10001312,BACKGROUND,BACKGROUND,Chronic obstructive pulmonary disease exacerbations frequently lead to hospital readmission and increased mortality. (Cohort identifier: 3117).
3118,10001191,OBJECTIVE,OBJECTIVES,To determine if inhaled corticosteroid cessation increases acute exacerbation risk in moderate COPD. (Trial registration: NCT010001191).
3119,10001924,METHODS,METHODS,"A multi-center, double-blind, randomized controlled trial enrolled 1,200 adult patients across 45 clinical sites. (Stratified cluster 3119)."
3120,10001771,RESULTS,RESULTS,"No statistically significant difference in serious adverse events was observed between the active drug and placebo arms. (Confidence interval 95%, n=892)."
3121,10001331,BACKGROUND,BACKGROUND,Major depressive disorder is a pervasive mental health condition with substantial socioeconomic burden. (Cohort identifier: 3121).
3122,10001473,OBJECTIVE,OBJECTIVES,The primary aim was to assess the analgesic effectiveness of intravenous dexamethasone versus placebo. (Trial registration: NCT010001473).
3123,10001431,METHODS,METHODS,Participants were randomly allocated (1:1) using computer-generated block randomization to receive drug A or placebo. (Stratified cluster 3123).
3124,10001685,RESULTS,RESULTS,"Semaglutide significantly reduced mean HbA1c by -1.5% compared to -0.8% with sitagliptin (p < 0.001). (Confidence interval 95%, n=1370)."
3125,10001033,BACKGROUND,BACKGROUND,Chronic obstructive pulmonary disease exacerbations frequently lead to hospital readmission and increased mortality. (Cohort identifier: 3125).
3126,10001181,OBJECTIVE,OBJECTIVES,The primary aim was to assess the analgesic effectiveness of intravenous dexamethasone versus placebo. (Trial registration: NCT010001181).
3127,10001467,METHODS,METHODS,Primary endpoint was change in mean arterial pressure measured at 12 weeks post-randomization. (Stratified cluster 3127).
3128,10001422,RESULTS,RESULTS,"Combination therapy achieved target blood pressure control in 78.4% of patients compared to 54.2% in the monotherapy group. (Confidence interval 95%, n=560)."
3129,10001467,BACKGROUND,BACKGROUND,Type 2 diabetes mellitus is a major chronic metabolic disorder associated with high cardiovascular mortality. (Cohort identifier: 3129).
3130,10001273,OBJECTIVE,OBJECTIVES,The primary aim was to assess the analgesic effectiveness of intravenous dexamethasone versus placebo. (Trial registration: NCT010001273).
3131,10001270,METHODS,METHODS,"A multi-center, double-blind, randomized controlled trial enrolled 1,200 adult patients across 45 clinical sites. (Stratified cluster 3131)."
3132,10001483,RESULTS,RESULTS,"Semaglutide significantly reduced mean HbA1c by -1.5% compared to -0.8% with sitagliptin (p < 0.001). (Confidence interval 95%, n=2368)."
3133,10001373,BACKGROUND,BACKGROUND,Chronic obstructive pulmonary disease exacerbations frequently lead to hospital readmission and increased mortality. (Cohort identifier: 3133).
3134,10001308,OBJECTIVE,OBJECTIVES,We investigated whether cognitive behavioral therapy reduces relapse rates compared to standard pharmacotherapy. (Trial registration: NCT010001308).
3135,10001884,METHODS,METHODS,Statistical analyses followed the intention-to-treat principle using mixed-effects linear regression models. (Stratified cluster 3135).
3136,10001656,RESULTS,RESULTS,"The 12-month relapse rate was significantly lower in the combined therapy arm (18.2% vs 34.6%, HR: 0.48, 9: 0.31-0.75). (Confidence interval 95%, n=1751)."
3137,10001010,BACKGROUND,BACKGROUND,Chronic obstructive pulmonary disease exacerbations frequently lead to hospital readmission and increased mortality. (Cohort identifier: 3137).
3138,10001568,OBJECTIVE,OBJECTIVES,We investigated whether cognitive behavioral therapy reduces relapse rates compared to standard pharmacotherapy. (Trial registration: NCT010001568).
3139,10001814,METHODS,METHODS,Eligible participants aged 18-75 years with documented HbA1c > 8.0% underwent 24 weeks of active treatment. (Stratified cluster 3139).
3140,10001363,RESULTS,RESULTS,"Semaglutide significantly reduced mean HbA1c by -1.5% compared to -0.8% with sitagliptin (p < 0.001). (Confidence interval 95%, n=182)."
3141,10001943,BACKGROUND,BACKGROUND,Chronic obstructive pulmonary disease exacerbations frequently lead to hospital readmission and increased mortality. (Cohort identifier: 3141).
3142,10001025,OBJECTIVE,OBJECTIVES,We investigated whether cognitive behavioral therapy reduces relapse rates compared to standard pharmacotherapy. (Trial registration: NCT010001025).
3143,10001012,METHODS,METHODS,Statistical analyses followed the intention-to-treat principle using mixed-effects linear regression models. (Stratified cluster 3143).
3144,10001599,RESULTS,RESULTS,"Mean postoperative pain scores at 24 hours were significantly reduced in the intervention group (2.1 vs 4.8, p = 0.002). (Confidence interval 95%, n=750)."
3145,10001495,BACKGROUND,BACKGROUND,Chronic obstructive pulmonary disease exacerbations frequently lead to hospital readmission and increased mortality. (Cohort identifier: 3145).
3146,10001164,OBJECTIVE,OBJECTIVES,The primary aim was to assess the analgesic effectiveness of intravenous dexamethasone versus placebo. (Trial registration: NCT010001164).
3147,10001330,METHODS,METHODS,Primary endpoint was change in mean arterial pressure measured at 12 weeks post-randomization. (Stratified cluster 3147).
3148,10001490,RESULTS,RESULTS,"Mean postoperative pain scores at 24 hours were significantly reduced in the intervention group (2.1 vs 4.8, p = 0.002). (Confidence interval 95%, n=1393)."
3149,10001196,BACKGROUND,BACKGROUND,Postoperative pain management following major orthopedic surgery is critical for early patient mobilization. (Cohort identifier: 3149).
3150,10001880,OBJECTIVE,OBJECTIVES,The primary aim was to assess the analgesic effectiveness of intravenous dexamethasone versus placebo. (Trial registration: NCT010001880).
3151,10001337,METHODS,METHODS,Statistical analyses followed the intention-to-treat principle using mixed-effects linear regression models. (Stratified cluster 3151).
3152,10001704,RESULTS,RESULTS,"Semaglutide significantly reduced mean HbA1c by -1.5% compared to -0.8% with sitagliptin (p < 0.001). (Confidence interval 95%, n=1107)."
3153,10001380,BACKGROUND,BACKGROUND,Hypertension remains the leading preventable cause of cardiovascular disease and premature death worldwide. (Cohort identifier: 3153).
3154,10001984,OBJECTIVE,OBJECTIVES,To determine if inhaled corticosteroid cessation increases acute exacerbation risk in moderate COPD. (Trial registration: NCT010001984).
3155,10001679,METHODS,METHODS,Primary endpoint was change in mean arterial pressure measured at 12 weeks post-randomization. (Stratified cluster 3155).
3156,10001612,RESULTS,RESULTS,"Mean postoperative pain scores at 24 hours were significantly reduced in the intervention group (2.1 vs 4.8, p = 0.002). (Confidence interval 95%, n=331)."
3157,10001969,BACKGROUND,BACKGROUND,Postoperative pain management following major orthopedic surgery is critical for early patient mobilization. (Cohort identifier: 3157).
3158,10001378,OBJECTIVE,OBJECTIVES,The primary aim was to assess the analgesic effectiveness of intravenous dexamethasone versus placebo. (Trial registration: NCT010001378).
3159,10001131,METHODS,METHODS,Statistical analyses followed the intention-to-treat principle using mixed-effects linear regression models. (Stratified cluster 3159).
3160,10001988,RESULTS,RESULTS,"Combination therapy achieved target blood pressure control in 78.4% of patients compared to 54.2% in the monotherapy group. (Confidence interval 95%, n=1931)."
3161,10001087,BACKGROUND,BACKGROUND,Postoperative pain management following major orthopedic surgery is critical for early patient mobilization. (Cohort identifier: 3161).
3162,10001795,OBJECTIVE,OBJECTIVES,To determine if inhaled corticosteroid cessation increases acute exacerbation risk in moderate COPD. (Trial registration: NCT010001795).
3163,10001544,METHODS,METHODS,Primary endpoint was change in mean arterial pressure measured at 12 weeks post-randomization. (Stratified cluster 3163).
3164,10001367,RESULTS,RESULTS,"Semaglutide significantly reduced mean HbA1c by -1.5% compared to -0.8% with sitagliptin (p < 0.001). (Confidence interval 95%, n=1889)."
3165,10001909,BACKGROUND,BACKGROUND,Chronic obstructive pulmonary disease exacerbations frequently lead to hospital readmission and increased mortality. (Cohort identifier: 3165).
3166,10001035,OBJECTIVE,OBJECTIVES,To determine if inhaled corticosteroid cessation increases acute exacerbation risk in moderate COPD. (Trial registration: NCT010001035).
3167,10001031,METHODS,METHODS,"A multi-center, double-blind, randomized controlled trial enrolled 1,200 adult patients across 45 clinical sites. (Stratified cluster 3167)."
3168,10001362,RESULTS,RESULTS,"No statistically significant difference in serious adverse events was observed between the active drug and placebo arms. (Confidence interval 95%, n=1832)."
3169,10001477,BACKGROUND,BACKGROUND,Hypertension remains the leading preventable cause of cardiovascular disease and premature death worldwide. (Cohort identifier: 3169).
3170,10001602,OBJECTIVE,OBJECTIVES,The primary aim was to assess the analgesic effectiveness of intravenous dexamethasone versus placebo. (Trial registration: NCT010001602).
3171,10001006,METHODS,METHODS,Participants were randomly allocated (1:1) using computer-generated block randomization to receive drug A or placebo. (Stratified cluster 3171).
3172,10001993,RESULTS,RESULTS,"Combination therapy achieved target blood pressure control in 78.4% of patients compared to 54.2% in the monotherapy group. (Confidence interval 95%, n=725)."
3173,10001196,BACKGROUND,BACKGROUND,Postoperative pain management following major orthopedic surgery is critical for early patient mobilization. (Cohort identifier: 3173).
3174,10001959,OBJECTIVE,OBJECTIVES,To determine if inhaled corticosteroid cessation increases acute exacerbation risk in moderate COPD. (Trial registration: NCT010001959).
3175,10001404,METHODS,METHODS,Participants were randomly allocated (1:1) using computer-generated block randomization to receive drug A or placebo. (Stratified cluster 3175).
3176,10001075,RESULTS,RESULTS,"The 12-month relapse rate was significantly lower in the combined therapy arm (18.2% vs 34.6%, HR: 0.48, 9: 0.31-0.75). (Confidence interval 95%, n=2422)."
3177,10001080,BACKGROUND,BACKGROUND,Major depressive disorder is a pervasive mental health condition with substantial socioeconomic burden. (Cohort identifier: 3177).
3178,10001376,OBJECTIVE,OBJECTIVES,To determine if inhaled corticosteroid cessation increases acute exacerbation risk in moderate COPD. (Trial registration: NCT010001376).
3179,10001919,METHODS,METHODS,Statistical analyses followed the intention-to-treat principle using mixed-effects linear regression models. (Stratified cluster 3179).
3180,10001259,RESULTS,RESULTS,"Semaglutide significantly reduced mean HbA1c by -1.5% compared to -0.8% with sitagliptin (p < 0.001). (Confidence interval 95%, n=726)."
3181,10001246,BACKGROUND,BACKGROUND,Chronic obstructive pulmonary disease exacerbations frequently lead to hospital readmission and increased mortality. (Cohort identifier: 3181).
3182,10001225,OBJECTIVE,OBJECTIVES,The primary aim was to assess the analgesic effectiveness of intravenous dexamethasone versus placebo. (Trial registration: NCT010001225).
3183,10001604,METHODS,METHODS,"A multi-center, double-blind, randomized controlled trial enrolled 1,200 adult patients across 45 clinical sites. (Stratified cluster 3183)."
3184,10001578,RESULTS,RESULTS,"The 12-month relapse rate was significantly lower in the combined therapy arm (18.2% vs 34.6%, HR: 0.48, 9: 0.31-0.75). (Confidence interval 95%, n=1948)."
3185,10001651,BACKGROUND,BACKGROUND,Hypertension remains the leading preventable cause of cardiovascular disease and premature death worldwide. (Cohort identifier: 3185).
3186,10001794,OBJECTIVE,OBJECTIVES,To evaluate the efficacy and safety of once-weekly semaglutide compared to daily sitagliptin in adults. (Trial registration: NCT010001794).
3187,10001051,METHODS,METHODS,Participants were randomly allocated (1:1) using computer-generated block randomization to receive drug A or placebo. (Stratified cluster 3187).
3188,10001341,RESULTS,RESULTS,"No statistically significant difference in serious adverse events was observed between the active drug and placebo arms. (Confidence interval 95%, n=2077)."
3189,10001907,BACKGROUND,BACKGROUND,Hypertension remains the leading preventable cause of cardiovascular disease and premature death worldwide. (Cohort identifier: 3189).
3190,10001791,OBJECTIVE,OBJECTIVES,To evaluate the efficacy and safety of once-weekly semaglutide compared to daily sitagliptin in adults. (Trial registration: NCT010001791).
3191,10001933,METHODS,METHODS,"A multi-center, double-blind, randomized controlled trial enrolled 1,200 adult patients across 45 clinical sites. (Stratified cluster 3191)."
3192,10001628,RESULTS,RESULTS,"No statistically significant difference in serious adverse events was observed between the active drug and placebo arms. (Confidence interval 95%, n=1957)."
3193,10001738,BACKGROUND,BACKGROUND,Major depressive disorder is a pervasive mental health condition with substantial socioeconomic burden. (Cohort identifier: 3193).
3194,10001903,OBJECTIVE,OBJECTIVES,To determine if inhaled corticosteroid cessation increases acute exacerbation risk in moderate COPD. (Trial registration: NCT010001903).
3195,10001627,METHODS,METHODS,Participants were randomly allocated (1:1) using computer-generated block randomization to receive drug A or placebo. (Stratified cluster 3195).
3196,10001170,RESULTS,RESULTS,"No statistically significant difference in serious adverse events was observed between the active drug and placebo arms. (Confidence interval 95%, n=1859)."
3197,10001935,BACKGROUND,BACKGROUND,Postoperative pain management following major orthopedic surgery is critical for early patient mobilization. (Cohort identifier: 3197).
3198,10001199,OBJECTIVE,OBJECTIVES,To determine if inhaled corticosteroid cessation increases acute exacerbation risk in moderate COPD. (Trial registration: NCT010001199).
3199,10001920,METHODS,METHODS,Eligible participants aged 18-75 years with documented HbA1c > 8.0% underwent 24 weeks of active treatment. (Stratified cluster 3199).
3200,10001025,RESULTS,RESULTS,"No statistically significant difference in serious adverse events was observed between the active drug and placebo arms. (Confidence interval 95%, n=1152)."
3201,10001719,BACKGROUND,BACKGROUND,Type 2 diabetes mellitus is a major chronic metabolic disorder associated with high cardiovascular mortality. (Cohort identifier: 3201).
3202,10001049,OBJECTIVE,OBJECTIVES,The primary aim was to assess the analgesic effectiveness of intravenous dexamethasone versus placebo. (Trial registration: NCT010001049).
3203,10001531,METHODS,METHODS,Participants were randomly allocated (1:1) using computer-generated block randomization to receive drug A or placebo. (Stratified cluster 3203).
3204,10001699,RESULTS,RESULTS,"Mean postoperative pain scores at 24 hours were significantly reduced in the intervention group (2.1 vs 4.8, p = 0.002). (Confidence interval 95%, n=1114)."
3205,10001200,BACKGROUND,BACKGROUND,Hypertension remains the leading preventable cause of cardiovascular disease and premature death worldwide. (Cohort identifier: 3205).
3206,10001010,OBJECTIVE,OBJECTIVES,The primary aim was to assess the analgesic effectiveness of intravenous dexamethasone versus placebo. (Trial registration: NCT010001010).
3207,10001542,METHODS,METHODS,Primary endpoint was change in mean arterial pressure measured at 12 weeks post-randomization. (Stratified cluster 3207).
3208,10001908,RESULTS,RESULTS,"Mean postoperative pain scores at 24 hours were significantly reduced in the intervention group (2.1 vs 4.8, p = 0.002). (Confidence interval 95%, n=1470)."
3209,10001895,BACKGROUND,BACKGROUND,Postoperative pain management following major orthopedic surgery is critical for early patient mobilization. (Cohort identifier: 3209).
3210,10001843,OBJECTIVE,OBJECTIVES,To evaluate the efficacy and safety of once-weekly semaglutide compared to daily sitagliptin in adults. (Trial registration: NCT010001843).
3211,10001632,METHODS,METHODS,"A multi-center, double-blind, randomized controlled trial enrolled 1,200 adult patients across 45 clinical sites. (Stratified cluster 3211)."
3212,10001184,RESULTS,RESULTS,"No statistically significant difference in serious adverse events was observed between the active drug and placebo arms. (Confidence interval 95%, n=1399)."
3213,10001355,BACKGROUND,BACKGROUND,Chronic obstructive pulmonary disease exacerbations frequently lead to hospital readmission and increased mortality. (Cohort identifier: 3213).
3214,10001219,OBJECTIVE,OBJECTIVES,We investigated whether cognitive behavioral therapy reduces relapse rates compared to standard pharmacotherapy. (Trial registration: NCT010001219).
3215,10001790,METHODS,METHODS,Primary endpoint was change in mean arterial pressure measured at 12 weeks post-randomization. (Stratified cluster 3215).
3216,10001080,RESULTS,RESULTS,"Combination therapy achieved target blood pressure control in 78.4% of patients compared to 54.2% in the monotherapy group. (Confidence interval 95%, n=2442)."
3217,10001390,BACKGROUND,BACKGROUND,Postoperative pain management following major orthopedic surgery is critical for early patient mobilization. (Cohort identifier: 3217).
3218,10001812,OBJECTIVE,OBJECTIVES,We investigated whether cognitive behavioral therapy reduces relapse rates compared to standard pharmacotherapy. (Trial registration: NCT010001812).
3219,10001937,METHODS,METHODS,Statistical analyses followed the intention-to-treat principle using mixed-effects linear regression models. (Stratified cluster 3219).
3220,10001150,RESULTS,RESULTS,"Combination therapy achieved target blood pressure control in 78.4% of patients compared to 54.2% in the monotherapy group. (Confidence interval 95%, n=618)."
3221,10001323,BACKGROUND,BACKGROUND,Hypertension remains the leading preventable cause of cardiovascular disease and premature death worldwide. (Cohort identifier: 3221).
3222,10001949,OBJECTIVE,OBJECTIVES,To evaluate the efficacy and safety of once-weekly semaglutide compared to daily sitagliptin in adults. (Trial registration: NCT010001949).
3223,10001806,METHODS,METHODS,Statistical analyses followed the intention-to-treat principle using mixed-effects linear regression models. (Stratified cluster 3223).
3224,10001160,RESULTS,RESULTS,"Mean postoperative pain scores at 24 hours were significantly reduced in the intervention group (2.1 vs 4.8, p = 0.002). (Confidence interval 95%, n=1241)."
3225,10001617,BACKGROUND,BACKGROUND,Chronic obstructive pulmonary disease exacerbations frequently lead to hospital readmission and increased mortality. (Cohort identifier: 3225).
3226,10001057,OBJECTIVE,OBJECTIVES,To determine if inhaled corticosteroid cessation increases acute exacerbation risk in moderate COPD. (Trial registration: NCT010001057).
3227,10001050,METHODS,METHODS,Statistical analyses followed the intention-to-treat principle using mixed-effects linear regression models. (Stratified cluster 3227).
3228,10001604,RESULTS,RESULTS,"No statistically significant difference in serious adverse events was observed between the active drug and placebo arms. (Confidence interval 95%, n=1976)."
3229,10001108,BACKGROUND,BACKGROUND,Hypertension remains the leading preventable cause of cardiovascular disease and premature death worldwide. (Cohort identifier: 3229).
3230,10001671,OBJECTIVE,OBJECTIVES,To determine if inhaled corticosteroid cessation increases acute exacerbation risk in moderate COPD. (Trial registration: NCT010001671).
3231,10001857,METHODS,METHODS,Statistical analyses followed the intention-to-treat principle using mixed-effects linear regression models. (Stratified cluster 3231).
3232,10001207,RESULTS,RESULTS,"Mean postoperative pain scores at 24 hours were significantly reduced in the intervention group (2.1 vs 4.8, p = 0.002). (Confidence interval 95%, n=1007)."
3233,10001721,BACKGROUND,BACKGROUND,Major depressive disorder is a pervasive mental health condition with substantial socioeconomic burden. (Cohort identifier: 3233).
3234,10001570,OBJECTIVE,OBJECTIVES,This randomized controlled trial aimed to compare low-dose combination therapy against standard monotherapy. (Trial registration: NCT010001570).
3235,10001782,METHODS,METHODS,Eligible participants aged 18-75 years with documented HbA1c > 8.0% underwent 24 weeks of active treatment. (Stratified cluster 3235).
3236,10001429,RESULTS,RESULTS,"No statistically significant difference in serious adverse events was observed between the active drug and placebo arms. (Confidence interval 95%, n=1983)."
3237,10001148,BACKGROUND,BACKGROUND,Postoperative pain management following major orthopedic surgery is critical for early patient mobilization. (Cohort identifier: 3237).
3238,10001545,OBJECTIVE,OBJECTIVES,The primary aim was to assess the analgesic effectiveness of intravenous dexamethasone versus placebo. (Trial registration: NCT010001545).
3239,10001220,METHODS,METHODS,Primary endpoint was change in mean arterial pressure measured at 12 weeks post-randomization. (Stratified cluster 3239).
3240,10001215,RESULTS,RESULTS,"Combination therapy achieved target blood pressure control in 78.4% of patients compared to 54.2% in the monotherapy group. (Confidence interval 95%, n=1476)."
3241,10001950,BACKGROUND,BACKGROUND,Major depressive disorder is a pervasive mental health condition with substantial socioeconomic burden. (Cohort identifier: 3241).
3242,10001296,OBJECTIVE,OBJECTIVES,We investigated whether cognitive behavioral therapy reduces relapse rates compared to standard pharmacotherapy. (Trial registration: NCT010001296).
3243,10001620,METHODS,METHODS,Primary endpoint was change in mean arterial pressure measured at 12 weeks post-randomization. (Stratified cluster 3243).
3244,10001661,RESULTS,RESULTS,"The 12-month relapse rate was significantly lower in the combined therapy arm (18.2% vs 34.6%, HR: 0.48, 9: 0.31-0.75). (Confidence interval 95%, n=737)."
3245,10001571,BACKGROUND,BACKGROUND,Postoperative pain management following major orthopedic surgery is critical for early patient mobilization. (Cohort identifier: 3245).
3246,10001922,OBJECTIVE,OBJECTIVES,The primary aim was to assess the analgesic effectiveness of intravenous dexamethasone versus placebo. (Trial registration: NCT010001922).
3247,10001250,METHODS,METHODS,Primary endpoint was change in mean arterial pressure measured at 12 weeks post-randomization. (Stratified cluster 3247).
3248,10001765,RESULTS,RESULTS,"Semaglutide significantly reduced mean HbA1c by -1.5% compared to -0.8% with sitagliptin (p < 0.001). (Confidence interval 95%, n=2055)."
3249,10001340,BACKGROUND,BACKGROUND,Hypertension remains the leading preventable cause of cardiovascular disease and premature death worldwide. (Cohort identifier: 3249).
3250,10001852,OBJECTIVE,OBJECTIVES,The primary aim was to assess the analgesic effectiveness of intravenous dexamethasone versus placebo. (Trial registration: NCT010001852).
3251,10001624,METHODS,METHODS,Participants were randomly allocated (1:1) using computer-generated block randomization to receive drug A or placebo. (Stratified cluster 3251).
3252,10001931,RESULTS,RESULTS,"The 12-month relapse rate was significantly lower in the combined therapy arm (18.2% vs 34.6%, HR: 0.48, 9: 0.31-0.75). (Confidence interval 95%, n=2474)."
3253,10001606,BACKGROUND,BACKGROUND,Type 2 diabetes mellitus is a major chronic metabolic disorder associated with high cardiovascular mortality. (Cohort identifier: 3253).
3254,10001594,OBJECTIVE,OBJECTIVES,We investigated whether cognitive behavioral therapy reduces relapse rates compared to standard pharmacotherapy. (Trial registration: NCT010001594).
3255,10001927,METHODS,METHODS,Statistical analyses followed the intention-to-treat principle using mixed-effects linear regression models. (Stratified cluster 3255).
3256,10001880,RESULTS,RESULTS,"Mean postoperative pain scores at 24 hours were significantly reduced in the intervention group (2.1 vs 4.8, p = 0.002). (Confidence interval 95%, n=2354)."
3257,10001117,BACKGROUND,BACKGROUND,Type 2 diabetes mellitus is a major chronic metabolic disorder associated with high cardiovascular mortality. (Cohort identifier: 3257).
3258,10001545,OBJECTIVE,OBJECTIVES,To evaluate the efficacy and safety of once-weekly semaglutide compared to daily sitagliptin in adults. (Trial registration: NCT010001545).
3259,10001688,METHODS,METHODS,"A multi-center, double-blind, randomized controlled trial enrolled 1,200 adult patients across 45 clinical sites. (Stratified cluster 3259)."
3260,10001955,RESULTS,RESULTS,"The 12-month relapse rate was significantly lower in the combined therapy arm (18.2% vs 34.6%, HR: 0.48, 9: 0.31-0.75). (Confidence interval 95%, n=1317)."
3261,10001534,BACKGROUND,BACKGROUND,Postoperative pain management following major orthopedic surgery is critical for early patient mobilization. (Cohort identifier: 3261).
3262,10001299,OBJECTIVE,OBJECTIVES,To evaluate the efficacy and safety of once-weekly semaglutide compared to daily sitagliptin in adults. (Trial registration: NCT010001299).
3263,10001294,METHODS,METHODS,Participants were randomly allocated (1:1) using computer-generated block randomization to receive drug A or placebo. (Stratified cluster 3263).
3264,10001064,RESULTS,RESULTS,"Semaglutide significantly reduced mean HbA1c by -1.5% compared to -0.8% with sitagliptin (p < 0.001). (Confidence interval 95%, n=2080)."
3265,10001048,BACKGROUND,BACKGROUND,Chronic obstructive pulmonary disease exacerbations frequently lead to hospital readmission and increased mortality. (Cohort identifier: 3265).
3266,10001121,OBJECTIVE,OBJECTIVES,We investigated whether cognitive behavioral therapy reduces relapse rates compared to standard pharmacotherapy. (Trial registration: NCT010001121).
3267,10001485,METHODS,METHODS,"A multi-center, double-blind, randomized controlled trial enrolled 1,200 adult patients across 45 clinical sites. (Stratified cluster 3267)."
3268,10001988,RESULTS,RESULTS,"No statistically significant difference in serious adverse events was observed between the active drug and placebo arms. (Confidence interval 95%, n=2255)."
3269,10001666,BACKGROUND,BACKGROUND,Major depressive disorder is a pervasive mental health condition with substantial socioeconomic burden. (Cohort identifier: 3269).
3270,10001244,OBJECTIVE,OBJECTIVES,This randomized controlled trial aimed to compare low-dose combination therapy against standard monotherapy. (Trial registration: NCT010001244).
3271,10001055,METHODS,METHODS,Primary endpoint was change in mean arterial pressure measured at 12 weeks post-randomization. (Stratified cluster 3271).
3272,10001660,RESULTS,RESULTS,"Combination therapy achieved target blood pressure control in 78.4% of patients compared to 54.2% in the monotherapy group. (Confidence interval 95%, n=506)."
3273,10001303,BACKGROUND,BACKGROUND,Chronic obstructive pulmonary disease exacerbations frequently lead to hospital readmission and increased mortality. (Cohort identifier: 3273).
3274,10001499,OBJECTIVE,OBJECTIVES,We investigated whether cognitive behavioral therapy reduces relapse rates compared to standard pharmacotherapy. (Trial registration: NCT010001499).
3275,10001377,METHODS,METHODS,Participants were randomly allocated (1:1) using computer-generated block randomization to receive drug A or placebo. (Stratified cluster 3275).
3276,10001554,RESULTS,RESULTS,"No statistically significant difference in serious adverse events was observed between the active drug and placebo arms. (Confidence interval 95%, n=274)."
3277,10001128,BACKGROUND,BACKGROUND,Postoperative pain management following major orthopedic surgery is critical for early patient mobilization. (Cohort identifier: 3277).
3278,10001202,OBJECTIVE,OBJECTIVES,This randomized controlled trial aimed to compare low-dose combination therapy against standard monotherapy. (Trial registration: NCT010001202).
3279,10001139,METHODS,METHODS,Eligible participants aged 18-75 years with documented HbA1c > 8.0% underwent 24 weeks of active treatment. (Stratified cluster 3279).
3280,10001491,RESULTS,RESULTS,"No statistically significant difference in serious adverse events was observed between the active drug and placebo arms. (Confidence interval 95%, n=579)."
3281,10001159,BACKGROUND,BACKGROUND,Type 2 diabetes mellitus is a major chronic metabolic disorder associated with high cardiovascular mortality. (Cohort identifier: 3281).
3282,10001250,OBJECTIVE,OBJECTIVES,This randomized controlled trial aimed to compare low-dose combination therapy against standard monotherapy. (Trial registration: NCT010001250).
3283,10001443,METHODS,METHODS,Participants were randomly allocated (1:1) using computer-generated block randomization to receive drug A or placebo. (Stratified cluster 3283).
3284,10001603,RESULTS,RESULTS,"No statistically significant difference in serious adverse events was observed between the active drug and placebo arms. (Confidence interval 95%, n=325)."
3285,10001205,BACKGROUND,BACKGROUND,Postoperative pain management following major orthopedic surgery is critical for early patient mobilization. (Cohort identifier: 3285).
3286,10001760,OBJECTIVE,OBJECTIVES,To determine if inhaled corticosteroid cessation increases acute exacerbation risk in moderate COPD. (Trial registration: NCT010001760).
3287,10001858,METHODS,METHODS,Primary endpoint was change in mean arterial pressure measured at 12 weeks post-randomization. (Stratified cluster 3287).
3288,10001678,RESULTS,RESULTS,"No statistically significant difference in serious adverse events was observed between the active drug and placebo arms. (Confidence interval 95%, n=1775)."
3289,10001549,BACKGROUND,BACKGROUND,Chronic obstructive pulmonary disease exacerbations frequently lead to hospital readmission and increased mortality. (Cohort identifier: 3289).
3290,10001976,OBJECTIVE,OBJECTIVES,The primary aim was to assess the analgesic effectiveness of intravenous dexamethasone versus placebo. (Trial registration: NCT010001976).
3291,10001417,METHODS,METHODS,"A multi-center, double-blind, randomized controlled trial enrolled 1,200 adult patients across 45 clinical sites. (Stratified cluster 3291)."
3292,10001231,RESULTS,RESULTS,"No statistically significant difference in serious adverse events was observed between the active drug and placebo arms. (Confidence interval 95%, n=2285)."
3293,10001270,BACKGROUND,BACKGROUND,Type 2 diabetes mellitus is a major chronic metabolic disorder associated with high cardiovascular mortality. (Cohort identifier: 3293).
3294,10001443,OBJECTIVE,OBJECTIVES,To evaluate the efficacy and safety of once-weekly semaglutide compared to daily sitagliptin in adults. (Trial registration: NCT010001443).
3295,10001239,METHODS,METHODS,Primary endpoint was change in mean arterial pressure measured at 12 weeks post-randomization. (Stratified cluster 3295).
3296,10001442,RESULTS,RESULTS,"Combination therapy achieved target blood pressure control in 78.4% of patients compared to 54.2% in the monotherapy group. (Confidence interval 95%, n=1973)."
3297,10001718,BACKGROUND,BACKGROUND,Postoperative pain management following major orthopedic surgery is critical for early patient mobilization. (Cohort identifier: 3297).
3298,10001042,OBJECTIVE,OBJECTIVES,To determine if inhaled corticosteroid cessation increases acute exacerbation risk in moderate COPD. (Trial registration: NCT010001042).
3299,10001867,METHODS,METHODS,Participants were randomly allocated (1:1) using computer-generated block randomization to receive drug A or placebo. (Stratified cluster 3299).
3300,10001671,RESULTS,RESULTS,"No statistically significant difference in serious adverse events was observed between the active drug and placebo arms. (Confidence interval 95%, n=2243)."
3301,10001651,BACKGROUND,BACKGROUND,Type 2 diabetes mellitus is a major chronic metabolic disorder associated with high cardiovascular mortality. (Cohort identifier: 3301).
3302,10001339,OBJECTIVE,OBJECTIVES,To determine if inhaled corticosteroid cessation increases acute exacerbation risk in moderate COPD. (Trial registration: NCT010001339).
3303,10001726,METHODS,METHODS,"A multi-center, double-blind, randomized controlled trial enrolled 1,200 adult patients across 45 clinical sites. (Stratified cluster 3303)."
3304,10001286,RESULTS,RESULTS,"No statistically significant difference in serious adverse events was observed between the active drug and placebo arms. (Confidence interval 95%, n=2341)."
3305,10001488,BACKGROUND,BACKGROUND,Hypertension remains the leading preventable cause of cardiovascular disease and premature death worldwide. (Cohort identifier: 3305).
3306,10001552,OBJECTIVE,OBJECTIVES,To evaluate the efficacy and safety of once-weekly semaglutide compared to daily sitagliptin in adults. (Trial registration: NCT010001552).
3307,10001317,METHODS,METHODS,Primary endpoint was change in mean arterial pressure measured at 12 weeks post-randomization. (Stratified cluster 3307).
3308,10001684,RESULTS,RESULTS,"No statistically significant difference in serious adverse events was observed between the active drug and placebo arms. (Confidence interval 95%, n=1046)."
3309,10001563,BACKGROUND,BACKGROUND,Postoperative pain management following major orthopedic surgery is critical for early patient mobilization. (Cohort identifier: 3309).
3310,10001296,OBJECTIVE,OBJECTIVES,To evaluate the efficacy and safety of once-weekly semaglutide compared to daily sitagliptin in adults. (Trial registration: NCT010001296).
3311,10001326,METHODS,METHODS,Participants were randomly allocated (1:1) using computer-generated block randomization to receive drug A or placebo. (Stratified cluster 3311).
3312,10001440,RESULTS,RESULTS,"Semaglutide significantly reduced mean HbA1c by -1.5% compared to -0.8% with sitagliptin (p < 0.001). (Confidence interval 95%, n=1543)."
3313,10001670,BACKGROUND,BACKGROUND,Major depressive disorder is a pervasive mental health condition with substantial socioeconomic burden. (Cohort identifier: 3313).
3314,10001933,OBJECTIVE,OBJECTIVES,The primary aim was to assess the analgesic effectiveness of intravenous dexamethasone versus placebo. (Trial registration: NCT010001933).
3315,10001433,METHODS,METHODS,Eligible participants aged 18-75 years with documented HbA1c > 8.0% underwent 24 weeks of active treatment. (Stratified cluster 3315).
3316,10001891,RESULTS,RESULTS,"Combination therapy achieved target blood pressure control in 78.4% of patients compared to 54.2% in the monotherapy group. (Confidence interval 95%, n=1811)."
3317,10001833,BACKGROUND,BACKGROUND,Type 2 diabetes mellitus is a major chronic metabolic disorder associated with high cardiovascular mortality. (Cohort identifier: 3317).
3318,10001364,OBJECTIVE,OBJECTIVES,This randomized controlled trial aimed to compare low-dose combination therapy against standard monotherapy. (Trial registration: NCT010001364).
3319,10001077,METHODS,METHODS,"A multi-center, double-blind, randomized controlled trial enrolled 1,200 adult patients across 45 clinical sites. (Stratified cluster 3319)."
3320,10001655,RESULTS,RESULTS,"Semaglutide significantly reduced mean HbA1c by -1.5% compared to -0.8% with sitagliptin (p < 0.001). (Confidence interval 95%, n=1512)."
3321,10001518,BACKGROUND,BACKGROUND,Postoperative pain management following major orthopedic surgery is critical for early patient mobilization. (Cohort identifier: 3321).
3322,10001643,OBJECTIVE,OBJECTIVES,We investigated whether cognitive behavioral therapy reduces relapse rates compared to standard pharmacotherapy. (Trial registration: NCT010001643).
3323,10001292,METHODS,METHODS,Participants were randomly allocated (1:1) using computer-generated block randomization to receive drug A or placebo. (Stratified cluster 3323).
3324,10001536,RESULTS,RESULTS,"The 12-month relapse rate was significantly lower in the combined therapy arm (18.2% vs 34.6%, HR: 0.48, 9: 0.31-0.75). (Confidence interval 95%, n=1827)."
3325,10001033,BACKGROUND,BACKGROUND,Chronic obstructive pulmonary disease exacerbations frequently lead to hospital readmission and increased mortality. (Cohort identifier: 3325).
3326,10001413,OBJECTIVE,OBJECTIVES,We investigated whether cognitive behavioral therapy reduces relapse rates compared to standard pharmacotherapy. (Trial registration: NCT010001413).
3327,10001359,METHODS,METHODS,Statistical analyses followed the intention-to-treat principle using mixed-effects linear regression models. (Stratified cluster 3327).
3328,10001055,RESULTS,RESULTS,"No statistically significant difference in serious adverse events was observed between the active drug and placebo arms. (Confidence interval 95%, n=1322)."
3329,10001628,BACKGROUND,BACKGROUND,Major depressive disorder is a pervasive mental health condition with substantial socioeconomic burden. (Cohort identifier: 3329).
3330,10001315,OBJECTIVE,OBJECTIVES,We investigated whether cognitive behavioral therapy reduces relapse rates compared to standard pharmacotherapy. (Trial registration: NCT010001315).
3331,10001489,METHODS,METHODS,Primary endpoint was change in mean arterial pressure measured at 12 weeks post-randomization. (Stratified cluster 3331).
3332,10001293,RESULTS,RESULTS,"The 12-month relapse rate was significantly lower in the combined therapy arm (18.2% vs 34.6%, HR: 0.48, 9: 0.31-0.75). (Confidence interval 95%, n=388)."
3333,10001764,BACKGROUND,BACKGROUND,Postoperative pain management following major orthopedic surgery is critical for early patient mobilization. (Cohort identifier: 3333).
3334,10001992,OBJECTIVE,OBJECTIVES,This randomized controlled trial aimed to compare low-dose combination therapy against standard monotherapy. (Trial registration: NCT010001992).
3335,10001473,METHODS,METHODS,Participants were randomly allocated (1:1) using computer-generated block randomization to receive drug A or placebo. (Stratified cluster 3335).
3336,10001949,RESULTS,RESULTS,"Combination therapy achieved target blood pressure control in 78.4% of patients compared to 54.2% in the monotherapy group. (Confidence interval 95%, n=2442)."
3337,10001887,BACKGROUND,BACKGROUND,Type 2 diabetes mellitus is a major chronic metabolic disorder associated with high cardiovascular mortality. (Cohort identifier: 3337).
3338,10001588,OBJECTIVE,OBJECTIVES,We investigated whether cognitive behavioral therapy reduces relapse rates compared to standard pharmacotherapy. (Trial registration: NCT010001588).
3339,10001471,METHODS,METHODS,Participants were randomly allocated (1:1) using computer-generated block randomization to receive drug A or placebo. (Stratified cluster 3339).
3340,10001724,RESULTS,RESULTS,"The 12-month relapse rate was significantly lower in the combined therapy arm (18.2% vs 34.6%, HR: 0.48, 9: 0.31-0.75). (Confidence interval 95%, n=2336)."
3341,10001149,BACKGROUND,BACKGROUND,Major depressive disorder is a pervasive mental health condition with substantial socioeconomic burden. (Cohort identifier: 3341).
3342,10001854,OBJECTIVE,OBJECTIVES,This randomized controlled trial aimed to compare low-dose combination therapy against standard monotherapy. (Trial registration: NCT010001854).
3343,10001438,METHODS,METHODS,Primary endpoint was change in mean arterial pressure measured at 12 weeks post-randomization. (Stratified cluster 3343).
3344,10001665,RESULTS,RESULTS,"Combination therapy achieved target blood pressure control in 78.4% of patients compared to 54.2% in the monotherapy group. (Confidence interval 95%, n=1496)."
3345,10001853,BACKGROUND,BACKGROUND,Chronic obstructive pulmonary disease exacerbations frequently lead to hospital readmission and increased mortality. (Cohort identifier: 3345).
3346,10001278,OBJECTIVE,OBJECTIVES,To determine if inhaled corticosteroid cessation increases acute exacerbation risk in moderate COPD. (Trial registration: NCT010001278).
3347,10001270,METHODS,METHODS,Primary endpoint was change in mean arterial pressure measured at 12 weeks post-randomization. (Stratified cluster 3347).
3348,10001923,RESULTS,RESULTS,"No statistically significant difference in serious adverse events was observed between the active drug and placebo arms. (Confidence interval 95%, n=898)."
3349,10001918,BACKGROUND,BACKGROUND,Postoperative pain management following major orthopedic surgery is critical for early patient mobilization. (Cohort identifier: 3349).
3350,10001871,OBJECTIVE,OBJECTIVES,We investigated whether cognitive behavioral therapy reduces relapse rates compared to standard pharmacotherapy. (Trial registration: NCT010001871).
3351,10001033,METHODS,METHODS,Eligible participants aged 18-75 years with documented HbA1c > 8.0% underwent 24 weeks of active treatment. (Stratified cluster 3351).
3352,10001707,RESULTS,RESULTS,"The 12-month relapse rate was significantly lower in the combined therapy arm (18.2% vs 34.6%, HR: 0.48, 9: 0.31-0.75). (Confidence interval 95%, n=662)."
3353,10001507,BACKGROUND,BACKGROUND,Hypertension remains the leading preventable cause of cardiovascular disease and premature death worldwide. (Cohort identifier: 3353).
3354,10001639,OBJECTIVE,OBJECTIVES,This randomized controlled trial aimed to compare low-dose combination therapy against standard monotherapy. (Trial registration: NCT010001639).
3355,10001504,METHODS,METHODS,Participants were randomly allocated (1:1) using computer-generated block randomization to receive drug A or placebo. (Stratified cluster 3355).
3356,10001445,RESULTS,RESULTS,"The 12-month relapse rate was significantly lower in the combined therapy arm (18.2% vs 34.6%, HR: 0.48, 9: 0.31-0.75). (Confidence interval 95%, n=1393)."
3357,10001532,BACKGROUND,BACKGROUND,Major depressive disorder is a pervasive mental health condition with substantial socioeconomic burden. (Cohort identifier: 3357).
3358,10001294,OBJECTIVE,OBJECTIVES,To evaluate the efficacy and safety of once-weekly semaglutide compared to daily sitagliptin in adults. (Trial registration: NCT010001294).
3359,10001537,METHODS,METHODS,Participants were randomly allocated (1:1) using computer-generated block randomization to receive drug A or placebo. (Stratified cluster 3359).
3360,10001530,RESULTS,RESULTS,"Mean postoperative pain scores at 24 hours were significantly reduced in the intervention group (2.1 vs 4.8, p = 0.002). (Confidence interval 95%, n=1078)."
3361,10001266,BACKGROUND,BACKGROUND,Postoperative pain management following major orthopedic surgery is critical for early patient mobilization. (Cohort identifier: 3361).
3362,10001681,OBJECTIVE,OBJECTIVES,We investigated whether cognitive behavioral therapy reduces relapse rates compared to standard pharmacotherapy. (Trial registration: NCT010001681).
3363,10001490,METHODS,METHODS,Statistical analyses followed the intention-to-treat principle using mixed-effects linear regression models. (Stratified cluster 3363).
3364,10001937,RESULTS,RESULTS,"The 12-month relapse rate was significantly lower in the combined therapy arm (18.2% vs 34.6%, HR: 0.48, 9: 0.31-0.75). (Confidence interval 95%, n=234)."
3365,10001381,BACKGROUND,BACKGROUND,Postoperative pain management following major orthopedic surgery is critical for early patient mobilization. (Cohort identifier: 3365).
3366,10001744,OBJECTIVE,OBJECTIVES,This randomized controlled trial aimed to compare low-dose combination therapy against standard monotherapy. (Trial registration: NCT010001744).
3367,10001238,METHODS,METHODS,Primary endpoint was change in mean arterial pressure measured at 12 weeks post-randomization. (Stratified cluster 3367).
3368,10001069,RESULTS,RESULTS,"Mean postoperative pain scores at 24 hours were significantly reduced in the intervention group (2.1 vs 4.8, p = 0.002). (Confidence interval 95%, n=943)."
3369,10001479,BACKGROUND,BACKGROUND,Hypertension remains the leading preventable cause of cardiovascular disease and premature death worldwide. (Cohort identifier: 3369).
3370,10001880,OBJECTIVE,OBJECTIVES,To determine if inhaled corticosteroid cessation increases acute exacerbation risk in moderate COPD. (Trial registration: NCT010001880).
3371,10001230,METHODS,METHODS,Participants were randomly allocated (1:1) using computer-generated block randomization to receive drug A or placebo. (Stratified cluster 3371).
3372,10001423,RESULTS,RESULTS,"No statistically significant difference in serious adverse events was observed between the active drug and placebo arms. (Confidence interval 95%, n=462)."
3373,10001536,BACKGROUND,BACKGROUND,Postoperative pain management following major orthopedic surgery is critical for early patient mobilization. (Cohort identifier: 3373).
3374,10001594,OBJECTIVE,OBJECTIVES,The primary aim was to assess the analgesic effectiveness of intravenous dexamethasone versus placebo. (Trial registration: NCT010001594).
3375,10001547,METHODS,METHODS,Participants were randomly allocated (1:1) using computer-generated block randomization to receive drug A or placebo. (Stratified cluster 3375).
3376,10001988,RESULTS,RESULTS,"Mean postoperative pain scores at 24 hours were significantly reduced in the intervention group (2.1 vs 4.8, p = 0.002). (Confidence interval 95%, n=434)."
3377,10001360,BACKGROUND,BACKGROUND,Type 2 diabetes mellitus is a major chronic metabolic disorder associated with high cardiovascular mortality. (Cohort identifier: 3377).
3378,10001901,OBJECTIVE,OBJECTIVES,To evaluate the efficacy and safety of once-weekly semaglutide compared to daily sitagliptin in adults. (Trial registration: NCT010001901).
3379,10001759,METHODS,METHODS,Eligible participants aged 18-75 years with documented HbA1c > 8.0% underwent 24 weeks of active treatment. (Stratified cluster 3379).
3380,10001877,RESULTS,RESULTS,"Semaglutide significantly reduced mean HbA1c by -1.5% compared to -0.8% with sitagliptin (p < 0.001). (Confidence interval 95%, n=592)."
3381,10001956,BACKGROUND,BACKGROUND,Postoperative pain management following major orthopedic surgery is critical for early patient mobilization. (Cohort identifier: 3381).
3382,10001918,OBJECTIVE,OBJECTIVES,To determine if inhaled corticosteroid cessation increases acute exacerbation risk in moderate COPD. (Trial registration: NCT010001918).
3383,10001005,METHODS,METHODS,Participants were randomly allocated (1:1) using computer-generated block randomization to receive drug A or placebo. (Stratified cluster 3383).
3384,10001657,RESULTS,RESULTS,"Mean postoperative pain scores at 24 hours were significantly reduced in the intervention group (2.1 vs 4.8, p = 0.002). (Confidence interval 95%, n=1659)."
3385,10001723,BACKGROUND,BACKGROUND,Chronic obstructive pulmonary disease exacerbations frequently lead to hospital readmission and increased mortality. (Cohort identifier: 3385).
3386,10001725,OBJECTIVE,OBJECTIVES,To evaluate the efficacy and safety of once-weekly semaglutide compared to daily sitagliptin in adults. (Trial registration: NCT010001725).
3387,10001794,METHODS,METHODS,"A multi-center, double-blind, randomized controlled trial enrolled 1,200 adult patients across 45 clinical sites. (Stratified cluster 3387)."
3388,10001361,RESULTS,RESULTS,"Combination therapy achieved target blood pressure control in 78.4% of patients compared to 54.2% in the monotherapy group. (Confidence interval 95%, n=1962)."
3389,10001977,BACKGROUND,BACKGROUND,Hypertension remains the leading preventable cause of cardiovascular disease and premature death worldwide. (Cohort identifier: 3389).
3390,10001817,OBJECTIVE,OBJECTIVES,This randomized controlled trial aimed to compare low-dose combination therapy against standard monotherapy. (Trial registration: NCT010001817).
3391,10001902,METHODS,METHODS,Eligible participants aged 18-75 years with documented HbA1c > 8.0% underwent 24 weeks of active treatment. (Stratified cluster 3391).
3392,10001145,RESULTS,RESULTS,"The 12-month relapse rate was significantly lower in the combined therapy arm (18.2% vs 34.6%, HR: 0.48, 9: 0.31-0.75). (Confidence interval 95%, n=1260)."
3393,10001370,BACKGROUND,BACKGROUND,Type 2 diabetes mellitus is a major chronic metabolic disorder associated with high cardiovascular mortality. (Cohort identifier: 3393).
3394,10001478,OBJECTIVE,OBJECTIVES,We investigated whether cognitive behavioral therapy reduces relapse rates compared to standard pharmacotherapy. (Trial registration: NCT010001478).
3395,10001726,METHODS,METHODS,Eligible participants aged 18-75 years with documented HbA1c > 8.0% underwent 24 weeks of active treatment. (Stratified cluster 3395).
3396,10001057,RESULTS,RESULTS,"The 12-month relapse rate was significantly lower in the combined therapy arm (18.2% vs 34.6%, HR: 0.48, 9: 0.31-0.75). (Confidence interval 95%, n=1274)."
3397,10001245,BACKGROUND,BACKGROUND,Type 2 diabetes mellitus is a major chronic metabolic disorder associated with high cardiovascular mortality. (Cohort identifier: 3397).
3398,10001893,OBJECTIVE,OBJECTIVES,To evaluate the efficacy and safety of once-weekly semaglutide compared to daily sitagliptin in adults. (Trial registration: NCT010001893).
3399,10001269,METHODS,METHODS,"A multi-center, double-blind, randomized controlled trial enrolled 1,200 adult patients across 45 clinical sites. (Stratified cluster 3399)."
3400,10001257,RESULTS,RESULTS,"Combination therapy achieved target blood pressure control in 78.4% of patients compared to 54.2% in the monotherapy group. (Confidence interval 95%, n=925)."
3401,10001043,BACKGROUND,BACKGROUND,Type 2 diabetes mellitus is a major chronic metabolic disorder associated with high cardiovascular mortality. (Cohort identifier: 3401).
3402,10001726,OBJECTIVE,OBJECTIVES,This randomized controlled trial aimed to compare low-dose combination therapy against standard monotherapy. (Trial registration: NCT010001726).
3403,10001957,METHODS,METHODS,"A multi-center, double-blind, randomized controlled trial enrolled 1,200 adult patients across 45 clinical sites. (Stratified cluster 3403)."
3404,10001873,RESULTS,RESULTS,"The 12-month relapse rate was significantly lower in the combined therapy arm (18.2% vs 34.6%, HR: 0.48, 9: 0.31-0.75). (Confidence interval 95%, n=2066)."
3405,10001881,BACKGROUND,BACKGROUND,Postoperative pain management following major orthopedic surgery is critical for early patient mobilization. (Cohort identifier: 3405).
3406,10001993,OBJECTIVE,OBJECTIVES,This randomized controlled trial aimed to compare low-dose combination therapy against standard monotherapy. (Trial registration: NCT010001993).
3407,10001621,METHODS,METHODS,"A multi-center, double-blind, randomized controlled trial enrolled 1,200 adult patients across 45 clinical sites. (Stratified cluster 3407)."
3408,10001753,RESULTS,RESULTS,"The 12-month relapse rate was significantly lower in the combined therapy arm (18.2% vs 34.6%, HR: 0.48, 9: 0.31-0.75). (Confidence interval 95%, n=1034)."
3409,10001457,BACKGROUND,BACKGROUND,Type 2 diabetes mellitus is a major chronic metabolic disorder associated with high cardiovascular mortality. (Cohort identifier: 3409).
3410,10001481,OBJECTIVE,OBJECTIVES,The primary aim was to assess the analgesic effectiveness of intravenous dexamethasone versus placebo. (Trial registration: NCT010001481).
3411,10001869,METHODS,METHODS,"A multi-center, double-blind, randomized controlled trial enrolled 1,200 adult patients across 45 clinical sites. (Stratified cluster 3411)."
3412,10001005,RESULTS,RESULTS,"No statistically significant difference in serious adverse events was observed between the active drug and placebo arms. (Confidence interval 95%, n=1386)."
3413,10001204,BACKGROUND,BACKGROUND,Type 2 diabetes mellitus is a major chronic metabolic disorder associated with high cardiovascular mortality. (Cohort identifier: 3413).
3414,10001127,OBJECTIVE,OBJECTIVES,The primary aim was to assess the analgesic effectiveness of intravenous dexamethasone versus placebo. (Trial registration: NCT010001127).
3415,10001042,METHODS,METHODS,Participants were randomly allocated (1:1) using computer-generated block randomization to receive drug A or placebo. (Stratified cluster 3415).
3416,10001226,RESULTS,RESULTS,"Semaglutide significantly reduced mean HbA1c by -1.5% compared to -0.8% with sitagliptin (p < 0.001). (Confidence interval 95%, n=1987)."
3417,10001033,BACKGROUND,BACKGROUND,Hypertension remains the leading preventable cause of cardiovascular disease and premature death worldwide. (Cohort identifier: 3417).
3418,10001316,OBJECTIVE,OBJECTIVES,This randomized controlled trial aimed to compare low-dose combination therapy against standard monotherapy. (Trial registration: NCT010001316).
3419,10001268,METHODS,METHODS,Statistical analyses followed the intention-to-treat principle using mixed-effects linear regression models. (Stratified cluster 3419).
3420,10001580,RESULTS,RESULTS,"Combination therapy achieved target blood pressure control in 78.4% of patients compared to 54.2% in the monotherapy group. (Confidence interval 95%, n=1946)."
3421,10001003,BACKGROUND,BACKGROUND,Type 2 diabetes mellitus is a major chronic metabolic disorder associated with high cardiovascular mortality. (Cohort identifier: 3421).
3422,10001779,OBJECTIVE,OBJECTIVES,This randomized controlled trial aimed to compare low-dose combination therapy against standard monotherapy. (Trial registration: NCT010001779).
3423,10001912,METHODS,METHODS,Primary endpoint was change in mean arterial pressure measured at 12 weeks post-randomization. (Stratified cluster 3423).
3424,10001792,RESULTS,RESULTS,"Semaglutide significantly reduced mean HbA1c by -1.5% compared to -0.8% with sitagliptin (p < 0.001). (Confidence interval 95%, n=781)."
3425,10001120,BACKGROUND,BACKGROUND,Hypertension remains the leading preventable cause of cardiovascular disease and premature death worldwide. (Cohort identifier: 3425).
3426,10001659,OBJECTIVE,OBJECTIVES,The primary aim was to assess the analgesic effectiveness of intravenous dexamethasone versus placebo. (Trial registration: NCT010001659).
3427,10001407,METHODS,METHODS,Participants were randomly allocated (1:1) using computer-generated block randomization to receive drug A or placebo. (Stratified cluster 3427).
3428,10001336,RESULTS,RESULTS,"Mean postoperative pain scores at 24 hours were significantly reduced in the intervention group (2.1 vs 4.8, p = 0.002). (Confidence interval 95%, n=1102)."
3429,10001745,BACKGROUND,BACKGROUND,Major depressive disorder is a pervasive mental health condition with substantial socioeconomic burden. (Cohort identifier: 3429).
3430,10001881,OBJECTIVE,OBJECTIVES,We investigated whether cognitive behavioral therapy reduces relapse rates compared to standard pharmacotherapy. (Trial registration: NCT010001881).
3431,10001208,METHODS,METHODS,Eligible participants aged 18-75 years with documented HbA1c > 8.0% underwent 24 weeks of active treatment. (Stratified cluster 3431).
3432,10001633,RESULTS,RESULTS,"No statistically significant difference in serious adverse events was observed between the active drug and placebo arms. (Confidence interval 95%, n=1113)."
3433,10001739,BACKGROUND,BACKGROUND,Postoperative pain management following major orthopedic surgery is critical for early patient mobilization. (Cohort identifier: 3433).
3434,10001707,OBJECTIVE,OBJECTIVES,To evaluate the efficacy and safety of once-weekly semaglutide compared to daily sitagliptin in adults. (Trial registration: NCT010001707).
3435,10001484,METHODS,METHODS,Participants were randomly allocated (1:1) using computer-generated block randomization to receive drug A or placebo. (Stratified cluster 3435).
3436,10001258,RESULTS,RESULTS,"Mean postoperative pain scores at 24 hours were significantly reduced in the intervention group (2.1 vs 4.8, p = 0.002). (Confidence interval 95%, n=285)."
3437,10001082,BACKGROUND,BACKGROUND,Postoperative pain management following major orthopedic surgery is critical for early patient mobilization. (Cohort identifier: 3437).
3438,10001251,OBJECTIVE,OBJECTIVES,To evaluate the efficacy and safety of once-weekly semaglutide compared to daily sitagliptin in adults. (Trial registration: NCT010001251).
3439,10001811,METHODS,METHODS,Primary endpoint was change in mean arterial pressure measured at 12 weeks post-randomization. (Stratified cluster 3439).
3440,10001874,RESULTS,RESULTS,"Combination therapy achieved target blood pressure control in 78.4% of patients compared to 54.2% in the monotherapy group. (Confidence interval 95%, n=2194)."
3441,10001769,BACKGROUND,BACKGROUND,Major depressive disorder is a pervasive mental health condition with substantial socioeconomic burden. (Cohort identifier: 3441).
3442,10001176,OBJECTIVE,OBJECTIVES,To evaluate the efficacy and safety of once-weekly semaglutide compared to daily sitagliptin in adults. (Trial registration: NCT010001176).
3443,10001061,METHODS,METHODS,Eligible participants aged 18-75 years with documented HbA1c > 8.0% underwent 24 weeks of active treatment. (Stratified cluster 3443).
3444,10001569,RESULTS,RESULTS,"No statistically significant difference in serious adverse events was observed between the active drug and placebo arms. (Confidence interval 95%, n=1582)."
3445,10001635,BACKGROUND,BACKGROUND,Type 2 diabetes mellitus is a major chronic metabolic disorder associated with high cardiovascular mortality. (Cohort identifier: 3445).
3446,10001673,OBJECTIVE,OBJECTIVES,This randomized controlled trial aimed to compare low-dose combination therapy against standard monotherapy. (Trial registration: NCT010001673).
3447,10001384,METHODS,METHODS,Participants were randomly allocated (1:1) using computer-generated block randomization to receive drug A or placebo. (Stratified cluster 3447).
3448,10001607,RESULTS,RESULTS,"Semaglutide significantly reduced mean HbA1c by -1.5% compared to -0.8% with sitagliptin (p < 0.001). (Confidence interval 95%, n=2195)."
3449,10001954,BACKGROUND,BACKGROUND,Major depressive disorder is a pervasive mental health condition with substantial socioeconomic burden. (Cohort identifier: 3449).
3450,10001161,OBJECTIVE,OBJECTIVES,We investigated whether cognitive behavioral therapy reduces relapse rates compared to standard pharmacotherapy. (Trial registration: NCT010001161).
3451,10001297,METHODS,METHODS,Statistical analyses followed the intention-to-treat principle using mixed-effects linear regression models. (Stratified cluster 3451).
3452,10001275,RESULTS,RESULTS,"Combination therapy achieved target blood pressure control in 78.4% of patients compared to 54.2% in the monotherapy group. (Confidence interval 95%, n=1754)."
3453,10001705,BACKGROUND,BACKGROUND,Type 2 diabetes mellitus is a major chronic metabolic disorder associated with high cardiovascular mortality. (Cohort identifier: 3453).
3454,10001822,OBJECTIVE,OBJECTIVES,This randomized controlled trial aimed to compare low-dose combination therapy against standard monotherapy. (Trial registration: NCT010001822).
3455,10001306,METHODS,METHODS,Participants were randomly allocated (1:1) using computer-generated block randomization to receive drug A or placebo. (Stratified cluster 3455).
3456,10001545,RESULTS,RESULTS,"The 12-month relapse rate was significantly lower in the combined therapy arm (18.2% vs 34.6%, HR: 0.48, 9: 0.31-0.75). (Confidence interval 95%, n=960)."
3457,10001855,BACKGROUND,BACKGROUND,Chronic obstructive pulmonary disease exacerbations frequently lead to hospital readmission and increased mortality. (Cohort identifier: 3457).
3458,10001703,OBJECTIVE,OBJECTIVES,To determine if inhaled corticosteroid cessation increases acute exacerbation risk in moderate COPD. (Trial registration: NCT010001703).
3459,10001945,METHODS,METHODS,Participants were randomly allocated (1:1) using computer-generated block randomization to receive drug A or placebo. (Stratified cluster 3459).
3460,10001260,RESULTS,RESULTS,"The 12-month relapse rate was significantly lower in the combined therapy arm (18.2% vs 34.6%, HR: 0.48, 9: 0.31-0.75). (Confidence interval 95%, n=1458)."
3461,10001823,BACKGROUND,BACKGROUND,Type 2 diabetes mellitus is a major chronic metabolic disorder associated with high cardiovascular mortality. (Cohort identifier: 3461).
3462,10001628,OBJECTIVE,OBJECTIVES,To determine if inhaled corticosteroid cessation increases acute exacerbation risk in moderate COPD. (Trial registration: NCT010001628).
3463,10001658,METHODS,METHODS,Primary endpoint was change in mean arterial pressure measured at 12 weeks post-randomization. (Stratified cluster 3463).
3464,10001883,RESULTS,RESULTS,"The 12-month relapse rate was significantly lower in the combined therapy arm (18.2% vs 34.6%, HR: 0.48, 9: 0.31-0.75). (Confidence interval 95%, n=1559)."
3465,10001915,BACKGROUND,BACKGROUND,Type 2 diabetes mellitus is a major chronic metabolic disorder associated with high cardiovascular mortality. (Cohort identifier: 3465).
3466,10001723,OBJECTIVE,OBJECTIVES,This randomized controlled trial aimed to compare low-dose combination therapy against standard monotherapy. (Trial registration: NCT010001723).
3467,10001352,METHODS,METHODS,Participants were randomly allocated (1:1) using computer-generated block randomization to receive drug A or placebo. (Stratified cluster 3467).
3468,10001330,RESULTS,RESULTS,"Semaglutide significantly reduced mean HbA1c by -1.5% compared to -0.8% with sitagliptin (p < 0.001). (Confidence interval 95%, n=898)."
3469,10001151,BACKGROUND,BACKGROUND,Postoperative pain management following major orthopedic surgery is critical for early patient mobilization. (Cohort identifier: 3469).
3470,10001118,OBJECTIVE,OBJECTIVES,To determine if inhaled corticosteroid cessation increases acute exacerbation risk in moderate COPD. (Trial registration: NCT010001118).
3471,10001247,METHODS,METHODS,Primary endpoint was change in mean arterial pressure measured at 12 weeks post-randomization. (Stratified cluster 3471).
3472,10001554,RESULTS,RESULTS,"No statistically significant difference in serious adverse events was observed between the active drug and placebo arms. (Confidence interval 95%, n=1873)."
3473,10001319,BACKGROUND,BACKGROUND,Hypertension remains the leading preventable cause of cardiovascular disease and premature death worldwide. (Cohort identifier: 3473).
3474,10001630,OBJECTIVE,OBJECTIVES,This randomized controlled trial aimed to compare low-dose combination therapy against standard monotherapy. (Trial registration: NCT010001630).
3475,10001490,METHODS,METHODS,Participants were randomly allocated (1:1) using computer-generated block randomization to receive drug A or placebo. (Stratified cluster 3475).
3476,10001780,RESULTS,RESULTS,"Combination therapy achieved target blood pressure control in 78.4% of patients compared to 54.2% in the monotherapy group. (Confidence interval 95%, n=1676)."
3477,10001720,BACKGROUND,BACKGROUND,Chronic obstructive pulmonary disease exacerbations frequently lead to hospital readmission and increased mortality. (Cohort identifier: 3477).
3478,10001157,OBJECTIVE,OBJECTIVES,To evaluate the efficacy and safety of once-weekly semaglutide compared to daily sitagliptin in adults. (Trial registration: NCT010001157).
3479,10001304,METHODS,METHODS,Statistical analyses followed the intention-to-treat principle using mixed-effects linear regression models. (Stratified cluster 3479).
3480,10001694,RESULTS,RESULTS,"Mean postoperative pain scores at 24 hours were significantly reduced in the intervention group (2.1 vs 4.8, p = 0.002). (Confidence interval 95%, n=338)."
3481,10001886,BACKGROUND,BACKGROUND,Hypertension remains the leading preventable cause of cardiovascular disease and premature death worldwide. (Cohort identifier: 3481).
3482,10001108,OBJECTIVE,OBJECTIVES,The primary aim was to assess the analgesic effectiveness of intravenous dexamethasone versus placebo. (Trial registration: NCT010001108).
3483,10001054,METHODS,METHODS,Eligible participants aged 18-75 years with documented HbA1c > 8.0% underwent 24 weeks of active treatment. (Stratified cluster 3483).
3484,10001248,RESULTS,RESULTS,"Mean postoperative pain scores at 24 hours were significantly reduced in the intervention group (2.1 vs 4.8, p = 0.002). (Confidence interval 95%, n=2025)."
3485,10001986,BACKGROUND,BACKGROUND,Chronic obstructive pulmonary disease exacerbations frequently lead to hospital readmission and increased mortality. (Cohort identifier: 3485).
3486,10001038,OBJECTIVE,OBJECTIVES,The primary aim was to assess the analgesic effectiveness of intravenous dexamethasone versus placebo. (Trial registration: NCT010001038).
3487,10001216,METHODS,METHODS,Participants were randomly allocated (1:1) using computer-generated block randomization to receive drug A or placebo. (Stratified cluster 3487).
3488,10001660,RESULTS,RESULTS,"Semaglutide significantly reduced mean HbA1c by -1.5% compared to -0.8% with sitagliptin (p < 0.001). (Confidence interval 95%, n=1756)."
3489,10001342,BACKGROUND,BACKGROUND,Major depressive disorder is a pervasive mental health condition with substantial socioeconomic burden. (Cohort identifier: 3489).
3490,10001689,OBJECTIVE,OBJECTIVES,To determine if inhaled corticosteroid cessation increases acute exacerbation risk in moderate COPD. (Trial registration: NCT010001689).
3491,10001669,METHODS,METHODS,"A multi-center, double-blind, randomized controlled trial enrolled 1,200 adult patients across 45 clinical sites. (Stratified cluster 3491)."
3492,10001518,RESULTS,RESULTS,"Combination therapy achieved target blood pressure control in 78.4% of patients compared to 54.2% in the monotherapy group. (Confidence interval 95%, n=552)."
3493,10001332,BACKGROUND,BACKGROUND,Major depressive disorder is a pervasive mental health condition with substantial socioeconomic burden. (Cohort identifier: 3493).
3494,10001922,OBJECTIVE,OBJECTIVES,To evaluate the efficacy and safety of once-weekly semaglutide compared to daily sitagliptin in adults. (Trial registration: NCT010001922).
3495,10001724,METHODS,METHODS,Statistical analyses followed the intention-to-treat principle using mixed-effects linear regression models. (Stratified cluster 3495).
3496,10001543,RESULTS,RESULTS,"Semaglutide significantly reduced mean HbA1c by -1.5% compared to -0.8% with sitagliptin (p < 0.001). (Confidence interval 95%, n=2190)."
3497,10001819,BACKGROUND,BACKGROUND,Hypertension remains the leading preventable cause of cardiovascular disease and premature death worldwide. (Cohort identifier: 3497).
3498,10001944,OBJECTIVE,OBJECTIVES,The primary aim was to assess the analgesic effectiveness of intravenous dexamethasone versus placebo. (Trial registration: NCT010001944).
3499,10001218,METHODS,METHODS,Statistical analyses followed the intention-to-treat principle using mixed-effects linear regression models. (Stratified cluster 3499).
3500,10001897,RESULTS,RESULTS,"Mean postoperative pain scores at 24 hours were significantly reduced in the intervention group (2.1 vs 4.8, p = 0.002). (Confidence interval 95%, n=2285)."
3501,10001565,BACKGROUND,BACKGROUND,Chronic obstructive pulmonary disease exacerbations frequently lead to hospital readmission and increased mortality. (Cohort identifier: 3501).
3502,10001748,OBJECTIVE,OBJECTIVES,To determine if inhaled corticosteroid cessation increases acute exacerbation risk in moderate COPD. (Trial registration: NCT010001748).
3503,10001622,METHODS,METHODS,"A multi-center, double-blind, randomized controlled trial enrolled 1,200 adult patients across 45 clinical sites. (Stratified cluster 3503)."
3504,10001526,RESULTS,RESULTS,"Semaglutide significantly reduced mean HbA1c by -1.5% compared to -0.8% with sitagliptin (p < 0.001). (Confidence interval 95%, n=1843)."
3505,10001355,BACKGROUND,BACKGROUND,Hypertension remains the leading preventable cause of cardiovascular disease and premature death worldwide. (Cohort identifier: 3505).
3506,10001994,OBJECTIVE,OBJECTIVES,To evaluate the efficacy and safety of once-weekly semaglutide compared to daily sitagliptin in adults. (Trial registration: NCT010001994).
3507,10001192,METHODS,METHODS,Eligible participants aged 18-75 years with documented HbA1c > 8.0% underwent 24 weeks of active treatment. (Stratified cluster 3507).
3508,10001881,RESULTS,RESULTS,"The 12-month relapse rate was significantly lower in the combined therapy arm (18.2% vs 34.6%, HR: 0.48, 9: 0.31-0.75). (Confidence interval 95%, n=2188)."
3509,10001052,BACKGROUND,BACKGROUND,Type 2 diabetes mellitus is a major chronic metabolic disorder associated with high cardiovascular mortality. (Cohort identifier: 3509).
3510,10001257,OBJECTIVE,OBJECTIVES,To evaluate the efficacy and safety of once-weekly semaglutide compared to daily sitagliptin in adults. (Trial registration: NCT010001257).
3511,10001044,METHODS,METHODS,Eligible participants aged 18-75 years with documented HbA1c > 8.0% underwent 24 weeks of active treatment. (Stratified cluster 3511).
3512,10001414,RESULTS,RESULTS,"The 12-month relapse rate was significantly lower in the combined therapy arm (18.2% vs 34.6%, HR: 0.48, 9: 0.31-0.75). (Confidence interval 95%, n=1837)."
3513,10001715,BACKGROUND,BACKGROUND,Major depressive disorder is a pervasive mental health condition with substantial socioeconomic burden. (Cohort identifier: 3513).
3514,10001717,OBJECTIVE,OBJECTIVES,This randomized controlled trial aimed to compare low-dose combination therapy against standard monotherapy. (Trial registration: NCT010001717).
3515,10001555,METHODS,METHODS,Eligible participants aged 18-75 years with documented HbA1c > 8.0% underwent 24 weeks of active treatment. (Stratified cluster 3515).
3516,10001057,RESULTS,RESULTS,"Semaglutide significantly reduced mean HbA1c by -1.5% compared to -0.8% with sitagliptin (p < 0.001). (Confidence interval 95%, n=2034)."
3517,10001214,BACKGROUND,BACKGROUND,Type 2 diabetes mellitus is a major chronic metabolic disorder associated with high cardiovascular mortality. (Cohort identifier: 3517).
3518,10001582,OBJECTIVE,OBJECTIVES,To determine if inhaled corticosteroid cessation increases acute exacerbation risk in moderate COPD. (Trial registration: NCT010001582).
3519,10001966,METHODS,METHODS,Primary endpoint was change in mean arterial pressure measured at 12 weeks post-randomization. (Stratified cluster 3519).
3520,10001613,RESULTS,RESULTS,"The 12-month relapse rate was significantly lower in the combined therapy arm (18.2% vs 34.6%, HR: 0.48, 9: 0.31-0.75). (Confidence interval 95%, n=1309)."
3521,10001085,BACKGROUND,BACKGROUND,Type 2 diabetes mellitus is a major chronic metabolic disorder associated with high cardiovascular mortality. (Cohort identifier: 3521).
3522,10001248,OBJECTIVE,OBJECTIVES,We investigated whether cognitive behavioral therapy reduces relapse rates compared to standard pharmacotherapy. (Trial registration: NCT010001248).
3523,10001942,METHODS,METHODS,"A multi-center, double-blind, randomized controlled trial enrolled 1,200 adult patients across 45 clinical sites. (Stratified cluster 3523)."
3524,10001770,RESULTS,RESULTS,"No statistically significant difference in serious adverse events was observed between the active drug and placebo arms. (Confidence interval 95%, n=839)."
3525,10001957,BACKGROUND,BACKGROUND,Major depressive disorder is a pervasive mental health condition with substantial socioeconomic burden. (Cohort identifier: 3525).
3526,10001070,OBJECTIVE,OBJECTIVES,The primary aim was to assess the analgesic effectiveness of intravenous dexamethasone versus placebo. (Trial registration: NCT010001070).
3527,10001712,METHODS,METHODS,Statistical analyses followed the intention-to-treat principle using mixed-effects linear regression models. (Stratified cluster 3527).
3528,10001063,RESULTS,RESULTS,"The 12-month relapse rate was significantly lower in the combined therapy arm (18.2% vs 34.6%, HR: 0.48, 9: 0.31-0.75). (Confidence interval 95%, n=461)."
3529,10001639,BACKGROUND,BACKGROUND,Major depressive disorder is a pervasive mental health condition with substantial socioeconomic burden. (Cohort identifier: 3529).
3530,10001427,OBJECTIVE,OBJECTIVES,We investigated whether cognitive behavioral therapy reduces relapse rates compared to standard pharmacotherapy. (Trial registration: NCT010001427).
3531,10001843,METHODS,METHODS,Participants were randomly allocated (1:1) using computer-generated block randomization to receive drug A or placebo. (Stratified cluster 3531).
3532,10001134,RESULTS,RESULTS,"Semaglutide significantly reduced mean HbA1c by -1.5% compared to -0.8% with sitagliptin (p < 0.001). (Confidence interval 95%, n=1137)."
3533,10001309,BACKGROUND,BACKGROUND,Chronic obstructive pulmonary disease exacerbations frequently lead to hospital readmission and increased mortality. (Cohort identifier: 3533).
3534,10001929,OBJECTIVE,OBJECTIVES,To evaluate the efficacy and safety of once-weekly semaglutide compared to daily sitagliptin in adults. (Trial registration: NCT010001929).
3535,10001070,METHODS,METHODS,Primary endpoint was change in mean arterial pressure measured at 12 weeks post-randomization. (Stratified cluster 3535).
3536,10001886,RESULTS,RESULTS,"Combination therapy achieved target blood pressure control in 78.4% of patients compared to 54.2% in the monotherapy group. (Confidence interval 95%, n=2209)."
3537,10001941,BACKGROUND,BACKGROUND,Chronic obstructive pulmonary disease exacerbations frequently lead to hospital readmission and increased mortality. (Cohort identifier: 3537).
3538,10001337,OBJECTIVE,OBJECTIVES,To determine if inhaled corticosteroid cessation increases acute exacerbation risk in moderate COPD. (Trial registration: NCT010001337).
3539,10001692,METHODS,METHODS,Statistical analyses followed the intention-to-treat principle using mixed-effects linear regression models. (Stratified cluster 3539).
3540,10001285,RESULTS,RESULTS,"Mean postoperative pain scores at 24 hours were significantly reduced in the intervention group (2.1 vs 4.8, p = 0.002). (Confidence interval 95%, n=2034)."
3541,10001028,BACKGROUND,BACKGROUND,Hypertension remains the leading preventable cause of cardiovascular disease and premature death worldwide. (Cohort identifier: 3541).
3542,10001507,OBJECTIVE,OBJECTIVES,To determine if inhaled corticosteroid cessation increases acute exacerbation risk in moderate COPD. (Trial registration: NCT010001507).
3543,10001104,METHODS,METHODS,Participants were randomly allocated (1:1) using computer-generated block randomization to receive drug A or placebo. (Stratified cluster 3543).
3544,10001589,RESULTS,RESULTS,"Combination therapy achieved target blood pressure control in 78.4% of patients compared to 54.2% in the monotherapy group. (Confidence interval 95%, n=1389)."
3545,10001054,BACKGROUND,BACKGROUND,Type 2 diabetes mellitus is a major chronic metabolic disorder associated with high cardiovascular mortality. (Cohort identifier: 3545).
3546,10001885,OBJECTIVE,OBJECTIVES,This randomized controlled trial aimed to compare low-dose combination therapy against standard monotherapy. (Trial registration: NCT010001885).
3547,10001924,METHODS,METHODS,Statistical analyses followed the intention-to-treat principle using mixed-effects linear regression models. (Stratified cluster 3547).
3548,10001340,RESULTS,RESULTS,"Mean postoperative pain scores at 24 hours were significantly reduced in the intervention group (2.1 vs 4.8, p = 0.002). (Confidence interval 95%, n=1892)."
3549,10001661,BACKGROUND,BACKGROUND,Postoperative pain management following major orthopedic surgery is critical for early patient mobilization. (Cohort identifier: 3549).
3550,10001713,OBJECTIVE,OBJECTIVES,To determine if inhaled corticosteroid cessation increases acute exacerbation risk in moderate COPD. (Trial registration: NCT010001713).
3551,10001703,METHODS,METHODS,Eligible participants aged 18-75 years with documented HbA1c > 8.0% underwent 24 weeks of active treatment. (Stratified cluster 3551).
3552,10001387,RESULTS,RESULTS,"The 12-month relapse rate was significantly lower in the combined therapy arm (18.2% vs 34.6%, HR: 0.48, 9: 0.31-0.75). (Confidence interval 95%, n=1413)."
3553,10001466,BACKGROUND,BACKGROUND,Major depressive disorder is a pervasive mental health condition with substantial socioeconomic burden. (Cohort identifier: 3553).
3554,10001454,OBJECTIVE,OBJECTIVES,The primary aim was to assess the analgesic effectiveness of intravenous dexamethasone versus placebo. (Trial registration: NCT010001454).
3555,10001112,METHODS,METHODS,Statistical analyses followed the intention-to-treat principle using mixed-effects linear regression models. (Stratified cluster 3555).
3556,10001232,RESULTS,RESULTS,"No statistically significant difference in serious adverse events was observed between the active drug and placebo arms. (Confidence interval 95%, n=336)."
3557,10001813,BACKGROUND,BACKGROUND,Hypertension remains the leading preventable cause of cardiovascular disease and premature death worldwide. (Cohort identifier: 3557).
3558,10001334,OBJECTIVE,OBJECTIVES,We investigated whether cognitive behavioral therapy reduces relapse rates compared to standard pharmacotherapy. (Trial registration: NCT010001334).
3559,10001467,METHODS,METHODS,Primary endpoint was change in mean arterial pressure measured at 12 weeks post-randomization. (Stratified cluster 3559).
3560,10001117,RESULTS,RESULTS,"Mean postoperative pain scores at 24 hours were significantly reduced in the intervention group (2.1 vs 4.8, p = 0.002). (Confidence interval 95%, n=1937)."
3561,10001091,BACKGROUND,BACKGROUND,Hypertension remains the leading preventable cause of cardiovascular disease and premature death worldwide. (Cohort identifier: 3561).
3562,10001046,OBJECTIVE,OBJECTIVES,The primary aim was to assess the analgesic effectiveness of intravenous dexamethasone versus placebo. (Trial registration: NCT010001046).
3563,10001504,METHODS,METHODS,"A multi-center, double-blind, randomized controlled trial enrolled 1,200 adult patients across 45 clinical sites. (Stratified cluster 3563)."
3564,10001723,RESULTS,RESULTS,"The 12-month relapse rate was significantly lower in the combined therapy arm (18.2% vs 34.6%, HR: 0.48, 9: 0.31-0.75). (Confidence interval 95%, n=2355)."
3565,10001127,BACKGROUND,BACKGROUND,Chronic obstructive pulmonary disease exacerbations frequently lead to hospital readmission and increased mortality. (Cohort identifier: 3565).
3566,10001764,OBJECTIVE,OBJECTIVES,This randomized controlled trial aimed to compare low-dose combination therapy against standard monotherapy. (Trial registration: NCT010001764).
3567,10001738,METHODS,METHODS,Primary endpoint was change in mean arterial pressure measured at 12 weeks post-randomization. (Stratified cluster 3567).
3568,10001543,RESULTS,RESULTS,"Mean postoperative pain scores at 24 hours were significantly reduced in the intervention group (2.1 vs 4.8, p = 0.002). (Confidence interval 95%, n=1706)."
3569,10001740,BACKGROUND,BACKGROUND,Type 2 diabetes mellitus is a major chronic metabolic disorder associated with high cardiovascular mortality. (Cohort identifier: 3569).
3570,10001591,OBJECTIVE,OBJECTIVES,We investigated whether cognitive behavioral therapy reduces relapse rates compared to standard pharmacotherapy. (Trial registration: NCT010001591).
3571,10001836,METHODS,METHODS,Eligible participants aged 18-75 years with documented HbA1c > 8.0% underwent 24 weeks of active treatment. (Stratified cluster 3571).
3572,10001599,RESULTS,RESULTS,"No statistically significant difference in serious adverse events was observed between the active drug and placebo arms. (Confidence interval 95%, n=1136)."
3573,10001964,BACKGROUND,BACKGROUND,Chronic obstructive pulmonary disease exacerbations frequently lead to hospital readmission and increased mortality. (Cohort identifier: 3573).
3574,10001713,OBJECTIVE,OBJECTIVES,This randomized controlled trial aimed to compare low-dose combination therapy against standard monotherapy. (Trial registration: NCT010001713).
3575,10001500,METHODS,METHODS,Participants were randomly allocated (1:1) using computer-generated block randomization to receive drug A or placebo. (Stratified cluster 3575).
3576,10001904,RESULTS,RESULTS,"No statistically significant difference in serious adverse events was observed between the active drug and placebo arms. (Confidence interval 95%, n=1099)."
3577,10001491,BACKGROUND,BACKGROUND,Postoperative pain management following major orthopedic surgery is critical for early patient mobilization. (Cohort identifier: 3577).
3578,10001799,OBJECTIVE,OBJECTIVES,We investigated whether cognitive behavioral therapy reduces relapse rates compared to standard pharmacotherapy. (Trial registration: NCT010001799).
3579,10001766,METHODS,METHODS,Statistical analyses followed the intention-to-treat principle using mixed-effects linear regression models. (Stratified cluster 3579).
3580,10001878,RESULTS,RESULTS,"Combination therapy achieved target blood pressure control in 78.4% of patients compared to 54.2% in the monotherapy group. (Confidence interval 95%, n=2309)."
3581,10001755,BACKGROUND,BACKGROUND,Postoperative pain management following major orthopedic surgery is critical for early patient mobilization. (Cohort identifier: 3581).
3582,10001767,OBJECTIVE,OBJECTIVES,We investigated whether cognitive behavioral therapy reduces relapse rates compared to standard pharmacotherapy. (Trial registration: NCT010001767).
3583,10001987,METHODS,METHODS,Statistical analyses followed the intention-to-treat principle using mixed-effects linear regression models. (Stratified cluster 3583).
3584,10001132,RESULTS,RESULTS,"Semaglutide significantly reduced mean HbA1c by -1.5% compared to -0.8% with sitagliptin (p < 0.001). (Confidence interval 95%, n=1834)."
3585,10001306,BACKGROUND,BACKGROUND,Postoperative pain management following major orthopedic surgery is critical for early patient mobilization. (Cohort identifier: 3585).
3586,10001408,OBJECTIVE,OBJECTIVES,The primary aim was to assess the analgesic effectiveness of intravenous dexamethasone versus placebo. (Trial registration: NCT010001408).
3587,10001390,METHODS,METHODS,"A multi-center, double-blind, randomized controlled trial enrolled 1,200 adult patients across 45 clinical sites. (Stratified cluster 3587)."
3588,10001570,RESULTS,RESULTS,"The 12-month relapse rate was significantly lower in the combined therapy arm (18.2% vs 34.6%, HR: 0.48, 9: 0.31-0.75). (Confidence interval 95%, n=1280)."
3589,10001571,BACKGROUND,BACKGROUND,Hypertension remains the leading preventable cause of cardiovascular disease and premature death worldwide. (Cohort identifier: 3589).
3590,10001544,OBJECTIVE,OBJECTIVES,To evaluate the efficacy and safety of once-weekly semaglutide compared to daily sitagliptin in adults. (Trial registration: NCT010001544).
3591,10001329,METHODS,METHODS,"A multi-center, double-blind, randomized controlled trial enrolled 1,200 adult patients across 45 clinical sites. (Stratified cluster 3591)."
3592,10001943,RESULTS,RESULTS,"The 12-month relapse rate was significantly lower in the combined therapy arm (18.2% vs 34.6%, HR: 0.48, 9: 0.31-0.75). (Confidence interval 95%, n=457)."
3593,10001395,BACKGROUND,BACKGROUND,Hypertension remains the leading preventable cause of cardiovascular disease and premature death worldwide. (Cohort identifier: 3593).
3594,10001750,OBJECTIVE,OBJECTIVES,To evaluate the efficacy and safety of once-weekly semaglutide compared to daily sitagliptin in adults. (Trial registration: NCT010001750).
3595,10001762,METHODS,METHODS,Participants were randomly allocated (1:1) using computer-generated block randomization to receive drug A or placebo. (Stratified cluster 3595).
3596,10001969,RESULTS,RESULTS,"Combination therapy achieved target blood pressure control in 78.4% of patients compared to 54.2% in the monotherapy group. (Confidence interval 95%, n=551)."
3597,10001195,BACKGROUND,BACKGROUND,Hypertension remains the leading preventable cause of cardiovascular disease and premature death worldwide. (Cohort identifier: 3597).
3598,10001943,OBJECTIVE,OBJECTIVES,This randomized controlled trial aimed to compare low-dose combination therapy against standard monotherapy. (Trial registration: NCT010001943).
3599,10001031,METHODS,METHODS,Eligible participants aged 18-75 years with documented HbA1c > 8.0% underwent 24 weeks of active treatment. (Stratified cluster 3599).
3600,10001490,RESULTS,RESULTS,"Combination therapy achieved target blood pressure control in 78.4% of patients compared to 54.2% in the monotherapy group. (Confidence interval 95%, n=1650)."
3601,10001070,BACKGROUND,BACKGROUND,Postoperative pain management following major orthopedic surgery is critical for early patient mobilization. (Cohort identifier: 3601).
3602,10001227,OBJECTIVE,OBJECTIVES,This randomized controlled trial aimed to compare low-dose combination therapy against standard monotherapy. (Trial registration: NCT010001227).
3603,10001683,METHODS,METHODS,Eligible participants aged 18-75 years with documented HbA1c > 8.0% underwent 24 weeks of active treatment. (Stratified cluster 3603).
3604,10001082,RESULTS,RESULTS,"No statistically significant difference in serious adverse events was observed between the active drug and placebo arms. (Confidence interval 95%, n=663)."
3605,10001628,BACKGROUND,BACKGROUND,Major depressive disorder is a pervasive mental health condition with substantial socioeconomic burden. (Cohort identifier: 3605).
3606,10001053,OBJECTIVE,OBJECTIVES,To determine if inhaled corticosteroid cessation increases acute exacerbation risk in moderate COPD. (Trial registration: NCT010001053).
3607,10001565,METHODS,METHODS,Participants were randomly allocated (1:1) using computer-generated block randomization to receive drug A or placebo. (Stratified cluster 3607).
3608,10001738,RESULTS,RESULTS,"Mean postoperative pain scores at 24 hours were significantly reduced in the intervention group (2.1 vs 4.8, p = 0.002). (Confidence interval 95%, n=1844)."
3609,10001728,BACKGROUND,BACKGROUND,Chronic obstructive pulmonary disease exacerbations frequently lead to hospital readmission and increased mortality. (Cohort identifier: 3609).
3610,10001910,OBJECTIVE,OBJECTIVES,This randomized controlled trial aimed to compare low-dose combination therapy against standard monotherapy. (Trial registration: NCT010001910).
3611,10001055,METHODS,METHODS,"A multi-center, double-blind, randomized controlled trial enrolled 1,200 adult patients across 45 clinical sites. (Stratified cluster 3611)."
3612,10001242,RESULTS,RESULTS,"The 12-month relapse rate was significantly lower in the combined therapy arm (18.2% vs 34.6%, HR: 0.48, 9: 0.31-0.75). (Confidence interval 95%, n=1707)."
3613,10001974,BACKGROUND,BACKGROUND,Major depressive disorder is a pervasive mental health condition with substantial socioeconomic burden. (Cohort identifier: 3613).
3614,10001566,OBJECTIVE,OBJECTIVES,To evaluate the efficacy and safety of once-weekly semaglutide compared to daily sitagliptin in adults. (Trial registration: NCT010001566).
3615,10001438,METHODS,METHODS,"A multi-center, double-blind, randomized controlled trial enrolled 1,200 adult patients across 45 clinical sites. (Stratified cluster 3615)."
3616,10001552,RESULTS,RESULTS,"Semaglutide significantly reduced mean HbA1c by -1.5% compared to -0.8% with sitagliptin (p < 0.001). (Confidence interval 95%, n=734)."
3617,10001591,BACKGROUND,BACKGROUND,Hypertension remains the leading preventable cause of cardiovascular disease and premature death worldwide. (Cohort identifier: 3617).
3618,10001030,OBJECTIVE,OBJECTIVES,This randomized controlled trial aimed to compare low-dose combination therapy against standard monotherapy. (Trial registration: NCT010001030).
3619,10001633,METHODS,METHODS,Eligible participants aged 18-75 years with documented HbA1c > 8.0% underwent 24 weeks of active treatment. (Stratified cluster 3619).
3620,10001681,RESULTS,RESULTS,"The 12-month relapse rate was significantly lower in the combined therapy arm (18.2% vs 34.6%, HR: 0.48, 9: 0.31-0.75). (Confidence interval 95%, n=675)."
3621,10001165,BACKGROUND,BACKGROUND,Major depressive disorder is a pervasive mental health condition with substantial socioeconomic burden. (Cohort identifier: 3621).
3622,10001712,OBJECTIVE,OBJECTIVES,This randomized controlled trial aimed to compare low-dose combination therapy against standard monotherapy. (Trial registration: NCT010001712).
3623,10001399,METHODS,METHODS,Primary endpoint was change in mean arterial pressure measured at 12 weeks post-randomization. (Stratified cluster 3623).
3624,10001724,RESULTS,RESULTS,"Mean postoperative pain scores at 24 hours were significantly reduced in the intervention group (2.1 vs 4.8, p = 0.002). (Confidence interval 95%, n=379)."
3625,10001479,BACKGROUND,BACKGROUND,Chronic obstructive pulmonary disease exacerbations frequently lead to hospital readmission and increased mortality. (Cohort identifier: 3625).
3626,10001473,OBJECTIVE,OBJECTIVES,To evaluate the efficacy and safety of once-weekly semaglutide compared to daily sitagliptin in adults. (Trial registration: NCT010001473).
3627,10001508,METHODS,METHODS,Eligible participants aged 18-75 years with documented HbA1c > 8.0% underwent 24 weeks of active treatment. (Stratified cluster 3627).
3628,10001515,RESULTS,RESULTS,"Semaglutide significantly reduced mean HbA1c by -1.5% compared to -0.8% with sitagliptin (p < 0.001). (Confidence interval 95%, n=1324)."
3629,10001407,BACKGROUND,BACKGROUND,Postoperative pain management following major orthopedic surgery is critical for early patient mobilization. (Cohort identifier: 3629).
3630,10001256,OBJECTIVE,OBJECTIVES,To determine if inhaled corticosteroid cessation increases acute exacerbation risk in moderate COPD. (Trial registration: NCT010001256).
3631,10001859,METHODS,METHODS,Eligible participants aged 18-75 years with documented HbA1c > 8.0% underwent 24 weeks of active treatment. (Stratified cluster 3631).
3632,10001209,RESULTS,RESULTS,"The 12-month relapse rate was significantly lower in the combined therapy arm (18.2% vs 34.6%, HR: 0.48, 9: 0.31-0.75). (Confidence interval 95%, n=2454)."
3633,10001328,BACKGROUND,BACKGROUND,Postoperative pain management following major orthopedic surgery is critical for early patient mobilization. (Cohort identifier: 3633).
3634,10001544,OBJECTIVE,OBJECTIVES,The primary aim was to assess the analgesic effectiveness of intravenous dexamethasone versus placebo. (Trial registration: NCT010001544).
3635,10001851,METHODS,METHODS,Primary endpoint was change in mean arterial pressure measured at 12 weeks post-randomization. (Stratified cluster 3635).
3636,10001464,RESULTS,RESULTS,"Mean postoperative pain scores at 24 hours were significantly reduced in the intervention group (2.1 vs 4.8, p = 0.002). (Confidence interval 95%, n=2152)."
3637,10001316,BACKGROUND,BACKGROUND,Hypertension remains the leading preventable cause of cardiovascular disease and premature death worldwide. (Cohort identifier: 3637).
3638,10001297,OBJECTIVE,OBJECTIVES,This randomized controlled trial aimed to compare low-dose combination therapy against standard monotherapy. (Trial registration: NCT010001297).
3639,10001364,METHODS,METHODS,Statistical analyses followed the intention-to-treat principle using mixed-effects linear regression models. (Stratified cluster 3639).
3640,10001125,RESULTS,RESULTS,"No statistically significant difference in serious adverse events was observed between the active drug and placebo arms. (Confidence interval 95%, n=290)."
3641,10001300,BACKGROUND,BACKGROUND,Hypertension remains the leading preventable cause of cardiovascular disease and premature death worldwide. (Cohort identifier: 3641).
3642,10001964,OBJECTIVE,OBJECTIVES,To determine if inhaled corticosteroid cessation increases acute exacerbation risk in moderate COPD. (Trial registration: NCT010001964).
3643,10001408,METHODS,METHODS,Participants were randomly allocated (1:1) using computer-generated block randomization to receive drug A or placebo. (Stratified cluster 3643).
3644,10001109,RESULTS,RESULTS,"Combination therapy achieved target blood pressure control in 78.4% of patients compared to 54.2% in the monotherapy group. (Confidence interval 95%, n=1388)."
3645,10001837,BACKGROUND,BACKGROUND,Major depressive disorder is a pervasive mental health condition with substantial socioeconomic burden. (Cohort identifier: 3645).
3646,10001106,OBJECTIVE,OBJECTIVES,This randomized controlled trial aimed to compare low-dose combination therapy against standard monotherapy. (Trial registration: NCT010001106).
3647,10001225,METHODS,METHODS,"A multi-center, double-blind, randomized controlled trial enrolled 1,200 adult patients across 45 clinical sites. (Stratified cluster 3647)."
3648,10001658,RESULTS,RESULTS,"The 12-month relapse rate was significantly lower in the combined therapy arm (18.2% vs 34.6%, HR: 0.48, 9: 0.31-0.75). (Confidence interval 95%, n=1139)."
3649,10001436,BACKGROUND,BACKGROUND,Hypertension remains the leading preventable cause of cardiovascular disease and premature death worldwide. (Cohort identifier: 3649).
3650,10001003,OBJECTIVE,OBJECTIVES,The primary aim was to assess the analgesic effectiveness of intravenous dexamethasone versus placebo. (Trial registration: NCT010001003).
3651,10001055,METHODS,METHODS,Participants were randomly allocated (1:1) using computer-generated block randomization to receive drug A or placebo. (Stratified cluster 3651).
3652,10001819,RESULTS,RESULTS,"Semaglutide significantly reduced mean HbA1c by -1.5% compared to -0.8% with sitagliptin (p < 0.001). (Confidence interval 95%, n=2198)."
3653,10001878,BACKGROUND,BACKGROUND,Major depressive disorder is a pervasive mental health condition with substantial socioeconomic burden. (Cohort identifier: 3653).
3654,10001121,OBJECTIVE,OBJECTIVES,To evaluate the efficacy and safety of once-weekly semaglutide compared to daily sitagliptin in adults. (Trial registration: NCT010001121).
3655,10001153,METHODS,METHODS,Eligible participants aged 18-75 years with documented HbA1c > 8.0% underwent 24 weeks of active treatment. (Stratified cluster 3655).
3656,10001177,RESULTS,RESULTS,"The 12-month relapse rate was significantly lower in the combined therapy arm (18.2% vs 34.6%, HR: 0.48, 9: 0.31-0.75). (Confidence interval 95%, n=2337)."
3657,10001208,BACKGROUND,BACKGROUND,Chronic obstructive pulmonary disease exacerbations frequently lead to hospital readmission and increased mortality. (Cohort identifier: 3657).
3658,10001398,OBJECTIVE,OBJECTIVES,This randomized controlled trial aimed to compare low-dose combination therapy against standard monotherapy. (Trial registration: NCT010001398).
3659,10001499,METHODS,METHODS,"A multi-center, double-blind, randomized controlled trial enrolled 1,200 adult patients across 45 clinical sites. (Stratified cluster 3659)."
3660,10001880,RESULTS,RESULTS,"Semaglutide significantly reduced mean HbA1c by -1.5% compared to -0.8% with sitagliptin (p < 0.001). (Confidence interval 95%, n=1949)."
3661,10001927,BACKGROUND,BACKGROUND,Postoperative pain management following major orthopedic surgery is critical for early patient mobilization. (Cohort identifier: 3661).
3662,10001115,OBJECTIVE,OBJECTIVES,To evaluate the efficacy and safety of once-weekly semaglutide compared to daily sitagliptin in adults. (Trial registration: NCT010001115).
3663,10001537,METHODS,METHODS,Eligible participants aged 18-75 years with documented HbA1c > 8.0% underwent 24 weeks of active treatment. (Stratified cluster 3663).
3664,10001466,RESULTS,RESULTS,"No statistically significant difference in serious adverse events was observed between the active drug and placebo arms. (Confidence interval 95%, n=2490)."
3665,10001372,BACKGROUND,BACKGROUND,Chronic obstructive pulmonary disease exacerbations frequently lead to hospital readmission and increased mortality. (Cohort identifier: 3665).
3666,10001784,OBJECTIVE,OBJECTIVES,To determine if inhaled corticosteroid cessation increases acute exacerbation risk in moderate COPD. (Trial registration: NCT010001784).
3667,10001054,METHODS,METHODS,Eligible participants aged 18-75 years with documented HbA1c > 8.0% underwent 24 weeks of active treatment. (Stratified cluster 3667).
3668,10001417,RESULTS,RESULTS,"Mean postoperative pain scores at 24 hours were significantly reduced in the intervention group (2.1 vs 4.8, p = 0.002). (Confidence interval 95%, n=796)."
3669,10001631,BACKGROUND,BACKGROUND,Type 2 diabetes mellitus is a major chronic metabolic disorder associated with high cardiovascular mortality. (Cohort identifier: 3669).
3670,10001356,OBJECTIVE,OBJECTIVES,To evaluate the efficacy and safety of once-weekly semaglutide compared to daily sitagliptin in adults. (Trial registration: NCT010001356).
3671,10001282,METHODS,METHODS,Participants were randomly allocated (1:1) using computer-generated block randomization to receive drug A or placebo. (Stratified cluster 3671).
3672,10001976,RESULTS,RESULTS,"No statistically significant difference in serious adverse events was observed between the active drug and placebo arms. (Confidence interval 95%, n=728)."
3673,10001840,BACKGROUND,BACKGROUND,Type 2 diabetes mellitus is a major chronic metabolic disorder associated with high cardiovascular mortality. (Cohort identifier: 3673).
3674,10001117,OBJECTIVE,OBJECTIVES,We investigated whether cognitive behavioral therapy reduces relapse rates compared to standard pharmacotherapy. (Trial registration: NCT010001117).
3675,10001954,METHODS,METHODS,Statistical analyses followed the intention-to-treat principle using mixed-effects linear regression models. (Stratified cluster 3675).
3676,10001117,RESULTS,RESULTS,"No statistically significant difference in serious adverse events was observed between the active drug and placebo arms. (Confidence interval 95%, n=2423)."
3677,10001544,BACKGROUND,BACKGROUND,Major depressive disorder is a pervasive mental health condition with substantial socioeconomic burden. (Cohort identifier: 3677).
3678,10001252,OBJECTIVE,OBJECTIVES,This randomized controlled trial aimed to compare low-dose combination therapy against standard monotherapy. (Trial registration: NCT010001252).
3679,10001430,METHODS,METHODS,"A multi-center, double-blind, randomized controlled trial enrolled 1,200 adult patients across 45 clinical sites. (Stratified cluster 3679)."
3680,10001248,RESULTS,RESULTS,"Mean postoperative pain scores at 24 hours were significantly reduced in the intervention group (2.1 vs 4.8, p = 0.002). (Confidence interval 95%, n=1973)."
3681,10001733,BACKGROUND,BACKGROUND,Major depressive disorder is a pervasive mental health condition with substantial socioeconomic burden. (Cohort identifier: 3681).
3682,10001122,OBJECTIVE,OBJECTIVES,To determine if inhaled corticosteroid cessation increases acute exacerbation risk in moderate COPD. (Trial registration: NCT010001122).
3683,10001849,METHODS,METHODS,Statistical analyses followed the intention-to-treat principle using mixed-effects linear regression models. (Stratified cluster 3683).
3684,10001774,RESULTS,RESULTS,"No statistically significant difference in serious adverse events was observed between the active drug and placebo arms. (Confidence interval 95%, n=863)."
3685,10001894,BACKGROUND,BACKGROUND,Type 2 diabetes mellitus is a major chronic metabolic disorder associated with high cardiovascular mortality. (Cohort identifier: 3685).
3686,10001212,OBJECTIVE,OBJECTIVES,This randomized controlled trial aimed to compare low-dose combination therapy against standard monotherapy. (Trial registration: NCT010001212).
3687,10001323,METHODS,METHODS,Statistical analyses followed the intention-to-treat principle using mixed-effects linear regression models. (Stratified cluster 3687).
3688,10001261,RESULTS,RESULTS,"The 12-month relapse rate was significantly lower in the combined therapy arm (18.2% vs 34.6%, HR: 0.48, 9: 0.31-0.75). (Confidence interval 95%, n=1912)."
3689,10001731,BACKGROUND,BACKGROUND,Type 2 diabetes mellitus is a major chronic metabolic disorder associated with high cardiovascular mortality. (Cohort identifier: 3689).
3690,10001370,OBJECTIVE,OBJECTIVES,To determine if inhaled corticosteroid cessation increases acute exacerbation risk in moderate COPD. (Trial registration: NCT010001370).
3691,10001851,METHODS,METHODS,Eligible participants aged 18-75 years with documented HbA1c > 8.0% underwent 24 weeks of active treatment. (Stratified cluster 3691).
3692,10001979,RESULTS,RESULTS,"Semaglutide significantly reduced mean HbA1c by -1.5% compared to -0.8% with sitagliptin (p < 0.001). (Confidence interval 95%, n=455)."
3693,10001802,BACKGROUND,BACKGROUND,Type 2 diabetes mellitus is a major chronic metabolic disorder associated with high cardiovascular mortality. (Cohort identifier: 3693).
3694,10001818,OBJECTIVE,OBJECTIVES,We investigated whether cognitive behavioral therapy reduces relapse rates compared to standard pharmacotherapy. (Trial registration: NCT010001818).
3695,10001645,METHODS,METHODS,"A multi-center, double-blind, randomized controlled trial enrolled 1,200 adult patients across 45 clinical sites. (Stratified cluster 3695)."
3696,10001699,RESULTS,RESULTS,"The 12-month relapse rate was significantly lower in the combined therapy arm (18.2% vs 34.6%, HR: 0.48, 9: 0.31-0.75). (Confidence interval 95%, n=1079)."
3697,10001142,BACKGROUND,BACKGROUND,Hypertension remains the leading preventable cause of cardiovascular disease and premature death worldwide. (Cohort identifier: 3697).
3698,10001371,OBJECTIVE,OBJECTIVES,We investigated whether cognitive behavioral therapy reduces relapse rates compared to standard pharmacotherapy. (Trial registration: NCT010001371).
3699,10001686,METHODS,METHODS,Statistical analyses followed the intention-to-treat principle using mixed-effects linear regression models. (Stratified cluster 3699).
3700,10001126,RESULTS,RESULTS,"No statistically significant difference in serious adverse events was observed between the active drug and placebo arms. (Confidence interval 95%, n=1686)."
3701,10001498,BACKGROUND,BACKGROUND,Chronic obstructive pulmonary disease exacerbations frequently lead to hospital readmission and increased mortality. (Cohort identifier: 3701).
3702,10001571,OBJECTIVE,OBJECTIVES,The primary aim was to assess the analgesic effectiveness of intravenous dexamethasone versus placebo. (Trial registration: NCT010001571).
3703,10001564,METHODS,METHODS,Primary endpoint was change in mean arterial pressure measured at 12 weeks post-randomization. (Stratified cluster 3703).
3704,10001103,RESULTS,RESULTS,"Mean postoperative pain scores at 24 hours were significantly reduced in the intervention group (2.1 vs 4.8, p = 0.002). (Confidence interval 95%, n=1479)."
3705,10001840,BACKGROUND,BACKGROUND,Hypertension remains the leading preventable cause of cardiovascular disease and premature death worldwide. (Cohort identifier: 3705).
3706,10001242,OBJECTIVE,OBJECTIVES,To evaluate the efficacy and safety of once-weekly semaglutide compared to daily sitagliptin in adults. (Trial registration: NCT010001242).
3707,10001822,METHODS,METHODS,Eligible participants aged 18-75 years with documented HbA1c > 8.0% underwent 24 weeks of active treatment. (Stratified cluster 3707).
3708,10001566,RESULTS,RESULTS,"No statistically significant difference in serious adverse events was observed between the active drug and placebo arms. (Confidence interval 95%, n=1623)."
3709,10001845,BACKGROUND,BACKGROUND,Type 2 diabetes mellitus is a major chronic metabolic disorder associated with high cardiovascular mortality. (Cohort identifier: 3709).
3710,10001110,OBJECTIVE,OBJECTIVES,To evaluate the efficacy and safety of once-weekly semaglutide compared to daily sitagliptin in adults. (Trial registration: NCT010001110).
3711,10001788,METHODS,METHODS,Primary endpoint was change in mean arterial pressure measured at 12 weeks post-randomization. (Stratified cluster 3711).
3712,10001441,RESULTS,RESULTS,"Mean postoperative pain scores at 24 hours were significantly reduced in the intervention group (2.1 vs 4.8, p = 0.002). (Confidence interval 95%, n=2150)."
3713,10001420,BACKGROUND,BACKGROUND,Major depressive disorder is a pervasive mental health condition with substantial socioeconomic burden. (Cohort identifier: 3713).
3714,10001464,OBJECTIVE,OBJECTIVES,This randomized controlled trial aimed to compare low-dose combination therapy against standard monotherapy. (Trial registration: NCT010001464).
3715,10001949,METHODS,METHODS,Primary endpoint was change in mean arterial pressure measured at 12 weeks post-randomization. (Stratified cluster 3715).
3716,10001929,RESULTS,RESULTS,"No statistically significant difference in serious adverse events was observed between the active drug and placebo arms. (Confidence interval 95%, n=1546)."
3717,10001404,BACKGROUND,BACKGROUND,Chronic obstructive pulmonary disease exacerbations frequently lead to hospital readmission and increased mortality. (Cohort identifier: 3717).
3718,10001273,OBJECTIVE,OBJECTIVES,To evaluate the efficacy and safety of once-weekly semaglutide compared to daily sitagliptin in adults. (Trial registration: NCT010001273).
3719,10001133,METHODS,METHODS,"A multi-center, double-blind, randomized controlled trial enrolled 1,200 adult patients across 45 clinical sites. (Stratified cluster 3719)."
3720,10001976,RESULTS,RESULTS,"No statistically significant difference in serious adverse events was observed between the active drug and placebo arms. (Confidence interval 95%, n=949)."
3721,10001603,BACKGROUND,BACKGROUND,Postoperative pain management following major orthopedic surgery is critical for early patient mobilization. (Cohort identifier: 3721).
3722,10001440,OBJECTIVE,OBJECTIVES,This randomized controlled trial aimed to compare low-dose combination therapy against standard monotherapy. (Trial registration: NCT010001440).
3723,10001516,METHODS,METHODS,Eligible participants aged 18-75 years with documented HbA1c > 8.0% underwent 24 weeks of active treatment. (Stratified cluster 3723).
3724,10001389,RESULTS,RESULTS,"No statistically significant difference in serious adverse events was observed between the active drug and placebo arms. (Confidence interval 95%, n=1806)."
3725,10001753,BACKGROUND,BACKGROUND,Type 2 diabetes mellitus is a major chronic metabolic disorder associated with high cardiovascular mortality. (Cohort identifier: 3725).
3726,10001229,OBJECTIVE,OBJECTIVES,The primary aim was to assess the analgesic effectiveness of intravenous dexamethasone versus placebo. (Trial registration: NCT010001229).
3727,10001987,METHODS,METHODS,Statistical analyses followed the intention-to-treat principle using mixed-effects linear regression models. (Stratified cluster 3727).
3728,10001930,RESULTS,RESULTS,"No statistically significant difference in serious adverse events was observed between the active drug and placebo arms. (Confidence interval 95%, n=726)."
3729,10001853,BACKGROUND,BACKGROUND,Chronic obstructive pulmonary disease exacerbations frequently lead to hospital readmission and increased mortality. (Cohort identifier: 3729).
3730,10001736,OBJECTIVE,OBJECTIVES,To evaluate the efficacy and safety of once-weekly semaglutide compared to daily sitagliptin in adults. (Trial registration: NCT010001736).
3731,10001395,METHODS,METHODS,Eligible participants aged 18-75 years with documented HbA1c > 8.0% underwent 24 weeks of active treatment. (Stratified cluster 3731).
3732,10001762,RESULTS,RESULTS,"The 12-month relapse rate was significantly lower in the combined therapy arm (18.2% vs 34.6%, HR: 0.48, 9: 0.31-0.75). (Confidence interval 95%, n=502)."
3733,10001680,BACKGROUND,BACKGROUND,Postoperative pain management following major orthopedic surgery is critical for early patient mobilization. (Cohort identifier: 3733).
3734,10001178,OBJECTIVE,OBJECTIVES,To evaluate the efficacy and safety of once-weekly semaglutide compared to daily sitagliptin in adults. (Trial registration: NCT010001178).
3735,10001502,METHODS,METHODS,Statistical analyses followed the intention-to-treat principle using mixed-effects linear regression models. (Stratified cluster 3735).
3736,10001064,RESULTS,RESULTS,"Mean postoperative pain scores at 24 hours were significantly reduced in the intervention group (2.1 vs 4.8, p = 0.002). (Confidence interval 95%, n=901)."
3737,10001000,BACKGROUND,BACKGROUND,Hypertension remains the leading preventable cause of cardiovascular disease and premature death worldwide. (Cohort identifier: 3737).
3738,10001552,OBJECTIVE,OBJECTIVES,To determine if inhaled corticosteroid cessation increases acute exacerbation risk in moderate COPD. (Trial registration: NCT010001552).
3739,10001676,METHODS,METHODS,Participants were randomly allocated (1:1) using computer-generated block randomization to receive drug A or placebo. (Stratified cluster 3739).
3740,10001222,RESULTS,RESULTS,"Mean postoperative pain scores at 24 hours were significantly reduced in the intervention group (2.1 vs 4.8, p = 0.002). (Confidence interval 95%, n=1030)."
3741,10001692,BACKGROUND,BACKGROUND,Chronic obstructive pulmonary disease exacerbations frequently lead to hospital readmission and increased mortality. (Cohort identifier: 3741).
3742,10001997,OBJECTIVE,OBJECTIVES,We investigated whether cognitive behavioral therapy reduces relapse rates compared to standard pharmacotherapy. (Trial registration: NCT010001997).
3743,10001599,METHODS,METHODS,Statistical analyses followed the intention-to-treat principle using mixed-effects linear regression models. (Stratified cluster 3743).
3744,10001002,RESULTS,RESULTS,"No statistically significant difference in serious adverse events was observed between the active drug and placebo arms. (Confidence interval 95%, n=1164)."
3745,10001756,BACKGROUND,BACKGROUND,Type 2 diabetes mellitus is a major chronic metabolic disorder associated with high cardiovascular mortality. (Cohort identifier: 3745).
3746,10001715,OBJECTIVE,OBJECTIVES,We investigated whether cognitive behavioral therapy reduces relapse rates compared to standard pharmacotherapy. (Trial registration: NCT010001715).
3747,10001698,METHODS,METHODS,Participants were randomly allocated (1:1) using computer-generated block randomization to receive drug A or placebo. (Stratified cluster 3747).
3748,10001494,RESULTS,RESULTS,"Mean postoperative pain scores at 24 hours were significantly reduced in the intervention group (2.1 vs 4.8, p = 0.002). (Confidence interval 95%, n=693)."
3749,10001112,BACKGROUND,BACKGROUND,Postoperative pain management following major orthopedic surgery is critical for early patient mobilization. (Cohort identifier: 3749).
3750,10001633,OBJECTIVE,OBJECTIVES,This randomized controlled trial aimed to compare low-dose combination therapy against standard monotherapy. (Trial registration: NCT010001633).
3751,10001340,METHODS,METHODS,Eligible participants aged 18-75 years with documented HbA1c > 8.0% underwent 24 weeks of active treatment. (Stratified cluster 3751).
3752,10001798,RESULTS,RESULTS,"Mean postoperative pain scores at 24 hours were significantly reduced in the intervention group (2.1 vs 4.8, p = 0.002). (Confidence interval 95%, n=2067)."
3753,10001448,BACKGROUND,BACKGROUND,Chronic obstructive pulmonary disease exacerbations frequently lead to hospital readmission and increased mortality. (Cohort identifier: 3753).
3754,10001176,OBJECTIVE,OBJECTIVES,The primary aim was to assess the analgesic effectiveness of intravenous dexamethasone versus placebo. (Trial registration: NCT010001176).
3755,10001306,METHODS,METHODS,Statistical analyses followed the intention-to-treat principle using mixed-effects linear regression models. (Stratified cluster 3755).
3756,10001089,RESULTS,RESULTS,"The 12-month relapse rate was significantly lower in the combined therapy arm (18.2% vs 34.6%, HR: 0.48, 9: 0.31-0.75). (Confidence interval 95%, n=488)."
3757,10001332,BACKGROUND,BACKGROUND,Postoperative pain management following major orthopedic surgery is critical for early patient mobilization. (Cohort identifier: 3757).
3758,10001223,OBJECTIVE,OBJECTIVES,This randomized controlled trial aimed to compare low-dose combination therapy against standard monotherapy. (Trial registration: NCT010001223).
3759,10001867,METHODS,METHODS,Participants were randomly allocated (1:1) using computer-generated block randomization to receive drug A or placebo. (Stratified cluster 3759).
3760,10001132,RESULTS,RESULTS,"Combination therapy achieved target blood pressure control in 78.4% of patients compared to 54.2% in the monotherapy group. (Confidence interval 95%, n=177)."
3761,10001591,BACKGROUND,BACKGROUND,Hypertension remains the leading preventable cause of cardiovascular disease and premature death worldwide. (Cohort identifier: 3761).
3762,10001146,OBJECTIVE,OBJECTIVES,To determine if inhaled corticosteroid cessation increases acute exacerbation risk in moderate COPD. (Trial registration: NCT010001146).
3763,10001963,METHODS,METHODS,Eligible participants aged 18-75 years with documented HbA1c > 8.0% underwent 24 weeks of active treatment. (Stratified cluster 3763).
3764,10001097,RESULTS,RESULTS,"Semaglutide significantly reduced mean HbA1c by -1.5% compared to -0.8% with sitagliptin (p < 0.001). (Confidence interval 95%, n=714)."
3765,10001896,BACKGROUND,BACKGROUND,Type 2 diabetes mellitus is a major chronic metabolic disorder associated with high cardiovascular mortality. (Cohort identifier: 3765).
3766,10001440,OBJECTIVE,OBJECTIVES,To determine if inhaled corticosteroid cessation increases acute exacerbation risk in moderate COPD. (Trial registration: NCT010001440).
3767,10001174,METHODS,METHODS,Statistical analyses followed the intention-to-treat principle using mixed-effects linear regression models. (Stratified cluster 3767).
3768,10001634,RESULTS,RESULTS,"The 12-month relapse rate was significantly lower in the combined therapy arm (18.2% vs 34.6%, HR: 0.48, 9: 0.31-0.75). (Confidence interval 95%, n=1840)."
3769,10001459,BACKGROUND,BACKGROUND,Major depressive disorder is a pervasive mental health condition with substantial socioeconomic burden. (Cohort identifier: 3769).
3770,10001839,OBJECTIVE,OBJECTIVES,The primary aim was to assess the analgesic effectiveness of intravenous dexamethasone versus placebo. (Trial registration: NCT010001839).
3771,10001580,METHODS,METHODS,Statistical analyses followed the intention-to-treat principle using mixed-effects linear regression models. (Stratified cluster 3771).
3772,10001041,RESULTS,RESULTS,"Semaglutide significantly reduced mean HbA1c by -1.5% compared to -0.8% with sitagliptin (p < 0.001). (Confidence interval 95%, n=2037)."
3773,10001168,BACKGROUND,BACKGROUND,Chronic obstructive pulmonary disease exacerbations frequently lead to hospital readmission and increased mortality. (Cohort identifier: 3773).
3774,10001192,OBJECTIVE,OBJECTIVES,To determine if inhaled corticosteroid cessation increases acute exacerbation risk in moderate COPD. (Trial registration: NCT010001192).
3775,10001538,METHODS,METHODS,"A multi-center, double-blind, randomized controlled trial enrolled 1,200 adult patients across 45 clinical sites. (Stratified cluster 3775)."
3776,10001093,RESULTS,RESULTS,"Mean postoperative pain scores at 24 hours were significantly reduced in the intervention group (2.1 vs 4.8, p = 0.002). (Confidence interval 95%, n=1040)."
3777,10001208,BACKGROUND,BACKGROUND,Hypertension remains the leading preventable cause of cardiovascular disease and premature death worldwide. (Cohort identifier: 3777).
3778,10001505,OBJECTIVE,OBJECTIVES,To evaluate the efficacy and safety of once-weekly semaglutide compared to daily sitagliptin in adults. (Trial registration: NCT010001505).
3779,10001116,METHODS,METHODS,Eligible participants aged 18-75 years with documented HbA1c > 8.0% underwent 24 weeks of active treatment. (Stratified cluster 3779).
3780,10001126,RESULTS,RESULTS,"No statistically significant difference in serious adverse events was observed between the active drug and placebo arms. (Confidence interval 95%, n=787)."
3781,10001873,BACKGROUND,BACKGROUND,Type 2 diabetes mellitus is a major chronic metabolic disorder associated with high cardiovascular mortality. (Cohort identifier: 3781).
3782,10001728,OBJECTIVE,OBJECTIVES,To evaluate the efficacy and safety of once-weekly semaglutide compared to daily sitagliptin in adults. (Trial registration: NCT010001728).
3783,10001479,METHODS,METHODS,Primary endpoint was change in mean arterial pressure measured at 12 weeks post-randomization. (Stratified cluster 3783).
3784,10001084,RESULTS,RESULTS,"Mean postoperative pain scores at 24 hours were significantly reduced in the intervention group (2.1 vs 4.8, p = 0.002). (Confidence interval 95%, n=1809)."
3785,10001754,BACKGROUND,BACKGROUND,Hypertension remains the leading preventable cause of cardiovascular disease and premature death worldwide. (Cohort identifier: 3785).
3786,10001877,OBJECTIVE,OBJECTIVES,This randomized controlled trial aimed to compare low-dose combination therapy against standard monotherapy. (Trial registration: NCT010001877).
3787,10001184,METHODS,METHODS,Participants were randomly allocated (1:1) using computer-generated block randomization to receive drug A or placebo. (Stratified cluster 3787).
3788,10001024,RESULTS,RESULTS,"Mean postoperative pain scores at 24 hours were significantly reduced in the intervention group (2.1 vs 4.8, p = 0.002). (Confidence interval 95%, n=1984)."
3789,10001360,BACKGROUND,BACKGROUND,Hypertension remains the leading preventable cause of cardiovascular disease and premature death worldwide. (Cohort identifier: 3789).
3790,10001637,OBJECTIVE,OBJECTIVES,To evaluate the efficacy and safety of once-weekly semaglutide compared to daily sitagliptin in adults. (Trial registration: NCT010001637).
3791,10001159,METHODS,METHODS,Statistical analyses followed the intention-to-treat principle using mixed-effects linear regression models. (Stratified cluster 3791).
3792,10001726,RESULTS,RESULTS,"Mean postoperative pain scores at 24 hours were significantly reduced in the intervention group (2.1 vs 4.8, p = 0.002). (Confidence interval 95%, n=1458)."
3793,10001829,BACKGROUND,BACKGROUND,Hypertension remains the leading preventable cause of cardiovascular disease and premature death worldwide. (Cohort identifier: 3793).
3794,10001833,OBJECTIVE,OBJECTIVES,This randomized controlled trial aimed to compare low-dose combination therapy against standard monotherapy. (Trial registration: NCT010001833).
3795,10001923,METHODS,METHODS,Primary endpoint was change in mean arterial pressure measured at 12 weeks post-randomization. (Stratified cluster 3795).
3796,10001524,RESULTS,RESULTS,"No statistically significant difference in serious adverse events was observed between the active drug and placebo arms. (Confidence interval 95%, n=907)."
3797,10001543,BACKGROUND,BACKGROUND,Major depressive disorder is a pervasive mental health condition with substantial socioeconomic burden. (Cohort identifier: 3797).
3798,10001642,OBJECTIVE,OBJECTIVES,The primary aim was to assess the analgesic effectiveness of intravenous dexamethasone versus placebo. (Trial registration: NCT010001642).
3799,10001898,METHODS,METHODS,"A multi-center, double-blind, randomized controlled trial enrolled 1,200 adult patients across 45 clinical sites. (Stratified cluster 3799)."
3800,10001306,RESULTS,RESULTS,"Mean postoperative pain scores at 24 hours were significantly reduced in the intervention group (2.1 vs 4.8, p = 0.002). (Confidence interval 95%, n=2433)."
3801,10001901,BACKGROUND,BACKGROUND,Major depressive disorder is a pervasive mental health condition with substantial socioeconomic burden. (Cohort identifier: 3801).
3802,10001509,OBJECTIVE,OBJECTIVES,To determine if inhaled corticosteroid cessation increases acute exacerbation risk in moderate COPD. (Trial registration: NCT010001509).
3803,10001253,METHODS,METHODS,Primary endpoint was change in mean arterial pressure measured at 12 weeks post-randomization. (Stratified cluster 3803).
3804,10001648,RESULTS,RESULTS,"The 12-month relapse rate was significantly lower in the combined therapy arm (18.2% vs 34.6%, HR: 0.48, 9: 0.31-0.75). (Confidence interval 95%, n=2353)."
3805,10001273,BACKGROUND,BACKGROUND,Hypertension remains the leading preventable cause of cardiovascular disease and premature death worldwide. (Cohort identifier: 3805).
3806,10001290,OBJECTIVE,OBJECTIVES,We investigated whether cognitive behavioral therapy reduces relapse rates compared to standard pharmacotherapy. (Trial registration: NCT010001290).
3807,10001075,METHODS,METHODS,Primary endpoint was change in mean arterial pressure measured at 12 weeks post-randomization. (Stratified cluster 3807).
3808,10001713,RESULTS,RESULTS,"No statistically significant difference in serious adverse events was observed between the active drug and placebo arms. (Confidence interval 95%, n=737)."
3809,10001570,BACKGROUND,BACKGROUND,Hypertension remains the leading preventable cause of cardiovascular disease and premature death worldwide. (Cohort identifier: 3809).
3810,10001540,OBJECTIVE,OBJECTIVES,To determine if inhaled corticosteroid cessation increases acute exacerbation risk in moderate COPD. (Trial registration: NCT010001540).
3811,10001304,METHODS,METHODS,Participants were randomly allocated (1:1) using computer-generated block randomization to receive drug A or placebo. (Stratified cluster 3811).
3812,10001563,RESULTS,RESULTS,"Combination therapy achieved target blood pressure control in 78.4% of patients compared to 54.2% in the monotherapy group. (Confidence interval 95%, n=1577)."
3813,10001738,BACKGROUND,BACKGROUND,Major depressive disorder is a pervasive mental health condition with substantial socioeconomic burden. (Cohort identifier: 3813).
3814,10001282,OBJECTIVE,OBJECTIVES,The primary aim was to assess the analgesic effectiveness of intravenous dexamethasone versus placebo. (Trial registration: NCT010001282).
3815,10001928,METHODS,METHODS,Primary endpoint was change in mean arterial pressure measured at 12 weeks post-randomization. (Stratified cluster 3815).
3816,10001451,RESULTS,RESULTS,"The 12-month relapse rate was significantly lower in the combined therapy arm (18.2% vs 34.6%, HR: 0.48, 9: 0.31-0.75). (Confidence interval 95%, n=1450)."
3817,10001509,BACKGROUND,BACKGROUND,Postoperative pain management following major orthopedic surgery is critical for early patient mobilization. (Cohort identifier: 3817).
3818,10001103,OBJECTIVE,OBJECTIVES,We investigated whether cognitive behavioral therapy reduces relapse rates compared to standard pharmacotherapy. (Trial registration: NCT010001103).
3819,10001486,METHODS,METHODS,Participants were randomly allocated (1:1) using computer-generated block randomization to receive drug A or placebo. (Stratified cluster 3819).
3820,10001063,RESULTS,RESULTS,"Mean postoperative pain scores at 24 hours were significantly reduced in the intervention group (2.1 vs 4.8, p = 0.002). (Confidence interval 95%, n=289)."
3821,10001620,BACKGROUND,BACKGROUND,Type 2 diabetes mellitus is a major chronic metabolic disorder associated with high cardiovascular mortality. (Cohort identifier: 3821).
3822,10001899,OBJECTIVE,OBJECTIVES,We investigated whether cognitive behavioral therapy reduces relapse rates compared to standard pharmacotherapy. (Trial registration: NCT010001899).
3823,10001384,METHODS,METHODS,Eligible participants aged 18-75 years with documented HbA1c > 8.0% underwent 24 weeks of active treatment. (Stratified cluster 3823).
3824,10001124,RESULTS,RESULTS,"The 12-month relapse rate was significantly lower in the combined therapy arm (18.2% vs 34.6%, HR: 0.48, 9: 0.31-0.75). (Confidence interval 95%, n=2232)."
3825,10001956,BACKGROUND,BACKGROUND,Type 2 diabetes mellitus is a major chronic metabolic disorder associated with high cardiovascular mortality. (Cohort identifier: 3825).
3826,10001774,OBJECTIVE,OBJECTIVES,The primary aim was to assess the analgesic effectiveness of intravenous dexamethasone versus placebo. (Trial registration: NCT010001774).
3827,10001060,METHODS,METHODS,Participants were randomly allocated (1:1) using computer-generated block randomization to receive drug A or placebo. (Stratified cluster 3827).
3828,10001966,RESULTS,RESULTS,"Mean postoperative pain scores at 24 hours were significantly reduced in the intervention group (2.1 vs 4.8, p = 0.002). (Confidence interval 95%, n=858)."
3829,10001635,BACKGROUND,BACKGROUND,Chronic obstructive pulmonary disease exacerbations frequently lead to hospital readmission and increased mortality. (Cohort identifier: 3829).
3830,10001477,OBJECTIVE,OBJECTIVES,To evaluate the efficacy and safety of once-weekly semaglutide compared to daily sitagliptin in adults. (Trial registration: NCT010001477).
3831,10001090,METHODS,METHODS,Primary endpoint was change in mean arterial pressure measured at 12 weeks post-randomization. (Stratified cluster 3831).
3832,10001838,RESULTS,RESULTS,"Semaglutide significantly reduced mean HbA1c by -1.5% compared to -0.8% with sitagliptin (p < 0.001). (Confidence interval 95%, n=424)."
3833,10001490,BACKGROUND,BACKGROUND,Chronic obstructive pulmonary disease exacerbations frequently lead to hospital readmission and increased mortality. (Cohort identifier: 3833).
3834,10001591,OBJECTIVE,OBJECTIVES,This randomized controlled trial aimed to compare low-dose combination therapy against standard monotherapy. (Trial registration: NCT010001591).
3835,10001769,METHODS,METHODS,Eligible participants aged 18-75 years with documented HbA1c > 8.0% underwent 24 weeks of active treatment. (Stratified cluster 3835).
3836,10001528,RESULTS,RESULTS,"The 12-month relapse rate was significantly lower in the combined therapy arm (18.2% vs 34.6%, HR: 0.48, 9: 0.31-0.75). (Confidence interval 95%, n=572)."
3837,10001380,BACKGROUND,BACKGROUND,Type 2 diabetes mellitus is a major chronic metabolic disorder associated with high cardiovascular mortality. (Cohort identifier: 3837).
3838,10001325,OBJECTIVE,OBJECTIVES,We investigated whether cognitive behavioral therapy reduces relapse rates compared to standard pharmacotherapy. (Trial registration: NCT010001325).
3839,10001553,METHODS,METHODS,Participants were randomly allocated (1:1) using computer-generated block randomization to receive drug A or placebo. (Stratified cluster 3839).
3840,10001750,RESULTS,RESULTS,"Semaglutide significantly reduced mean HbA1c by -1.5% compared to -0.8% with sitagliptin (p < 0.001). (Confidence interval 95%, n=602)."
3841,10001821,BACKGROUND,BACKGROUND,Chronic obstructive pulmonary disease exacerbations frequently lead to hospital readmission and increased mortality. (Cohort identifier: 3841).
3842,10001003,OBJECTIVE,OBJECTIVES,We investigated whether cognitive behavioral therapy reduces relapse rates compared to standard pharmacotherapy. (Trial registration: NCT010001003).
3843,10001930,METHODS,METHODS,Eligible participants aged 18-75 years with documented HbA1c > 8.0% underwent 24 weeks of active treatment. (Stratified cluster 3843).
3844,10001236,RESULTS,RESULTS,"Mean postoperative pain scores at 24 hours were significantly reduced in the intervention group (2.1 vs 4.8, p = 0.002). (Confidence interval 95%, n=341)."
3845,10001941,BACKGROUND,BACKGROUND,Type 2 diabetes mellitus is a major chronic metabolic disorder associated with high cardiovascular mortality. (Cohort identifier: 3845).
3846,10001947,OBJECTIVE,OBJECTIVES,The primary aim was to assess the analgesic effectiveness of intravenous dexamethasone versus placebo. (Trial registration: NCT010001947).
3847,10001216,METHODS,METHODS,Primary endpoint was change in mean arterial pressure measured at 12 weeks post-randomization. (Stratified cluster 3847).
3848,10001947,RESULTS,RESULTS,"Combination therapy achieved target blood pressure control in 78.4% of patients compared to 54.2% in the monotherapy group. (Confidence interval 95%, n=2171)."
3849,10001096,BACKGROUND,BACKGROUND,Type 2 diabetes mellitus is a major chronic metabolic disorder associated with high cardiovascular mortality. (Cohort identifier: 3849).
3850,10001550,OBJECTIVE,OBJECTIVES,The primary aim was to assess the analgesic effectiveness of intravenous dexamethasone versus placebo. (Trial registration: NCT010001550).
3851,10001021,METHODS,METHODS,"A multi-center, double-blind, randomized controlled trial enrolled 1,200 adult patients across 45 clinical sites. (Stratified cluster 3851)."
3852,10001071,RESULTS,RESULTS,"Semaglutide significantly reduced mean HbA1c by -1.5% compared to -0.8% with sitagliptin (p < 0.001). (Confidence interval 95%, n=2250)."
3853,10001418,BACKGROUND,BACKGROUND,Postoperative pain management following major orthopedic surgery is critical for early patient mobilization. (Cohort identifier: 3853).
3854,10001420,OBJECTIVE,OBJECTIVES,To determine if inhaled corticosteroid cessation increases acute exacerbation risk in moderate COPD. (Trial registration: NCT010001420).
3855,10001698,METHODS,METHODS,Participants were randomly allocated (1:1) using computer-generated block randomization to receive drug A or placebo. (Stratified cluster 3855).
3856,10001084,RESULTS,RESULTS,"Combination therapy achieved target blood pressure control in 78.4% of patients compared to 54.2% in the monotherapy group. (Confidence interval 95%, n=2425)."
3857,10001971,BACKGROUND,BACKGROUND,Type 2 diabetes mellitus is a major chronic metabolic disorder associated with high cardiovascular mortality. (Cohort identifier: 3857).
3858,10001980,OBJECTIVE,OBJECTIVES,To evaluate the efficacy and safety of once-weekly semaglutide compared to daily sitagliptin in adults. (Trial registration: NCT010001980).
3859,10001731,METHODS,METHODS,"A multi-center, double-blind, randomized controlled trial enrolled 1,200 adult patients across 45 clinical sites. (Stratified cluster 3859)."
3860,10001467,RESULTS,RESULTS,"The 12-month relapse rate was significantly lower in the combined therapy arm (18.2% vs 34.6%, HR: 0.48, 9: 0.31-0.75). (Confidence interval 95%, n=208)."
3861,10001510,BACKGROUND,BACKGROUND,Chronic obstructive pulmonary disease exacerbations frequently lead to hospital readmission and increased mortality. (Cohort identifier: 3861).
3862,10001538,OBJECTIVE,OBJECTIVES,The primary aim was to assess the analgesic effectiveness of intravenous dexamethasone versus placebo. (Trial registration: NCT010001538).
3863,10001441,METHODS,METHODS,Participants were randomly allocated (1:1) using computer-generated block randomization to receive drug A or placebo. (Stratified cluster 3863).
3864,10001268,RESULTS,RESULTS,"The 12-month relapse rate was significantly lower in the combined therapy arm (18.2% vs 34.6%, HR: 0.48, 9: 0.31-0.75). (Confidence interval 95%, n=1058)."
3865,10001309,BACKGROUND,BACKGROUND,Type 2 diabetes mellitus is a major chronic metabolic disorder associated with high cardiovascular mortality. (Cohort identifier: 3865).
3866,10001474,OBJECTIVE,OBJECTIVES,We investigated whether cognitive behavioral therapy reduces relapse rates compared to standard pharmacotherapy. (Trial registration: NCT010001474).
3867,10001188,METHODS,METHODS,Primary endpoint was change in mean arterial pressure measured at 12 weeks post-randomization. (Stratified cluster 3867).
3868,10001835,RESULTS,RESULTS,"No statistically significant difference in serious adverse events was observed between the active drug and placebo arms. (Confidence interval 95%, n=2243)."
3869,10001927,BACKGROUND,BACKGROUND,Major depressive disorder is a pervasive mental health condition with substantial socioeconomic burden. (Cohort identifier: 3869).
3870,10001700,OBJECTIVE,OBJECTIVES,To evaluate the efficacy and safety of once-weekly semaglutide compared to daily sitagliptin in adults. (Trial registration: NCT010001700).
3871,10001618,METHODS,METHODS,Participants were randomly allocated (1:1) using computer-generated block randomization to receive drug A or placebo. (Stratified cluster 3871).
3872,10001801,RESULTS,RESULTS,"Semaglutide significantly reduced mean HbA1c by -1.5% compared to -0.8% with sitagliptin (p < 0.001). (Confidence interval 95%, n=1499)."
3873,10001179,BACKGROUND,BACKGROUND,Hypertension remains the leading preventable cause of cardiovascular disease and premature death worldwide. (Cohort identifier: 3873).
3874,10001260,OBJECTIVE,OBJECTIVES,To evaluate the efficacy and safety of once-weekly semaglutide compared to daily sitagliptin in adults. (Trial registration: NCT010001260).
3875,10001241,METHODS,METHODS,Participants were randomly allocated (1:1) using computer-generated block randomization to receive drug A or placebo. (Stratified cluster 3875).
3876,10001851,RESULTS,RESULTS,"Combination therapy achieved target blood pressure control in 78.4% of patients compared to 54.2% in the monotherapy group. (Confidence interval 95%, n=2102)."
3877,10001196,BACKGROUND,BACKGROUND,Postoperative pain management following major orthopedic surgery is critical for early patient mobilization. (Cohort identifier: 3877).
3878,10001312,OBJECTIVE,OBJECTIVES,To determine if inhaled corticosteroid cessation increases acute exacerbation risk in moderate COPD. (Trial registration: NCT010001312).
3879,10001509,METHODS,METHODS,Eligible participants aged 18-75 years with documented HbA1c > 8.0% underwent 24 weeks of active treatment. (Stratified cluster 3879).
3880,10001752,RESULTS,RESULTS,"The 12-month relapse rate was significantly lower in the combined therapy arm (18.2% vs 34.6%, HR: 0.48, 9: 0.31-0.75). (Confidence interval 95%, n=841)."
3881,10001053,BACKGROUND,BACKGROUND,Chronic obstructive pulmonary disease exacerbations frequently lead to hospital readmission and increased mortality. (Cohort identifier: 3881).
3882,10001843,OBJECTIVE,OBJECTIVES,To evaluate the efficacy and safety of once-weekly semaglutide compared to daily sitagliptin in adults. (Trial registration: NCT010001843).
3883,10001997,METHODS,METHODS,Participants were randomly allocated (1:1) using computer-generated block randomization to receive drug A or placebo. (Stratified cluster 3883).
3884,10001900,RESULTS,RESULTS,"No statistically significant difference in serious adverse events was observed between the active drug and placebo arms. (Confidence interval 95%, n=708)."
3885,10001861,BACKGROUND,BACKGROUND,Hypertension remains the leading preventable cause of cardiovascular disease and premature death worldwide. (Cohort identifier: 3885).
3886,10001056,OBJECTIVE,OBJECTIVES,To evaluate the efficacy and safety of once-weekly semaglutide compared to daily sitagliptin in adults. (Trial registration: NCT010001056).
3887,10001225,METHODS,METHODS,Statistical analyses followed the intention-to-treat principle using mixed-effects linear regression models. (Stratified cluster 3887).
3888,10001501,RESULTS,RESULTS,"Semaglutide significantly reduced mean HbA1c by -1.5% compared to -0.8% with sitagliptin (p < 0.001). (Confidence interval 95%, n=1978)."
3889,10001703,BACKGROUND,BACKGROUND,Postoperative pain management following major orthopedic surgery is critical for early patient mobilization. (Cohort identifier: 3889).
3890,10001434,OBJECTIVE,OBJECTIVES,To determine if inhaled corticosteroid cessation increases acute exacerbation risk in moderate COPD. (Trial registration: NCT010001434).
3891,10001888,METHODS,METHODS,Eligible participants aged 18-75 years with documented HbA1c > 8.0% underwent 24 weeks of active treatment. (Stratified cluster 3891).
3892,10001681,RESULTS,RESULTS,"Combination therapy achieved target blood pressure control in 78.4% of patients compared to 54.2% in the monotherapy group. (Confidence interval 95%, n=329)."
3893,10001099,BACKGROUND,BACKGROUND,Chronic obstructive pulmonary disease exacerbations frequently lead to hospital readmission and increased mortality. (Cohort identifier: 3893).
3894,10001528,OBJECTIVE,OBJECTIVES,To determine if inhaled corticosteroid cessation increases acute exacerbation risk in moderate COPD. (Trial registration: NCT010001528).
3895,10001177,METHODS,METHODS,Participants were randomly allocated (1:1) using computer-generated block randomization to receive drug A or placebo. (Stratified cluster 3895).
3896,10001527,RESULTS,RESULTS,"No statistically significant difference in serious adverse events was observed between the active drug and placebo arms. (Confidence interval 95%, n=1915)."
3897,10001866,BACKGROUND,BACKGROUND,Hypertension remains the leading preventable cause of cardiovascular disease and premature death worldwide. (Cohort identifier: 3897).
3898,10001420,OBJECTIVE,OBJECTIVES,We investigated whether cognitive behavioral therapy reduces relapse rates compared to standard pharmacotherapy. (Trial registration: NCT010001420).
3899,10001733,METHODS,METHODS,Eligible participants aged 18-75 years with documented HbA1c > 8.0% underwent 24 weeks of active treatment. (Stratified cluster 3899).
3900,10001346,RESULTS,RESULTS,"Combination therapy achieved target blood pressure control in 78.4% of patients compared to 54.2% in the monotherapy group. (Confidence interval 95%, n=2497)."
3901,10001470,BACKGROUND,BACKGROUND,Major depressive disorder is a pervasive mental health condition with substantial socioeconomic burden. (Cohort identifier: 3901).
3902,10001128,OBJECTIVE,OBJECTIVES,To determine if inhaled corticosteroid cessation increases acute exacerbation risk in moderate COPD. (Trial registration: NCT010001128).
3903,10001846,METHODS,METHODS,Participants were randomly allocated (1:1) using computer-generated block randomization to receive drug A or placebo. (Stratified cluster 3903).
3904,10001901,RESULTS,RESULTS,"No statistically significant difference in serious adverse events was observed between the active drug and placebo arms. (Confidence interval 95%, n=1082)."
3905,10001502,BACKGROUND,BACKGROUND,Chronic obstructive pulmonary disease exacerbations frequently lead to hospital readmission and increased mortality. (Cohort identifier: 3905).
3906,10001477,OBJECTIVE,OBJECTIVES,We investigated whether cognitive behavioral therapy reduces relapse rates compared to standard pharmacotherapy. (Trial registration: NCT010001477).
3907,10001792,METHODS,METHODS,"A multi-center, double-blind, randomized controlled trial enrolled 1,200 adult patients across 45 clinical sites. (Stratified cluster 3907)."
3908,10001393,RESULTS,RESULTS,"The 12-month relapse rate was significantly lower in the combined therapy arm (18.2% vs 34.6%, HR: 0.48, 9: 0.31-0.75). (Confidence interval 95%, n=1308)."
3909,10001423,BACKGROUND,BACKGROUND,Postoperative pain management following major orthopedic surgery is critical for early patient mobilization. (Cohort identifier: 3909).
3910,10001985,OBJECTIVE,OBJECTIVES,We investigated whether cognitive behavioral therapy reduces relapse rates compared to standard pharmacotherapy. (Trial registration: NCT010001985).
3911,10001289,METHODS,METHODS,Participants were randomly allocated (1:1) using computer-generated block randomization to receive drug A or placebo. (Stratified cluster 3911).
3912,10001783,RESULTS,RESULTS,"No statistically significant difference in serious adverse events was observed between the active drug and placebo arms. (Confidence interval 95%, n=1450)."
3913,10001150,BACKGROUND,BACKGROUND,Hypertension remains the leading preventable cause of cardiovascular disease and premature death worldwide. (Cohort identifier: 3913).
3914,10001881,OBJECTIVE,OBJECTIVES,To evaluate the efficacy and safety of once-weekly semaglutide compared to daily sitagliptin in adults. (Trial registration: NCT010001881).
3915,10001456,METHODS,METHODS,Eligible participants aged 18-75 years with documented HbA1c > 8.0% underwent 24 weeks of active treatment. (Stratified cluster 3915).
3916,10001975,RESULTS,RESULTS,"Mean postoperative pain scores at 24 hours were significantly reduced in the intervention group (2.1 vs 4.8, p = 0.002). (Confidence interval 95%, n=734)."
3917,10001895,BACKGROUND,BACKGROUND,Chronic obstructive pulmonary disease exacerbations frequently lead to hospital readmission and increased mortality. (Cohort identifier: 3917).
3918,10001749,OBJECTIVE,OBJECTIVES,We investigated whether cognitive behavioral therapy reduces relapse rates compared to standard pharmacotherapy. (Trial registration: NCT010001749).
3919,10001365,METHODS,METHODS,Primary endpoint was change in mean arterial pressure measured at 12 weeks post-randomization. (Stratified cluster 3919).
3920,10001156,RESULTS,RESULTS,"Combination therapy achieved target blood pressure control in 78.4% of patients compared to 54.2% in the monotherapy group. (Confidence interval 95%, n=1008)."
3921,10001376,BACKGROUND,BACKGROUND,Type 2 diabetes mellitus is a major chronic metabolic disorder associated with high cardiovascular mortality. (Cohort identifier: 3921).
3922,10001066,OBJECTIVE,OBJECTIVES,To determine if inhaled corticosteroid cessation increases acute exacerbation risk in moderate COPD. (Trial registration: NCT010001066).
3923,10001487,METHODS,METHODS,Eligible participants aged 18-75 years with documented HbA1c > 8.0% underwent 24 weeks of active treatment. (Stratified cluster 3923).
3924,10001705,RESULTS,RESULTS,"Semaglutide significantly reduced mean HbA1c by -1.5% compared to -0.8% with sitagliptin (p < 0.001). (Confidence interval 95%, n=1714)."
3925,10001195,BACKGROUND,BACKGROUND,Chronic obstructive pulmonary disease exacerbations frequently lead to hospital readmission and increased mortality. (Cohort identifier: 3925).
3926,10001163,OBJECTIVE,OBJECTIVES,This randomized controlled trial aimed to compare low-dose combination therapy against standard monotherapy. (Trial registration: NCT010001163).
3927,10001904,METHODS,METHODS,"A multi-center, double-blind, randomized controlled trial enrolled 1,200 adult patients across 45 clinical sites. (Stratified cluster 3927)."
3928,10001019,RESULTS,RESULTS,"Semaglutide significantly reduced mean HbA1c by -1.5% compared to -0.8% with sitagliptin (p < 0.001). (Confidence interval 95%, n=972)."
3929,10001235,BACKGROUND,BACKGROUND,Hypertension remains the leading preventable cause of cardiovascular disease and premature death worldwide. (Cohort identifier: 3929).
3930,10001436,OBJECTIVE,OBJECTIVES,We investigated whether cognitive behavioral therapy reduces relapse rates compared to standard pharmacotherapy. (Trial registration: NCT010001436).
3931,10001118,METHODS,METHODS,Eligible participants aged 18-75 years with documented HbA1c > 8.0% underwent 24 weeks of active treatment. (Stratified cluster 3931).
3932,10001734,RESULTS,RESULTS,"Mean postoperative pain scores at 24 hours were significantly reduced in the intervention group (2.1 vs 4.8, p = 0.002). (Confidence interval 95%, n=1953)."
3933,10001089,BACKGROUND,BACKGROUND,Postoperative pain management following major orthopedic surgery is critical for early patient mobilization. (Cohort identifier: 3933).
3934,10001798,OBJECTIVE,OBJECTIVES,This randomized controlled trial aimed to compare low-dose combination therapy against standard monotherapy. (Trial registration: NCT010001798).
3935,10001648,METHODS,METHODS,Eligible participants aged 18-75 years with documented HbA1c > 8.0% underwent 24 weeks of active treatment. (Stratified cluster 3935).
3936,10001763,RESULTS,RESULTS,"No statistically significant difference in serious adverse events was observed between the active drug and placebo arms. (Confidence interval 95%, n=458)."
3937,10001928,BACKGROUND,BACKGROUND,Postoperative pain management following major orthopedic surgery is critical for early patient mobilization. (Cohort identifier: 3937).
3938,10001165,OBJECTIVE,OBJECTIVES,The primary aim was to assess the analgesic effectiveness of intravenous dexamethasone versus placebo. (Trial registration: NCT010001165).
3939,10001837,METHODS,METHODS,"A multi-center, double-blind, randomized controlled trial enrolled 1,200 adult patients across 45 clinical sites. (Stratified cluster 3939)."
3940,10001337,RESULTS,RESULTS,"Semaglutide significantly reduced mean HbA1c by -1.5% compared to -0.8% with sitagliptin (p < 0.001). (Confidence interval 95%, n=2262)."
3941,10001681,BACKGROUND,BACKGROUND,Postoperative pain management following major orthopedic surgery is critical for early patient mobilization. (Cohort identifier: 3941).
3942,10001328,OBJECTIVE,OBJECTIVES,We investigated whether cognitive behavioral therapy reduces relapse rates compared to standard pharmacotherapy. (Trial registration: NCT010001328).
3943,10001802,METHODS,METHODS,Participants were randomly allocated (1:1) using computer-generated block randomization to receive drug A or placebo. (Stratified cluster 3943).
3944,10001929,RESULTS,RESULTS,"No statistically significant difference in serious adverse events was observed between the active drug and placebo arms. (Confidence interval 95%, n=853)."
3945,10001713,BACKGROUND,BACKGROUND,Chronic obstructive pulmonary disease exacerbations frequently lead to hospital readmission and increased mortality. (Cohort identifier: 3945).
3946,10001111,OBJECTIVE,OBJECTIVES,To evaluate the efficacy and safety of once-weekly semaglutide compared to daily sitagliptin in adults. (Trial registration: NCT010001111).
3947,10001534,METHODS,METHODS,Primary endpoint was change in mean arterial pressure measured at 12 weeks post-randomization. (Stratified cluster 3947).
3948,10001276,RESULTS,RESULTS,"The 12-month relapse rate was significantly lower in the combined therapy arm (18.2% vs 34.6%, HR: 0.48, 9: 0.31-0.75). (Confidence interval 95%, n=1687)."
3949,10001981,BACKGROUND,BACKGROUND,Chronic obstructive pulmonary disease exacerbations frequently lead to hospital readmission and increased mortality. (Cohort identifier: 3949).
3950,10001708,OBJECTIVE,OBJECTIVES,The primary aim was to assess the analgesic effectiveness of intravenous dexamethasone versus placebo. (Trial registration: NCT010001708).
3951,10001955,METHODS,METHODS,Eligible participants aged 18-75 years with documented HbA1c > 8.0% underwent 24 weeks of active treatment. (Stratified cluster 3951).
3952,10001338,RESULTS,RESULTS,"Semaglutide significantly reduced mean HbA1c by -1.5% compared to -0.8% with sitagliptin (p < 0.001). (Confidence interval 95%, n=1799)."
3953,10001022,BACKGROUND,BACKGROUND,Major depressive disorder is a pervasive mental health condition with substantial socioeconomic burden. (Cohort identifier: 3953).
3954,10001914,OBJECTIVE,OBJECTIVES,This randomized controlled trial aimed to compare low-dose combination therapy against standard monotherapy. (Trial registration: NCT010001914).
3955,10001474,METHODS,METHODS,"A multi-center, double-blind, randomized controlled trial enrolled 1,200 adult patients across 45 clinical sites. (Stratified cluster 3955)."
3956,10001283,RESULTS,RESULTS,"The 12-month relapse rate was significantly lower in the combined therapy arm (18.2% vs 34.6%, HR: 0.48, 9: 0.31-0.75). (Confidence interval 95%, n=240)."
3957,10001724,BACKGROUND,BACKGROUND,Type 2 diabetes mellitus is a major chronic metabolic disorder associated with high cardiovascular mortality. (Cohort identifier: 3957).
3958,10001697,OBJECTIVE,OBJECTIVES,To evaluate the efficacy and safety of once-weekly semaglutide compared to daily sitagliptin in adults. (Trial registration: NCT010001697).
3959,10001581,METHODS,METHODS,Participants were randomly allocated (1:1) using computer-generated block randomization to receive drug A or placebo. (Stratified cluster 3959).
3960,10001172,RESULTS,RESULTS,"The 12-month relapse rate was significantly lower in the combined therapy arm (18.2% vs 34.6%, HR: 0.48, 9: 0.31-0.75). (Confidence interval 95%, n=2412)."
3961,10001501,BACKGROUND,BACKGROUND,Hypertension remains the leading preventable cause of cardiovascular disease and premature death worldwide. (Cohort identifier: 3961).
3962,10001660,OBJECTIVE,OBJECTIVES,The primary aim was to assess the analgesic effectiveness of intravenous dexamethasone versus placebo. (Trial registration: NCT010001660).
3963,10001870,METHODS,METHODS,Primary endpoint was change in mean arterial pressure measured at 12 weeks post-randomization. (Stratified cluster 3963).
3964,10001706,RESULTS,RESULTS,"The 12-month relapse rate was significantly lower in the combined therapy arm (18.2% vs 34.6%, HR: 0.48, 9: 0.31-0.75). (Confidence interval 95%, n=2427)."
3965,10001019,BACKGROUND,BACKGROUND,Hypertension remains the leading preventable cause of cardiovascular disease and premature death worldwide. (Cohort identifier: 3965).
3966,10001826,OBJECTIVE,OBJECTIVES,To determine if inhaled corticosteroid cessation increases acute exacerbation risk in moderate COPD. (Trial registration: NCT010001826).
3967,10001375,METHODS,METHODS,Primary endpoint was change in mean arterial pressure measured at 12 weeks post-randomization. (Stratified cluster 3967).
3968,10001336,RESULTS,RESULTS,"Combination therapy achieved target blood pressure control in 78.4% of patients compared to 54.2% in the monotherapy group. (Confidence interval 95%, n=1428)."
3969,10001895,BACKGROUND,BACKGROUND,Major depressive disorder is a pervasive mental health condition with substantial socioeconomic burden. (Cohort identifier: 3969).
3970,10001595,OBJECTIVE,OBJECTIVES,This randomized controlled trial aimed to compare low-dose combination therapy against standard monotherapy. (Trial registration: NCT010001595).
3971,10001170,METHODS,METHODS,"A multi-center, double-blind, randomized controlled trial enrolled 1,200 adult patients across 45 clinical sites. (Stratified cluster 3971)."
3972,10001059,RESULTS,RESULTS,"The 12-month relapse rate was significantly lower in the combined therapy arm (18.2% vs 34.6%, HR: 0.48, 9: 0.31-0.75). (Confidence interval 95%, n=2316)."
3973,10001245,BACKGROUND,BACKGROUND,Hypertension remains the leading preventable cause of cardiovascular disease and premature death worldwide. (Cohort identifier: 3973).
3974,10001516,OBJECTIVE,OBJECTIVES,We investigated whether cognitive behavioral therapy reduces relapse rates compared to standard pharmacotherapy. (Trial registration: NCT010001516).
3975,10001523,METHODS,METHODS,Primary endpoint was change in mean arterial pressure measured at 12 weeks post-randomization. (Stratified cluster 3975).
3976,10001078,RESULTS,RESULTS,"The 12-month relapse rate was significantly lower in the combined therapy arm (18.2% vs 34.6%, HR: 0.48, 9: 0.31-0.75). (Confidence interval 95%, n=677)."
3977,10001012,BACKGROUND,BACKGROUND,Type 2 diabetes mellitus is a major chronic metabolic disorder associated with high cardiovascular mortality. (Cohort identifier: 3977).
3978,10001905,OBJECTIVE,OBJECTIVES,This randomized controlled trial aimed to compare low-dose combination therapy against standard monotherapy. (Trial registration: NCT010001905).
3979,10001465,METHODS,METHODS,"A multi-center, double-blind, randomized controlled trial enrolled 1,200 adult patients across 45 clinical sites. (Stratified cluster 3979)."
3980,10001594,RESULTS,RESULTS,"The 12-month relapse rate was significantly lower in the combined therapy arm (18.2% vs 34.6%, HR: 0.48, 9: 0.31-0.75). (Confidence interval 95%, n=1547)."
3981,10001794,BACKGROUND,BACKGROUND,Hypertension remains the leading preventable cause of cardiovascular disease and premature death worldwide. (Cohort identifier: 3981).
3982,10001838,OBJECTIVE,OBJECTIVES,We investigated whether cognitive behavioral therapy reduces relapse rates compared to standard pharmacotherapy. (Trial registration: NCT010001838).
3983,10001236,METHODS,METHODS,Statistical analyses followed the intention-to-treat principle using mixed-effects linear regression models. (Stratified cluster 3983).
3984,10001234,RESULTS,RESULTS,"Combination therapy achieved target blood pressure control in 78.4% of patients compared to 54.2% in the monotherapy group. (Confidence interval 95%, n=2397)."
3985,10001856,BACKGROUND,BACKGROUND,Major depressive disorder is a pervasive mental health condition with substantial socioeconomic burden. (Cohort identifier: 3985).
3986,10001803,OBJECTIVE,OBJECTIVES,To evaluate the efficacy and safety of once-weekly semaglutide compared to daily sitagliptin in adults. (Trial registration: NCT010001803).
3987,10001688,METHODS,METHODS,Primary endpoint was change in mean arterial pressure measured at 12 weeks post-randomization. (Stratified cluster 3987).
3988,10001370,RESULTS,RESULTS,"No statistically significant difference in serious adverse events was observed between the active drug and placebo arms. (Confidence interval 95%, n=1395)."
3989,10001108,BACKGROUND,BACKGROUND,Major depressive disorder is a pervasive mental health condition with substantial socioeconomic burden. (Cohort identifier: 3989).
3990,10001681,OBJECTIVE,OBJECTIVES,This randomized controlled trial aimed to compare low-dose combination therapy against standard monotherapy. (Trial registration: NCT010001681).
3991,10001163,METHODS,METHODS,Participants were randomly allocated (1:1) using computer-generated block randomization to receive drug A or placebo. (Stratified cluster 3991).
3992,10001434,RESULTS,RESULTS,"Combination therapy achieved target blood pressure control in 78.4% of patients compared to 54.2% in the monotherapy group. (Confidence interval 95%, n=372)."
3993,10001783,BACKGROUND,BACKGROUND,Postoperative pain management following major orthopedic surgery is critical for early patient mobilization. (Cohort identifier: 3993).
3994,10001211,OBJECTIVE,OBJECTIVES,To determine if inhaled corticosteroid cessation increases acute exacerbation risk in moderate COPD. (Trial registration: NCT010001211).
3995,10001104,METHODS,METHODS,Statistical analyses followed the intention-to-treat principle using mixed-effects linear regression models. (Stratified cluster 3995).
3996,10001119,RESULTS,RESULTS,"No statistically significant difference in serious adverse events was observed between the active drug and placebo arms. (Confidence interval 95%, n=1073)."
3997,10001737,BACKGROUND,BACKGROUND,Major depressive disorder is a pervasive mental health condition with substantial socioeconomic burden. (Cohort identifier: 3997).
3998,10001027,OBJECTIVE,OBJECTIVES,This randomized controlled trial aimed to compare low-dose combination therapy against standard monotherapy. (Trial registration: NCT010001027).
3999,10001047,METHODS,METHODS,Eligible participants aged 18-75 years with documented HbA1c > 8.0% underwent 24 weeks of active treatment. (Stratified cluster 3999).
4000,10001782,RESULTS,RESULTS,"Combination therapy achieved target blood pressure control in 78.4% of patients compared to 54.2% in the monotherapy group. (Confidence interval 95%, n=2335)."
4001,10001518,BACKGROUND,BACKGROUND,Hypertension remains the leading preventable cause of cardiovascular disease and premature death worldwide. (Cohort identifier: 4001).
4002,10001843,OBJECTIVE,OBJECTIVES,This randomized controlled trial aimed to compare low-dose combination therapy against standard monotherapy. (Trial registration: NCT010001843).
4003,10001277,METHODS,METHODS,"A multi-center, double-blind, randomized controlled trial enrolled 1,200 adult patients across 45 clinical sites. (Stratified cluster 4003)."
4004,10001013,RESULTS,RESULTS,"The 12-month relapse rate was significantly lower in the combined therapy arm (18.2% vs 34.6%, HR: 0.48, 9: 0.31-0.75). (Confidence interval 95%, n=1793)."
4005,10001836,BACKGROUND,BACKGROUND,Type 2 diabetes mellitus is a major chronic metabolic disorder associated with high cardiovascular mortality. (Cohort identifier: 4005).
4006,10001215,OBJECTIVE,OBJECTIVES,To evaluate the efficacy and safety of once-weekly semaglutide compared to daily sitagliptin in adults. (Trial registration: NCT010001215).
4007,10001051,METHODS,METHODS,"A multi-center, double-blind, randomized controlled trial enrolled 1,200 adult patients across 45 clinical sites. (Stratified cluster 4007)."
4008,10001469,RESULTS,RESULTS,"Mean postoperative pain scores at 24 hours were significantly reduced in the intervention group (2.1 vs 4.8, p = 0.002). (Confidence interval 95%, n=1402)."
4009,10001227,BACKGROUND,BACKGROUND,Major depressive disorder is a pervasive mental health condition with substantial socioeconomic burden. (Cohort identifier: 4009).
4010,10001712,OBJECTIVE,OBJECTIVES,The primary aim was to assess the analgesic effectiveness of intravenous dexamethasone versus placebo. (Trial registration: NCT010001712).
4011,10001684,METHODS,METHODS,"A multi-center, double-blind, randomized controlled trial enrolled 1,200 adult patients across 45 clinical sites. (Stratified cluster 4011)."
4012,10001620,RESULTS,RESULTS,"Semaglutide significantly reduced mean HbA1c by -1.5% compared to -0.8% with sitagliptin (p < 0.001). (Confidence interval 95%, n=1783)."
4013,10001811,BACKGROUND,BACKGROUND,Type 2 diabetes mellitus is a major chronic metabolic disorder associated with high cardiovascular mortality. (Cohort identifier: 4013).
4014,10001434,OBJECTIVE,OBJECTIVES,This randomized controlled trial aimed to compare low-dose combination therapy against standard monotherapy. (Trial registration: NCT010001434).
4015,10001611,METHODS,METHODS,Participants were randomly allocated (1:1) using computer-generated block randomization to receive drug A or placebo. (Stratified cluster 4015).
4016,10001484,RESULTS,RESULTS,"Combination therapy achieved target blood pressure control in 78.4% of patients compared to 54.2% in the monotherapy group. (Confidence interval 95%, n=1193)."
4017,10001367,BACKGROUND,BACKGROUND,Type 2 diabetes mellitus is a major chronic metabolic disorder associated with high cardiovascular mortality. (Cohort identifier: 4017).
4018,10001688,OBJECTIVE,OBJECTIVES,The primary aim was to assess the analgesic effectiveness of intravenous dexamethasone versus placebo. (Trial registration: NCT010001688).
4019,10001945,METHODS,METHODS,Eligible participants aged 18-75 years with documented HbA1c > 8.0% underwent 24 weeks of active treatment. (Stratified cluster 4019).
4020,10001843,RESULTS,RESULTS,"Semaglutide significantly reduced mean HbA1c by -1.5% compared to -0.8% with sitagliptin (p < 0.001). (Confidence interval 95%, n=201)."
4021,10001728,BACKGROUND,BACKGROUND,Chronic obstructive pulmonary disease exacerbations frequently lead to hospital readmission and increased mortality. (Cohort identifier: 4021).
4022,10001615,OBJECTIVE,OBJECTIVES,We investigated whether cognitive behavioral therapy reduces relapse rates compared to standard pharmacotherapy. (Trial registration: NCT010001615).
4023,10001159,METHODS,METHODS,Eligible participants aged 18-75 years with documented HbA1c > 8.0% underwent 24 weeks of active treatment. (Stratified cluster 4023).
4024,10001044,RESULTS,RESULTS,"Combination therapy achieved target blood pressure control in 78.4% of patients compared to 54.2% in the monotherapy group. (Confidence interval 95%, n=1787)."
4025,10001668,BACKGROUND,BACKGROUND,Major depressive disorder is a pervasive mental health condition with substantial socioeconomic burden. (Cohort identifier: 4025).
4026,10001606,OBJECTIVE,OBJECTIVES,We investigated whether cognitive behavioral therapy reduces relapse rates compared to standard pharmacotherapy. (Trial registration: NCT010001606).
4027,10001881,METHODS,METHODS,Eligible participants aged 18-75 years with documented HbA1c > 8.0% underwent 24 weeks of active treatment. (Stratified cluster 4027).
4028,10001541,RESULTS,RESULTS,"The 12-month relapse rate was significantly lower in the combined therapy arm (18.2% vs 34.6%, HR: 0.48, 9: 0.31-0.75). (Confidence interval 95%, n=243)."
4029,10001057,BACKGROUND,BACKGROUND,Chronic obstructive pulmonary disease exacerbations frequently lead to hospital readmission and increased mortality. (Cohort identifier: 4029).
4030,10001901,OBJECTIVE,OBJECTIVES,To determine if inhaled corticosteroid cessation increases acute exacerbation risk in moderate COPD. (Trial registration: NCT010001901).
4031,10001834,METHODS,METHODS,Eligible participants aged 18-75 years with documented HbA1c > 8.0% underwent 24 weeks of active treatment. (Stratified cluster 4031).
4032,10001054,RESULTS,RESULTS,"Semaglutide significantly reduced mean HbA1c by -1.5% compared to -0.8% with sitagliptin (p < 0.001). (Confidence interval 95%, n=2459)."
4033,10001332,BACKGROUND,BACKGROUND,Chronic obstructive pulmonary disease exacerbations frequently lead to hospital readmission and increased mortality. (Cohort identifier: 4033).
4034,10001635,OBJECTIVE,OBJECTIVES,To determine if inhaled corticosteroid cessation increases acute exacerbation risk in moderate COPD. (Trial registration: NCT010001635).
4035,10001089,METHODS,METHODS,Primary endpoint was change in mean arterial pressure measured at 12 weeks post-randomization. (Stratified cluster 4035).
4036,10001172,RESULTS,RESULTS,"No statistically significant difference in serious adverse events was observed between the active drug and placebo arms. (Confidence interval 95%, n=440)."
4037,10001896,BACKGROUND,BACKGROUND,Hypertension remains the leading preventable cause of cardiovascular disease and premature death worldwide. (Cohort identifier: 4037).
4038,10001218,OBJECTIVE,OBJECTIVES,This randomized controlled trial aimed to compare low-dose combination therapy against standard monotherapy. (Trial registration: NCT010001218).
4039,10001971,METHODS,METHODS,Primary endpoint was change in mean arterial pressure measured at 12 weeks post-randomization. (Stratified cluster 4039).
4040,10001428,RESULTS,RESULTS,"Mean postoperative pain scores at 24 hours were significantly reduced in the intervention group (2.1 vs 4.8, p = 0.002). (Confidence interval 95%, n=2032)."
4041,10001268,BACKGROUND,BACKGROUND,Postoperative pain management following major orthopedic surgery is critical for early patient mobilization. (Cohort identifier: 4041).
4042,10001611,OBJECTIVE,OBJECTIVES,This randomized controlled trial aimed to compare low-dose combination therapy against standard monotherapy. (Trial registration: NCT010001611).
4043,10001152,METHODS,METHODS,Statistical analyses followed the intention-to-treat principle using mixed-effects linear regression models. (Stratified cluster 4043).
4044,10001628,RESULTS,RESULTS,"Combination therapy achieved target blood pressure control in 78.4% of patients compared to 54.2% in the monotherapy group. (Confidence interval 95%, n=444)."
4045,10001135,BACKGROUND,BACKGROUND,Major depressive disorder is a pervasive mental health condition with substantial socioeconomic burden. (Cohort identifier: 4045).
4046,10001006,OBJECTIVE,OBJECTIVES,This randomized controlled trial aimed to compare low-dose combination therapy against standard monotherapy. (Trial registration: NCT010001006).
4047,10001725,METHODS,METHODS,Primary endpoint was change in mean arterial pressure measured at 12 weeks post-randomization. (Stratified cluster 4047).
4048,10001903,RESULTS,RESULTS,"No statistically significant difference in serious adverse events was observed between the active drug and placebo arms. (Confidence interval 95%, n=406)."
4049,10001453,BACKGROUND,BACKGROUND,Type 2 diabetes mellitus is a major chronic metabolic disorder associated with high cardiovascular mortality. (Cohort identifier: 4049).
4050,10001692,OBJECTIVE,OBJECTIVES,To determine if inhaled corticosteroid cessation increases acute exacerbation risk in moderate COPD. (Trial registration: NCT010001692).
4051,10001661,METHODS,METHODS,"A multi-center, double-blind, randomized controlled trial enrolled 1,200 adult patients across 45 clinical sites. (Stratified cluster 4051)."
4052,10001305,RESULTS,RESULTS,"The 12-month relapse rate was significantly lower in the combined therapy arm (18.2% vs 34.6%, HR: 0.48, 9: 0.31-0.75). (Confidence interval 95%, n=1765)."
4053,10001641,BACKGROUND,BACKGROUND,Hypertension remains the leading preventable cause of cardiovascular disease and premature death worldwide. (Cohort identifier: 4053).
4054,10001707,OBJECTIVE,OBJECTIVES,The primary aim was to assess the analgesic effectiveness of intravenous dexamethasone versus placebo. (Trial registration: NCT010001707).
4055,10001288,METHODS,METHODS,"A multi-center, double-blind, randomized controlled trial enrolled 1,200 adult patients across 45 clinical sites. (Stratified cluster 4055)."
4056,10001826,RESULTS,RESULTS,"Combination therapy achieved target blood pressure control in 78.4% of patients compared to 54.2% in the monotherapy group. (Confidence interval 95%, n=1149)."
4057,10001781,BACKGROUND,BACKGROUND,Type 2 diabetes mellitus is a major chronic metabolic disorder associated with high cardiovascular mortality. (Cohort identifier: 4057).
4058,10001260,OBJECTIVE,OBJECTIVES,To evaluate the efficacy and safety of once-weekly semaglutide compared to daily sitagliptin in adults. (Trial registration: NCT010001260).
4059,10001429,METHODS,METHODS,Eligible participants aged 18-75 years with documented HbA1c > 8.0% underwent 24 weeks of active treatment. (Stratified cluster 4059).
4060,10001158,RESULTS,RESULTS,"Semaglutide significantly reduced mean HbA1c by -1.5% compared to -0.8% with sitagliptin (p < 0.001). (Confidence interval 95%, n=2207)."
4061,10001480,BACKGROUND,BACKGROUND,Chronic obstructive pulmonary disease exacerbations frequently lead to hospital readmission and increased mortality. (Cohort identifier: 4061).
4062,10001865,OBJECTIVE,OBJECTIVES,We investigated whether cognitive behavioral therapy reduces relapse rates compared to standard pharmacotherapy. (Trial registration: NCT010001865).
4063,10001114,METHODS,METHODS,Primary endpoint was change in mean arterial pressure measured at 12 weeks post-randomization. (Stratified cluster 4063).
4064,10001427,RESULTS,RESULTS,"Semaglutide significantly reduced mean HbA1c by -1.5% compared to -0.8% with sitagliptin (p < 0.001). (Confidence interval 95%, n=330)."
4065,10001591,BACKGROUND,BACKGROUND,Hypertension remains the leading preventable cause of cardiovascular disease and premature death worldwide. (Cohort identifier: 4065).
4066,10001698,OBJECTIVE,OBJECTIVES,To evaluate the efficacy and safety of once-weekly semaglutide compared to daily sitagliptin in adults. (Trial registration: NCT010001698).
4067,10001804,METHODS,METHODS,Participants were randomly allocated (1:1) using computer-generated block randomization to receive drug A or placebo. (Stratified cluster 4067).
4068,10001556,RESULTS,RESULTS,"Mean postoperative pain scores at 24 hours were significantly reduced in the intervention group (2.1 vs 4.8, p = 0.002). (Confidence interval 95%, n=2026)."
4069,10001969,BACKGROUND,BACKGROUND,Chronic obstructive pulmonary disease exacerbations frequently lead to hospital readmission and increased mortality. (Cohort identifier: 4069).
4070,10001190,OBJECTIVE,OBJECTIVES,To determine if inhaled corticosteroid cessation increases acute exacerbation risk in moderate COPD. (Trial registration: NCT010001190).
4071,10001740,METHODS,METHODS,Statistical analyses followed the intention-to-treat principle using mixed-effects linear regression models. (Stratified cluster 4071).
4072,10001004,RESULTS,RESULTS,"No statistically significant difference in serious adverse events was observed between the active drug and placebo arms. (Confidence interval 95%, n=1168)."
4073,10001109,BACKGROUND,BACKGROUND,Type 2 diabetes mellitus is a major chronic metabolic disorder associated with high cardiovascular mortality. (Cohort identifier: 4073).
4074,10001565,OBJECTIVE,OBJECTIVES,To determine if inhaled corticosteroid cessation increases acute exacerbation risk in moderate COPD. (Trial registration: NCT010001565).
4075,10001794,METHODS,METHODS,Participants were randomly allocated (1:1) using computer-generated block randomization to receive drug A or placebo. (Stratified cluster 4075).
4076,10001275,RESULTS,RESULTS,"Combination therapy achieved target blood pressure control in 78.4% of patients compared to 54.2% in the monotherapy group. (Confidence interval 95%, n=947)."
4077,10001660,BACKGROUND,BACKGROUND,Type 2 diabetes mellitus is a major chronic metabolic disorder associated with high cardiovascular mortality. (Cohort identifier: 4077).
4078,10001261,OBJECTIVE,OBJECTIVES,To determine if inhaled corticosteroid cessation increases acute exacerbation risk in moderate COPD. (Trial registration: NCT010001261).
4079,10001830,METHODS,METHODS,"A multi-center, double-blind, randomized controlled trial enrolled 1,200 adult patients across 45 clinical sites. (Stratified cluster 4079)."
4080,10001220,RESULTS,RESULTS,"Mean postoperative pain scores at 24 hours were significantly reduced in the intervention group (2.1 vs 4.8, p = 0.002). (Confidence interval 95%, n=1340)."
4081,10001374,BACKGROUND,BACKGROUND,Hypertension remains the leading preventable cause of cardiovascular disease and premature death worldwide. (Cohort identifier: 4081).
4082,10001826,OBJECTIVE,OBJECTIVES,To evaluate the efficacy and safety of once-weekly semaglutide compared to daily sitagliptin in adults. (Trial registration: NCT010001826).
4083,10001573,METHODS,METHODS,Eligible participants aged 18-75 years with documented HbA1c > 8.0% underwent 24 weeks of active treatment. (Stratified cluster 4083).
4084,10001395,RESULTS,RESULTS,"Mean postoperative pain scores at 24 hours were significantly reduced in the intervention group (2.1 vs 4.8, p = 0.002). (Confidence interval 95%, n=702)."
4085,10001945,BACKGROUND,BACKGROUND,Chronic obstructive pulmonary disease exacerbations frequently lead to hospital readmission and increased mortality. (Cohort identifier: 4085).
4086,10001415,OBJECTIVE,OBJECTIVES,We investigated whether cognitive behavioral therapy reduces relapse rates compared to standard pharmacotherapy. (Trial registration: NCT010001415).
4087,10001845,METHODS,METHODS,Primary endpoint was change in mean arterial pressure measured at 12 weeks post-randomization. (Stratified cluster 4087).
4088,10001216,RESULTS,RESULTS,"No statistically significant difference in serious adverse events was observed between the active drug and placebo arms. (Confidence interval 95%, n=1659)."
4089,10001895,BACKGROUND,BACKGROUND,Postoperative pain management following major orthopedic surgery is critical for early patient mobilization. (Cohort identifier: 4089).
4090,10001570,OBJECTIVE,OBJECTIVES,We investigated whether cognitive behavioral therapy reduces relapse rates compared to standard pharmacotherapy. (Trial registration: NCT010001570).
4091,10001284,METHODS,METHODS,Participants were randomly allocated (1:1) using computer-generated block randomization to receive drug A or placebo. (Stratified cluster 4091).
4092,10001165,RESULTS,RESULTS,"No statistically significant difference in serious adverse events was observed between the active drug and placebo arms. (Confidence interval 95%, n=447)."
4093,10001211,BACKGROUND,BACKGROUND,Type 2 diabetes mellitus is a major chronic metabolic disorder associated with high cardiovascular mortality. (Cohort identifier: 4093).
4094,10001084,OBJECTIVE,OBJECTIVES,To evaluate the efficacy and safety of once-weekly semaglutide compared to daily sitagliptin in adults. (Trial registration: NCT010001084).
4095,10001509,METHODS,METHODS,"A multi-center, double-blind, randomized controlled trial enrolled 1,200 adult patients across 45 clinical sites. (Stratified cluster 4095)."
4096,10001878,RESULTS,RESULTS,"Mean postoperative pain scores at 24 hours were significantly reduced in the intervention group (2.1 vs 4.8, p = 0.002). (Confidence interval 95%, n=1518)."
4097,10001504,BACKGROUND,BACKGROUND,Major depressive disorder is a pervasive mental health condition with substantial socioeconomic burden. (Cohort identifier: 4097).
4098,10001441,OBJECTIVE,OBJECTIVES,To evaluate the efficacy and safety of once-weekly semaglutide compared to daily sitagliptin in adults. (Trial registration: NCT010001441).
4099,10001947,METHODS,METHODS,Eligible participants aged 18-75 years with documented HbA1c > 8.0% underwent 24 weeks of active treatment. (Stratified cluster 4099).
4100,10001357,RESULTS,RESULTS,"Semaglutide significantly reduced mean HbA1c by -1.5% compared to -0.8% with sitagliptin (p < 0.001). (Confidence interval 95%, n=701)."
4101,10001395,BACKGROUND,BACKGROUND,Hypertension remains the leading preventable cause of cardiovascular disease and premature death worldwide. (Cohort identifier: 4101).
4102,10001671,OBJECTIVE,OBJECTIVES,To evaluate the efficacy and safety of once-weekly semaglutide compared to daily sitagliptin in adults. (Trial registration: NCT010001671).
4103,10001919,METHODS,METHODS,Statistical analyses followed the intention-to-treat principle using mixed-effects linear regression models. (Stratified cluster 4103).
4104,10001377,RESULTS,RESULTS,"The 12-month relapse rate was significantly lower in the combined therapy arm (18.2% vs 34.6%, HR: 0.48, 9: 0.31-0.75). (Confidence interval 95%, n=824)."
4105,10001252,BACKGROUND,BACKGROUND,Hypertension remains the leading preventable cause of cardiovascular disease and premature death worldwide. (Cohort identifier: 4105).
4106,10001412,OBJECTIVE,OBJECTIVES,To evaluate the efficacy and safety of once-weekly semaglutide compared to daily sitagliptin in adults. (Trial registration: NCT010001412).
4107,10001087,METHODS,METHODS,Eligible participants aged 18-75 years with documented HbA1c > 8.0% underwent 24 weeks of active treatment. (Stratified cluster 4107).
4108,10001014,RESULTS,RESULTS,"No statistically significant difference in serious adverse events was observed between the active drug and placebo arms. (Confidence interval 95%, n=2450)."
4109,10001257,BACKGROUND,BACKGROUND,Major depressive disorder is a pervasive mental health condition with substantial socioeconomic burden. (Cohort identifier: 4109).
4110,10001260,OBJECTIVE,OBJECTIVES,To determine if inhaled corticosteroid cessation increases acute exacerbation risk in moderate COPD. (Trial registration: NCT010001260).
4111,10001518,METHODS,METHODS,Primary endpoint was change in mean arterial pressure measured at 12 weeks post-randomization. (Stratified cluster 4111).
4112,10001833,RESULTS,RESULTS,"Mean postoperative pain scores at 24 hours were significantly reduced in the intervention group (2.1 vs 4.8, p = 0.002). (Confidence interval 95%, n=1804)."
4113,10001421,BACKGROUND,BACKGROUND,Hypertension remains the leading preventable cause of cardiovascular disease and premature death worldwide. (Cohort identifier: 4113).
4114,10001314,OBJECTIVE,OBJECTIVES,To determine if inhaled corticosteroid cessation increases acute exacerbation risk in moderate COPD. (Trial registration: NCT010001314).
4115,10001236,METHODS,METHODS,Statistical analyses followed the intention-to-treat principle using mixed-effects linear regression models. (Stratified cluster 4115).
4116,10001481,RESULTS,RESULTS,"Semaglutide significantly reduced mean HbA1c by -1.5% compared to -0.8% with sitagliptin (p < 0.001). (Confidence interval 95%, n=1515)."
4117,10001210,BACKGROUND,BACKGROUND,Type 2 diabetes mellitus is a major chronic metabolic disorder associated with high cardiovascular mortality. (Cohort identifier: 4117).
4118,10001500,OBJECTIVE,OBJECTIVES,The primary aim was to assess the analgesic effectiveness of intravenous dexamethasone versus placebo. (Trial registration: NCT010001500).
4119,10001972,METHODS,METHODS,"A multi-center, double-blind, randomized controlled trial enrolled 1,200 adult patients across 45 clinical sites. (Stratified cluster 4119)."
4120,10001688,RESULTS,RESULTS,"The 12-month relapse rate was significantly lower in the combined therapy arm (18.2% vs 34.6%, HR: 0.48, 9: 0.31-0.75). (Confidence interval 95%, n=695)."
4121,10001532,BACKGROUND,BACKGROUND,Type 2 diabetes mellitus is a major chronic metabolic disorder associated with high cardiovascular mortality. (Cohort identifier: 4121).
4122,10001886,OBJECTIVE,OBJECTIVES,To determine if inhaled corticosteroid cessation increases acute exacerbation risk in moderate COPD. (Trial registration: NCT010001886).
4123,10001910,METHODS,METHODS,Eligible participants aged 18-75 years with documented HbA1c > 8.0% underwent 24 weeks of active treatment. (Stratified cluster 4123).
4124,10001077,RESULTS,RESULTS,"The 12-month relapse rate was significantly lower in the combined therapy arm (18.2% vs 34.6%, HR: 0.48, 9: 0.31-0.75). (Confidence interval 95%, n=897)."
4125,10001498,BACKGROUND,BACKGROUND,Type 2 diabetes mellitus is a major chronic metabolic disorder associated with high cardiovascular mortality. (Cohort identifier: 4125).
4126,10001297,OBJECTIVE,OBJECTIVES,To determine if inhaled corticosteroid cessation increases acute exacerbation risk in moderate COPD. (Trial registration: NCT010001297).
4127,10001551,METHODS,METHODS,Participants were randomly allocated (1:1) using computer-generated block randomization to receive drug A or placebo. (Stratified cluster 4127).
4128,10001671,RESULTS,RESULTS,"Semaglutide significantly reduced mean HbA1c by -1.5% compared to -0.8% with sitagliptin (p < 0.001). (Confidence interval 95%, n=1650)."
4129,10001850,BACKGROUND,BACKGROUND,Major depressive disorder is a pervasive mental health condition with substantial socioeconomic burden. (Cohort identifier: 4129).
4130,10001588,OBJECTIVE,OBJECTIVES,To evaluate the efficacy and safety of once-weekly semaglutide compared to daily sitagliptin in adults. (Trial registration: NCT010001588).
4131,10001871,METHODS,METHODS,Eligible participants aged 18-75 years with documented HbA1c > 8.0% underwent 24 weeks of active treatment. (Stratified cluster 4131).
4132,10001203,RESULTS,RESULTS,"Mean postoperative pain scores at 24 hours were significantly reduced in the intervention group (2.1 vs 4.8, p = 0.002). (Confidence interval 95%, n=1195)."
4133,10001993,BACKGROUND,BACKGROUND,Type 2 diabetes mellitus is a major chronic metabolic disorder associated with high cardiovascular mortality. (Cohort identifier: 4133).
4134,10001803,OBJECTIVE,OBJECTIVES,To evaluate the efficacy and safety of once-weekly semaglutide compared to daily sitagliptin in adults. (Trial registration: NCT010001803).
4135,10001823,METHODS,METHODS,Primary endpoint was change in mean arterial pressure measured at 12 weeks post-randomization. (Stratified cluster 4135).
4136,10001309,RESULTS,RESULTS,"No statistically significant difference in serious adverse events was observed between the active drug and placebo arms. (Confidence interval 95%, n=1449)."
4137,10001452,BACKGROUND,BACKGROUND,Major depressive disorder is a pervasive mental health condition with substantial socioeconomic burden. (Cohort identifier: 4137).
4138,10001521,OBJECTIVE,OBJECTIVES,The primary aim was to assess the analgesic effectiveness of intravenous dexamethasone versus placebo. (Trial registration: NCT010001521).
4139,10001955,METHODS,METHODS,Participants were randomly allocated (1:1) using computer-generated block randomization to receive drug A or placebo. (Stratified cluster 4139).
4140,10001159,RESULTS,RESULTS,"No statistically significant difference in serious adverse events was observed between the active drug and placebo arms. (Confidence interval 95%, n=1705)."
4141,10001484,BACKGROUND,BACKGROUND,Major depressive disorder is a pervasive mental health condition with substantial socioeconomic burden. (Cohort identifier: 4141).
4142,10001453,OBJECTIVE,OBJECTIVES,To determine if inhaled corticosteroid cessation increases acute exacerbation risk in moderate COPD. (Trial registration: NCT010001453).
4143,10001787,METHODS,METHODS,Statistical analyses followed the intention-to-treat principle using mixed-effects linear regression models. (Stratified cluster 4143).
4144,10001908,RESULTS,RESULTS,"No statistically significant difference in serious adverse events was observed between the active drug and placebo arms. (Confidence interval 95%, n=1374)."
4145,10001891,BACKGROUND,BACKGROUND,Chronic obstructive pulmonary disease exacerbations frequently lead to hospital readmission and increased mortality. (Cohort identifier: 4145).
4146,10001556,OBJECTIVE,OBJECTIVES,We investigated whether cognitive behavioral therapy reduces relapse rates compared to standard pharmacotherapy. (Trial registration: NCT010001556).
4147,10001336,METHODS,METHODS,"A multi-center, double-blind, randomized controlled trial enrolled 1,200 adult patients across 45 clinical sites. (Stratified cluster 4147)."
4148,10001457,RESULTS,RESULTS,"Combination therapy achieved target blood pressure control in 78.4% of patients compared to 54.2% in the monotherapy group. (Confidence interval 95%, n=1661)."
4149,10001619,BACKGROUND,BACKGROUND,Hypertension remains the leading preventable cause of cardiovascular disease and premature death worldwide. (Cohort identifier: 4149).
4150,10001109,OBJECTIVE,OBJECTIVES,The primary aim was to assess the analgesic effectiveness of intravenous dexamethasone versus placebo. (Trial registration: NCT010001109).
4151,10001720,METHODS,METHODS,Eligible participants aged 18-75 years with documented HbA1c > 8.0% underwent 24 weeks of active treatment. (Stratified cluster 4151).
4152,10001760,RESULTS,RESULTS,"Mean postoperative pain scores at 24 hours were significantly reduced in the intervention group (2.1 vs 4.8, p = 0.002). (Confidence interval 95%, n=1402)."
4153,10001263,BACKGROUND,BACKGROUND,Hypertension remains the leading preventable cause of cardiovascular disease and premature death worldwide. (Cohort identifier: 4153).
4154,10001988,OBJECTIVE,OBJECTIVES,To evaluate the efficacy and safety of once-weekly semaglutide compared to daily sitagliptin in adults. (Trial registration: NCT010001988).
4155,10001373,METHODS,METHODS,Statistical analyses followed the intention-to-treat principle using mixed-effects linear regression models. (Stratified cluster 4155).
4156,10001320,RESULTS,RESULTS,"The 12-month relapse rate was significantly lower in the combined therapy arm (18.2% vs 34.6%, HR: 0.48, 9: 0.31-0.75). (Confidence interval 95%, n=1562)."
4157,10001960,BACKGROUND,BACKGROUND,Major depressive disorder is a pervasive mental health condition with substantial socioeconomic burden. (Cohort identifier: 4157).
4158,10001971,OBJECTIVE,OBJECTIVES,This randomized controlled trial aimed to compare low-dose combination therapy against standard monotherapy. (Trial registration: NCT010001971).
4159,10001468,METHODS,METHODS,Primary endpoint was change in mean arterial pressure measured at 12 weeks post-randomization. (Stratified cluster 4159).
4160,10001317,RESULTS,RESULTS,"Mean postoperative pain scores at 24 hours were significantly reduced in the intervention group (2.1 vs 4.8, p = 0.002). (Confidence interval 95%, n=185)."
4161,10001204,BACKGROUND,BACKGROUND,Type 2 diabetes mellitus is a major chronic metabolic disorder associated with high cardiovascular mortality. (Cohort identifier: 4161).
4162,10001151,OBJECTIVE,OBJECTIVES,The primary aim was to assess the analgesic effectiveness of intravenous dexamethasone versus placebo. (Trial registration: NCT010001151).
4163,10001336,METHODS,METHODS,"A multi-center, double-blind, randomized controlled trial enrolled 1,200 adult patients across 45 clinical sites. (Stratified cluster 4163)."
4164,10001653,RESULTS,RESULTS,"Mean postoperative pain scores at 24 hours were significantly reduced in the intervention group (2.1 vs 4.8, p = 0.002). (Confidence interval 95%, n=1634)."
4165,10001546,BACKGROUND,BACKGROUND,Hypertension remains the leading preventable cause of cardiovascular disease and premature death worldwide. (Cohort identifier: 4165).
4166,10001109,OBJECTIVE,OBJECTIVES,To determine if inhaled corticosteroid cessation increases acute exacerbation risk in moderate COPD. (Trial registration: NCT010001109).
4167,10001364,METHODS,METHODS,"A multi-center, double-blind, randomized controlled trial enrolled 1,200 adult patients across 45 clinical sites. (Stratified cluster 4167)."
4168,10001011,RESULTS,RESULTS,"No statistically significant difference in serious adverse events was observed between the active drug and placebo arms. (Confidence interval 95%, n=1923)."
4169,10001119,BACKGROUND,BACKGROUND,Hypertension remains the leading preventable cause of cardiovascular disease and premature death worldwide. (Cohort identifier: 4169).
4170,10001559,OBJECTIVE,OBJECTIVES,We investigated whether cognitive behavioral therapy reduces relapse rates compared to standard pharmacotherapy. (Trial registration: NCT010001559).
4171,10001082,METHODS,METHODS,Primary endpoint was change in mean arterial pressure measured at 12 weeks post-randomization. (Stratified cluster 4171).
4172,10001495,RESULTS,RESULTS,"Mean postoperative pain scores at 24 hours were significantly reduced in the intervention group (2.1 vs 4.8, p = 0.002). (Confidence interval 95%, n=232)."
4173,10001153,BACKGROUND,BACKGROUND,Hypertension remains the leading preventable cause of cardiovascular disease and premature death worldwide. (Cohort identifier: 4173).
4174,10001244,OBJECTIVE,OBJECTIVES,This randomized controlled trial aimed to compare low-dose combination therapy against standard monotherapy. (Trial registration: NCT010001244).
4175,10001496,METHODS,METHODS,Eligible participants aged 18-75 years with documented HbA1c > 8.0% underwent 24 weeks of active treatment. (Stratified cluster 4175).
4176,10001642,RESULTS,RESULTS,"Combination therapy achieved target blood pressure control in 78.4% of patients compared to 54.2% in the monotherapy group. (Confidence interval 95%, n=888)."
4177,10001193,BACKGROUND,BACKGROUND,Hypertension remains the leading preventable cause of cardiovascular disease and premature death worldwide. (Cohort identifier: 4177).
4178,10001640,OBJECTIVE,OBJECTIVES,To evaluate the efficacy and safety of once-weekly semaglutide compared to daily sitagliptin in adults. (Trial registration: NCT010001640).
4179,10001893,METHODS,METHODS,"A multi-center, double-blind, randomized controlled trial enrolled 1,200 adult patients across 45 clinical sites. (Stratified cluster 4179)."
4180,10001159,RESULTS,RESULTS,"Semaglutide significantly reduced mean HbA1c by -1.5% compared to -0.8% with sitagliptin (p < 0.001). (Confidence interval 95%, n=1305)."
4181,10001925,BACKGROUND,BACKGROUND,Type 2 diabetes mellitus is a major chronic metabolic disorder associated with high cardiovascular mortality. (Cohort identifier: 4181).
4182,10001217,OBJECTIVE,OBJECTIVES,We investigated whether cognitive behavioral therapy reduces relapse rates compared to standard pharmacotherapy. (Trial registration: NCT010001217).
4183,10001693,METHODS,METHODS,Participants were randomly allocated (1:1) using computer-generated block randomization to receive drug A or placebo. (Stratified cluster 4183).
4184,10001579,RESULTS,RESULTS,"Semaglutide significantly reduced mean HbA1c by -1.5% compared to -0.8% with sitagliptin (p < 0.001). (Confidence interval 95%, n=1104)."
4185,10001371,BACKGROUND,BACKGROUND,Type 2 diabetes mellitus is a major chronic metabolic disorder associated with high cardiovascular mortality. (Cohort identifier: 4185).
4186,10001388,OBJECTIVE,OBJECTIVES,This randomized controlled trial aimed to compare low-dose combination therapy against standard monotherapy. (Trial registration: NCT010001388).
4187,10001289,METHODS,METHODS,"A multi-center, double-blind, randomized controlled trial enrolled 1,200 adult patients across 45 clinical sites. (Stratified cluster 4187)."
4188,10001065,RESULTS,RESULTS,"Combination therapy achieved target blood pressure control in 78.4% of patients compared to 54.2% in the monotherapy group. (Confidence interval 95%, n=357)."
4189,10001628,BACKGROUND,BACKGROUND,Major depressive disorder is a pervasive mental health condition with substantial socioeconomic burden. (Cohort identifier: 4189).
4190,10001534,OBJECTIVE,OBJECTIVES,To evaluate the efficacy and safety of once-weekly semaglutide compared to daily sitagliptin in adults. (Trial registration: NCT010001534).
4191,10001824,METHODS,METHODS,"A multi-center, double-blind, randomized controlled trial enrolled 1,200 adult patients across 45 clinical sites. (Stratified cluster 4191)."
4192,10001911,RESULTS,RESULTS,"No statistically significant difference in serious adverse events was observed between the active drug and placebo arms. (Confidence interval 95%, n=982)."
4193,10001625,BACKGROUND,BACKGROUND,Type 2 diabetes mellitus is a major chronic metabolic disorder associated with high cardiovascular mortality. (Cohort identifier: 4193).
4194,10001085,OBJECTIVE,OBJECTIVES,This randomized controlled trial aimed to compare low-dose combination therapy against standard monotherapy. (Trial registration: NCT010001085).
4195,10001003,METHODS,METHODS,Eligible participants aged 18-75 years with documented HbA1c > 8.0% underwent 24 weeks of active treatment. (Stratified cluster 4195).
4196,10001630,RESULTS,RESULTS,"Semaglutide significantly reduced mean HbA1c by -1.5% compared to -0.8% with sitagliptin (p < 0.001). (Confidence interval 95%, n=162)."
4197,10001059,BACKGROUND,BACKGROUND,Chronic obstructive pulmonary disease exacerbations frequently lead to hospital readmission and increased mortality. (Cohort identifier: 4197).
4198,10001930,OBJECTIVE,OBJECTIVES,This randomized controlled trial aimed to compare low-dose combination therapy against standard monotherapy. (Trial registration: NCT010001930).
4199,10001465,METHODS,METHODS,Primary endpoint was change in mean arterial pressure measured at 12 weeks post-randomization. (Stratified cluster 4199).
4200,10001124,RESULTS,RESULTS,"Semaglutide significantly reduced mean HbA1c by -1.5% compared to -0.8% with sitagliptin (p < 0.001). (Confidence interval 95%, n=2358)."
4201,10001656,BACKGROUND,BACKGROUND,Type 2 diabetes mellitus is a major chronic metabolic disorder associated with high cardiovascular mortality. (Cohort identifier: 4201).
4202,10001397,OBJECTIVE,OBJECTIVES,This randomized controlled trial aimed to compare low-dose combination therapy against standard monotherapy. (Trial registration: NCT010001397).
4203,10001757,METHODS,METHODS,Participants were randomly allocated (1:1) using computer-generated block randomization to receive drug A or placebo. (Stratified cluster 4203).
4204,10001484,RESULTS,RESULTS,"No statistically significant difference in serious adverse events was observed between the active drug and placebo arms. (Confidence interval 95%, n=1702)."
4205,10001540,BACKGROUND,BACKGROUND,Hypertension remains the leading preventable cause of cardiovascular disease and premature death worldwide. (Cohort identifier: 4205).
4206,10001876,OBJECTIVE,OBJECTIVES,The primary aim was to assess the analgesic effectiveness of intravenous dexamethasone versus placebo. (Trial registration: NCT010001876).
4207,10001325,METHODS,METHODS,Participants were randomly allocated (1:1) using computer-generated block randomization to receive drug A or placebo. (Stratified cluster 4207).
4208,10001579,RESULTS,RESULTS,"Mean postoperative pain scores at 24 hours were significantly reduced in the intervention group (2.1 vs 4.8, p = 0.002). (Confidence interval 95%, n=1578)."
4209,10001653,BACKGROUND,BACKGROUND,Hypertension remains the leading preventable cause of cardiovascular disease and premature death worldwide. (Cohort identifier: 4209).
4210,10001936,OBJECTIVE,OBJECTIVES,This randomized controlled trial aimed to compare low-dose combination therapy against standard monotherapy. (Trial registration: NCT010001936).
4211,10001065,METHODS,METHODS,Eligible participants aged 18-75 years with documented HbA1c > 8.0% underwent 24 weeks of active treatment. (Stratified cluster 4211).
4212,10001270,RESULTS,RESULTS,"Semaglutide significantly reduced mean HbA1c by -1.5% compared to -0.8% with sitagliptin (p < 0.001). (Confidence interval 95%, n=2400)."
4213,10001972,BACKGROUND,BACKGROUND,Postoperative pain management following major orthopedic surgery is critical for early patient mobilization. (Cohort identifier: 4213).
4214,10001396,OBJECTIVE,OBJECTIVES,We investigated whether cognitive behavioral therapy reduces relapse rates compared to standard pharmacotherapy. (Trial registration: NCT010001396).
4215,10001993,METHODS,METHODS,Eligible participants aged 18-75 years with documented HbA1c > 8.0% underwent 24 weeks of active treatment. (Stratified cluster 4215).
4216,10001196,RESULTS,RESULTS,"Semaglutide significantly reduced mean HbA1c by -1.5% compared to -0.8% with sitagliptin (p < 0.001). (Confidence interval 95%, n=1460)."
4217,10001092,BACKGROUND,BACKGROUND,Type 2 diabetes mellitus is a major chronic metabolic disorder associated with high cardiovascular mortality. (Cohort identifier: 4217).
4218,10001180,OBJECTIVE,OBJECTIVES,To determine if inhaled corticosteroid cessation increases acute exacerbation risk in moderate COPD. (Trial registration: NCT010001180).
4219,10001654,METHODS,METHODS,Statistical analyses followed the intention-to-treat principle using mixed-effects linear regression models. (Stratified cluster 4219).
4220,10001083,RESULTS,RESULTS,"Combination therapy achieved target blood pressure control in 78.4% of patients compared to 54.2% in the monotherapy group. (Confidence interval 95%, n=1154)."
4221,10001789,BACKGROUND,BACKGROUND,Postoperative pain management following major orthopedic surgery is critical for early patient mobilization. (Cohort identifier: 4221).
4222,10001348,OBJECTIVE,OBJECTIVES,To evaluate the efficacy and safety of once-weekly semaglutide compared to daily sitagliptin in adults. (Trial registration: NCT010001348).
4223,10001633,METHODS,METHODS,Eligible participants aged 18-75 years with documented HbA1c > 8.0% underwent 24 weeks of active treatment. (Stratified cluster 4223).
4224,10001830,RESULTS,RESULTS,"Combination therapy achieved target blood pressure control in 78.4% of patients compared to 54.2% in the monotherapy group. (Confidence interval 95%, n=157)."
4225,10001112,BACKGROUND,BACKGROUND,Type 2 diabetes mellitus is a major chronic metabolic disorder associated with high cardiovascular mortality. (Cohort identifier: 4225).
4226,10001299,OBJECTIVE,OBJECTIVES,This randomized controlled trial aimed to compare low-dose combination therapy against standard monotherapy. (Trial registration: NCT010001299).
4227,10001782,METHODS,METHODS,Eligible participants aged 18-75 years with documented HbA1c > 8.0% underwent 24 weeks of active treatment. (Stratified cluster 4227).
4228,10001842,RESULTS,RESULTS,"No statistically significant difference in serious adverse events was observed between the active drug and placebo arms. (Confidence interval 95%, n=553)."
4229,10001002,BACKGROUND,BACKGROUND,Postoperative pain management following major orthopedic surgery is critical for early patient mobilization. (Cohort identifier: 4229).
4230,10001233,OBJECTIVE,OBJECTIVES,This randomized controlled trial aimed to compare low-dose combination therapy against standard monotherapy. (Trial registration: NCT010001233).
4231,10001915,METHODS,METHODS,"A multi-center, double-blind, randomized controlled trial enrolled 1,200 adult patients across 45 clinical sites. (Stratified cluster 4231)."
4232,10001170,RESULTS,RESULTS,"No statistically significant difference in serious adverse events was observed between the active drug and placebo arms. (Confidence interval 95%, n=1529)."
4233,10001577,BACKGROUND,BACKGROUND,Hypertension remains the leading preventable cause of cardiovascular disease and premature death worldwide. (Cohort identifier: 4233).
4234,10001131,OBJECTIVE,OBJECTIVES,We investigated whether cognitive behavioral therapy reduces relapse rates compared to standard pharmacotherapy. (Trial registration: NCT010001131).
4235,10001926,METHODS,METHODS,Participants were randomly allocated (1:1) using computer-generated block randomization to receive drug A or placebo. (Stratified cluster 4235).
4236,10001918,RESULTS,RESULTS,"Mean postoperative pain scores at 24 hours were significantly reduced in the intervention group (2.1 vs 4.8, p = 0.002). (Confidence interval 95%, n=687)."
4237,10001262,BACKGROUND,BACKGROUND,Type 2 diabetes mellitus is a major chronic metabolic disorder associated with high cardiovascular mortality. (Cohort identifier: 4237).
4238,10001337,OBJECTIVE,OBJECTIVES,To determine if inhaled corticosteroid cessation increases acute exacerbation risk in moderate COPD. (Trial registration: NCT010001337).
4239,10001172,METHODS,METHODS,Participants were randomly allocated (1:1) using computer-generated block randomization to receive drug A or placebo. (Stratified cluster 4239).
4240,10001708,RESULTS,RESULTS,"Semaglutide significantly reduced mean HbA1c by -1.5% compared to -0.8% with sitagliptin (p < 0.001). (Confidence interval 95%, n=1843)."
4241,10001662,BACKGROUND,BACKGROUND,Postoperative pain management following major orthopedic surgery is critical for early patient mobilization. (Cohort identifier: 4241).
4242,10001022,OBJECTIVE,OBJECTIVES,To evaluate the efficacy and safety of once-weekly semaglutide compared to daily sitagliptin in adults. (Trial registration: NCT010001022).
4243,10001590,METHODS,METHODS,Participants were randomly allocated (1:1) using computer-generated block randomization to receive drug A or placebo. (Stratified cluster 4243).
4244,10001115,RESULTS,RESULTS,"Mean postoperative pain scores at 24 hours were significantly reduced in the intervention group (2.1 vs 4.8, p = 0.002). (Confidence interval 95%, n=636)."
4245,10001853,BACKGROUND,BACKGROUND,Major depressive disorder is a pervasive mental health condition with substantial socioeconomic burden. (Cohort identifier: 4245).
4246,10001378,OBJECTIVE,OBJECTIVES,The primary aim was to assess the analgesic effectiveness of intravenous dexamethasone versus placebo. (Trial registration: NCT010001378).
4247,10001657,METHODS,METHODS,Eligible participants aged 18-75 years with documented HbA1c > 8.0% underwent 24 weeks of active treatment. (Stratified cluster 4247).
4248,10001055,RESULTS,RESULTS,"The 12-month relapse rate was significantly lower in the combined therapy arm (18.2% vs 34.6%, HR: 0.48, 9: 0.31-0.75). (Confidence interval 95%, n=874)."
4249,10001632,BACKGROUND,BACKGROUND,Major depressive disorder is a pervasive mental health condition with substantial socioeconomic burden. (Cohort identifier: 4249).
4250,10001065,OBJECTIVE,OBJECTIVES,To determine if inhaled corticosteroid cessation increases acute exacerbation risk in moderate COPD. (Trial registration: NCT010001065).
4251,10001798,METHODS,METHODS,"A multi-center, double-blind, randomized controlled trial enrolled 1,200 adult patients across 45 clinical sites. (Stratified cluster 4251)."
4252,10001914,RESULTS,RESULTS,"Combination therapy achieved target blood pressure control in 78.4% of patients compared to 54.2% in the monotherapy group. (Confidence interval 95%, n=1292)."
4253,10001859,BACKGROUND,BACKGROUND,Major depressive disorder is a pervasive mental health condition with substantial socioeconomic burden. (Cohort identifier: 4253).
4254,10001049,OBJECTIVE,OBJECTIVES,The primary aim was to assess the analgesic effectiveness of intravenous dexamethasone versus placebo. (Trial registration: NCT010001049).
4255,10001194,METHODS,METHODS,Eligible participants aged 18-75 years with documented HbA1c > 8.0% underwent 24 weeks of active treatment. (Stratified cluster 4255).
4256,10001608,RESULTS,RESULTS,"Combination therapy achieved target blood pressure control in 78.4% of patients compared to 54.2% in the monotherapy group. (Confidence interval 95%, n=1808)."
4257,10001800,BACKGROUND,BACKGROUND,Chronic obstructive pulmonary disease exacerbations frequently lead to hospital readmission and increased mortality. (Cohort identifier: 4257).
4258,10001415,OBJECTIVE,OBJECTIVES,To determine if inhaled corticosteroid cessation increases acute exacerbation risk in moderate COPD. (Trial registration: NCT010001415).
4259,10001451,METHODS,METHODS,Participants were randomly allocated (1:1) using computer-generated block randomization to receive drug A or placebo. (Stratified cluster 4259).
4260,10001167,RESULTS,RESULTS,"No statistically significant difference in serious adverse events was observed between the active drug and placebo arms. (Confidence interval 95%, n=1326)."
4261,10001643,BACKGROUND,BACKGROUND,Postoperative pain management following major orthopedic surgery is critical for early patient mobilization. (Cohort identifier: 4261).
4262,10001372,OBJECTIVE,OBJECTIVES,To determine if inhaled corticosteroid cessation increases acute exacerbation risk in moderate COPD. (Trial registration: NCT010001372).
4263,10001307,METHODS,METHODS,Participants were randomly allocated (1:1) using computer-generated block randomization to receive drug A or placebo. (Stratified cluster 4263).
4264,10001202,RESULTS,RESULTS,"Mean postoperative pain scores at 24 hours were significantly reduced in the intervention group (2.1 vs 4.8, p = 0.002). (Confidence interval 95%, n=1345)."
4265,10001569,BACKGROUND,BACKGROUND,Major depressive disorder is a pervasive mental health condition with substantial socioeconomic burden. (Cohort identifier: 4265).
4266,10001754,OBJECTIVE,OBJECTIVES,To determine if inhaled corticosteroid cessation increases acute exacerbation risk in moderate COPD. (Trial registration: NCT010001754).
4267,10001042,METHODS,METHODS,"A multi-center, double-blind, randomized controlled trial enrolled 1,200 adult patients across 45 clinical sites. (Stratified cluster 4267)."
4268,10001355,RESULTS,RESULTS,"Mean postoperative pain scores at 24 hours were significantly reduced in the intervention group (2.1 vs 4.8, p = 0.002). (Confidence interval 95%, n=2125)."
4269,10001872,BACKGROUND,BACKGROUND,Hypertension remains the leading preventable cause of cardiovascular disease and premature death worldwide. (Cohort identifier: 4269).
4270,10001527,OBJECTIVE,OBJECTIVES,The primary aim was to assess the analgesic effectiveness of intravenous dexamethasone versus placebo. (Trial registration: NCT010001527).
4271,10001512,METHODS,METHODS,Primary endpoint was change in mean arterial pressure measured at 12 weeks post-randomization. (Stratified cluster 4271).
4272,10001044,RESULTS,RESULTS,"Combination therapy achieved target blood pressure control in 78.4% of patients compared to 54.2% in the monotherapy group. (Confidence interval 95%, n=1296)."
4273,10001450,BACKGROUND,BACKGROUND,Hypertension remains the leading preventable cause of cardiovascular disease and premature death worldwide. (Cohort identifier: 4273).
4274,10001391,OBJECTIVE,OBJECTIVES,To determine if inhaled corticosteroid cessation increases acute exacerbation risk in moderate COPD. (Trial registration: NCT010001391).
4275,10001921,METHODS,METHODS,Statistical analyses followed the intention-to-treat principle using mixed-effects linear regression models. (Stratified cluster 4275).
4276,10001932,RESULTS,RESULTS,"No statistically significant difference in serious adverse events was observed between the active drug and placebo arms. (Confidence interval 95%, n=1120)."
4277,10001536,BACKGROUND,BACKGROUND,Type 2 diabetes mellitus is a major chronic metabolic disorder associated with high cardiovascular mortality. (Cohort identifier: 4277).
4278,10001295,OBJECTIVE,OBJECTIVES,To determine if inhaled corticosteroid cessation increases acute exacerbation risk in moderate COPD. (Trial registration: NCT010001295).
4279,10001399,METHODS,METHODS,Participants were randomly allocated (1:1) using computer-generated block randomization to receive drug A or placebo. (Stratified cluster 4279).
4280,10001307,RESULTS,RESULTS,"Combination therapy achieved target blood pressure control in 78.4% of patients compared to 54.2% in the monotherapy group. (Confidence interval 95%, n=1276)."
4281,10001235,BACKGROUND,BACKGROUND,Type 2 diabetes mellitus is a major chronic metabolic disorder associated with high cardiovascular mortality. (Cohort identifier: 4281).
4282,10001748,OBJECTIVE,OBJECTIVES,This randomized controlled trial aimed to compare low-dose combination therapy against standard monotherapy. (Trial registration: NCT010001748).
4283,10001900,METHODS,METHODS,Participants were randomly allocated (1:1) using computer-generated block randomization to receive drug A or placebo. (Stratified cluster 4283).
4284,10001413,RESULTS,RESULTS,"The 12-month relapse rate was significantly lower in the combined therapy arm (18.2% vs 34.6%, HR: 0.48, 9: 0.31-0.75). (Confidence interval 95%, n=399)."
4285,10001176,BACKGROUND,BACKGROUND,Type 2 diabetes mellitus is a major chronic metabolic disorder associated with high cardiovascular mortality. (Cohort identifier: 4285).
4286,10001001,OBJECTIVE,OBJECTIVES,The primary aim was to assess the analgesic effectiveness of intravenous dexamethasone versus placebo. (Trial registration: NCT010001001).
4287,10001834,METHODS,METHODS,Statistical analyses followed the intention-to-treat principle using mixed-effects linear regression models. (Stratified cluster 4287).
4288,10001085,RESULTS,RESULTS,"The 12-month relapse rate was significantly lower in the combined therapy arm (18.2% vs 34.6%, HR: 0.48, 9: 0.31-0.75). (Confidence interval 95%, n=730)."
4289,10001320,BACKGROUND,BACKGROUND,Major depressive disorder is a pervasive mental health condition with substantial socioeconomic burden. (Cohort identifier: 4289).
4290,10001103,OBJECTIVE,OBJECTIVES,To determine if inhaled corticosteroid cessation increases acute exacerbation risk in moderate COPD. (Trial registration: NCT010001103).
4291,10001982,METHODS,METHODS,Statistical analyses followed the intention-to-treat principle using mixed-effects linear regression models. (Stratified cluster 4291).
4292,10001771,RESULTS,RESULTS,"Combination therapy achieved target blood pressure control in 78.4% of patients compared to 54.2% in the monotherapy group. (Confidence interval 95%, n=1446)."
4293,10001723,BACKGROUND,BACKGROUND,Major depressive disorder is a pervasive mental health condition with substantial socioeconomic burden. (Cohort identifier: 4293).
4294,10001484,OBJECTIVE,OBJECTIVES,We investigated whether cognitive behavioral therapy reduces relapse rates compared to standard pharmacotherapy. (Trial registration: NCT010001484).
4295,10001680,METHODS,METHODS,Statistical analyses followed the intention-to-treat principle using mixed-effects linear regression models. (Stratified cluster 4295).
4296,10001434,RESULTS,RESULTS,"Combination therapy achieved target blood pressure control in 78.4% of patients compared to 54.2% in the monotherapy group. (Confidence interval 95%, n=163)."
4297,10001229,BACKGROUND,BACKGROUND,Postoperative pain management following major orthopedic surgery is critical for early patient mobilization. (Cohort identifier: 4297).
4298,10001080,OBJECTIVE,OBJECTIVES,This randomized controlled trial aimed to compare low-dose combination therapy against standard monotherapy. (Trial registration: NCT010001080).
4299,10001499,METHODS,METHODS,"A multi-center, double-blind, randomized controlled trial enrolled 1,200 adult patients across 45 clinical sites. (Stratified cluster 4299)."
4300,10001510,RESULTS,RESULTS,"The 12-month relapse rate was significantly lower in the combined therapy arm (18.2% vs 34.6%, HR: 0.48, 9: 0.31-0.75). (Confidence interval 95%, n=730)."
4301,10001954,BACKGROUND,BACKGROUND,Chronic obstructive pulmonary disease exacerbations frequently lead to hospital readmission and increased mortality. (Cohort identifier: 4301).
4302,10001093,OBJECTIVE,OBJECTIVES,To evaluate the efficacy and safety of once-weekly semaglutide compared to daily sitagliptin in adults. (Trial registration: NCT010001093).
4303,10001897,METHODS,METHODS,Primary endpoint was change in mean arterial pressure measured at 12 weeks post-randomization. (Stratified cluster 4303).
4304,10001535,RESULTS,RESULTS,"Semaglutide significantly reduced mean HbA1c by -1.5% compared to -0.8% with sitagliptin (p < 0.001). (Confidence interval 95%, n=842)."
4305,10001373,BACKGROUND,BACKGROUND,Hypertension remains the leading preventable cause of cardiovascular disease and premature death worldwide. (Cohort identifier: 4305).
4306,10001156,OBJECTIVE,OBJECTIVES,We investigated whether cognitive behavioral therapy reduces relapse rates compared to standard pharmacotherapy. (Trial registration: NCT010001156).
4307,10001700,METHODS,METHODS,Primary endpoint was change in mean arterial pressure measured at 12 weeks post-randomization. (Stratified cluster 4307).
4308,10001311,RESULTS,RESULTS,"Semaglutide significantly reduced mean HbA1c by -1.5% compared to -0.8% with sitagliptin (p < 0.001). (Confidence interval 95%, n=814)."
4309,10001970,BACKGROUND,BACKGROUND,Postoperative pain management following major orthopedic surgery is critical for early patient mobilization. (Cohort identifier: 4309).
4310,10001835,OBJECTIVE,OBJECTIVES,The primary aim was to assess the analgesic effectiveness of intravenous dexamethasone versus placebo. (Trial registration: NCT010001835).
4311,10001193,METHODS,METHODS,"A multi-center, double-blind, randomized controlled trial enrolled 1,200 adult patients across 45 clinical sites. (Stratified cluster 4311)."
4312,10001429,RESULTS,RESULTS,"Mean postoperative pain scores at 24 hours were significantly reduced in the intervention group (2.1 vs 4.8, p = 0.002). (Confidence interval 95%, n=1154)."
4313,10001357,BACKGROUND,BACKGROUND,Postoperative pain management following major orthopedic surgery is critical for early patient mobilization. (Cohort identifier: 4313).
4314,10001124,OBJECTIVE,OBJECTIVES,This randomized controlled trial aimed to compare low-dose combination therapy against standard monotherapy. (Trial registration: NCT010001124).
4315,10001395,METHODS,METHODS,Participants were randomly allocated (1:1) using computer-generated block randomization to receive drug A or placebo. (Stratified cluster 4315).
4316,10001923,RESULTS,RESULTS,"Semaglutide significantly reduced mean HbA1c by -1.5% compared to -0.8% with sitagliptin (p < 0.001). (Confidence interval 95%, n=2377)."
4317,10001204,BACKGROUND,BACKGROUND,Postoperative pain management following major orthopedic surgery is critical for early patient mobilization. (Cohort identifier: 4317).
4318,10001940,OBJECTIVE,OBJECTIVES,To evaluate the efficacy and safety of once-weekly semaglutide compared to daily sitagliptin in adults. (Trial registration: NCT010001940).
4319,10001484,METHODS,METHODS,Primary endpoint was change in mean arterial pressure measured at 12 weeks post-randomization. (Stratified cluster 4319).
4320,10001958,RESULTS,RESULTS,"Combination therapy achieved target blood pressure control in 78.4% of patients compared to 54.2% in the monotherapy group. (Confidence interval 95%, n=1603)."
4321,10001978,BACKGROUND,BACKGROUND,Major depressive disorder is a pervasive mental health condition with substantial socioeconomic burden. (Cohort identifier: 4321).
4322,10001423,OBJECTIVE,OBJECTIVES,This randomized controlled trial aimed to compare low-dose combination therapy against standard monotherapy. (Trial registration: NCT010001423).
4323,10001451,METHODS,METHODS,Eligible participants aged 18-75 years with documented HbA1c > 8.0% underwent 24 weeks of active treatment. (Stratified cluster 4323).
4324,10001821,RESULTS,RESULTS,"Mean postoperative pain scores at 24 hours were significantly reduced in the intervention group (2.1 vs 4.8, p = 0.002). (Confidence interval 95%, n=1676)."
4325,10001696,BACKGROUND,BACKGROUND,Postoperative pain management following major orthopedic surgery is critical for early patient mobilization. (Cohort identifier: 4325).
4326,10001001,OBJECTIVE,OBJECTIVES,To evaluate the efficacy and safety of once-weekly semaglutide compared to daily sitagliptin in adults. (Trial registration: NCT010001001).
4327,10001674,METHODS,METHODS,Primary endpoint was change in mean arterial pressure measured at 12 weeks post-randomization. (Stratified cluster 4327).
4328,10001556,RESULTS,RESULTS,"No statistically significant difference in serious adverse events was observed between the active drug and placebo arms. (Confidence interval 95%, n=2065)."
4329,10001049,BACKGROUND,BACKGROUND,Type 2 diabetes mellitus is a major chronic metabolic disorder associated with high cardiovascular mortality. (Cohort identifier: 4329).
4330,10001064,OBJECTIVE,OBJECTIVES,The primary aim was to assess the analgesic effectiveness of intravenous dexamethasone versus placebo. (Trial registration: NCT010001064).
4331,10001397,METHODS,METHODS,Statistical analyses followed the intention-to-treat principle using mixed-effects linear regression models. (Stratified cluster 4331).
4332,10001509,RESULTS,RESULTS,"No statistically significant difference in serious adverse events was observed between the active drug and placebo arms. (Confidence interval 95%, n=1760)."
4333,10001928,BACKGROUND,BACKGROUND,Type 2 diabetes mellitus is a major chronic metabolic disorder associated with high cardiovascular mortality. (Cohort identifier: 4333).
4334,10001353,OBJECTIVE,OBJECTIVES,This randomized controlled trial aimed to compare low-dose combination therapy against standard monotherapy. (Trial registration: NCT010001353).
4335,10001831,METHODS,METHODS,Participants were randomly allocated (1:1) using computer-generated block randomization to receive drug A or placebo. (Stratified cluster 4335).
4336,10001665,RESULTS,RESULTS,"The 12-month relapse rate was significantly lower in the combined therapy arm (18.2% vs 34.6%, HR: 0.48, 9: 0.31-0.75). (Confidence interval 95%, n=2319)."
4337,10001374,BACKGROUND,BACKGROUND,Major depressive disorder is a pervasive mental health condition with substantial socioeconomic burden. (Cohort identifier: 4337).
4338,10001240,OBJECTIVE,OBJECTIVES,To determine if inhaled corticosteroid cessation increases acute exacerbation risk in moderate COPD. (Trial registration: NCT010001240).
4339,10001911,METHODS,METHODS,Participants were randomly allocated (1:1) using computer-generated block randomization to receive drug A or placebo. (Stratified cluster 4339).
4340,10001895,RESULTS,RESULTS,"Mean postoperative pain scores at 24 hours were significantly reduced in the intervention group (2.1 vs 4.8, p = 0.002). (Confidence interval 95%, n=787)."
4341,10001078,BACKGROUND,BACKGROUND,Type 2 diabetes mellitus is a major chronic metabolic disorder associated with high cardiovascular mortality. (Cohort identifier: 4341).
4342,10001394,OBJECTIVE,OBJECTIVES,To evaluate the efficacy and safety of once-weekly semaglutide compared to daily sitagliptin in adults. (Trial registration: NCT010001394).
4343,10001847,METHODS,METHODS,"A multi-center, double-blind, randomized controlled trial enrolled 1,200 adult patients across 45 clinical sites. (Stratified cluster 4343)."
4344,10001140,RESULTS,RESULTS,"Semaglutide significantly reduced mean HbA1c by -1.5% compared to -0.8% with sitagliptin (p < 0.001). (Confidence interval 95%, n=1373)."
4345,10001235,BACKGROUND,BACKGROUND,Chronic obstructive pulmonary disease exacerbations frequently lead to hospital readmission and increased mortality. (Cohort identifier: 4345).
4346,10001159,OBJECTIVE,OBJECTIVES,To evaluate the efficacy and safety of once-weekly semaglutide compared to daily sitagliptin in adults. (Trial registration: NCT010001159).
4347,10001916,METHODS,METHODS,Statistical analyses followed the intention-to-treat principle using mixed-effects linear regression models. (Stratified cluster 4347).
4348,10001079,RESULTS,RESULTS,"The 12-month relapse rate was significantly lower in the combined therapy arm (18.2% vs 34.6%, HR: 0.48, 9: 0.31-0.75). (Confidence interval 95%, n=964)."
4349,10001249,BACKGROUND,BACKGROUND,Type 2 diabetes mellitus is a major chronic metabolic disorder associated with high cardiovascular mortality. (Cohort identifier: 4349).
4350,10001319,OBJECTIVE,OBJECTIVES,The primary aim was to assess the analgesic effectiveness of intravenous dexamethasone versus placebo. (Trial registration: NCT010001319).
4351,10001354,METHODS,METHODS,Participants were randomly allocated (1:1) using computer-generated block randomization to receive drug A or placebo. (Stratified cluster 4351).
4352,10001651,RESULTS,RESULTS,"The 12-month relapse rate was significantly lower in the combined therapy arm (18.2% vs 34.6%, HR: 0.48, 9: 0.31-0.75). (Confidence interval 95%, n=2242)."
4353,10001445,BACKGROUND,BACKGROUND,Postoperative pain management following major orthopedic surgery is critical for early patient mobilization. (Cohort identifier: 4353).
4354,10001169,OBJECTIVE,OBJECTIVES,We investigated whether cognitive behavioral therapy reduces relapse rates compared to standard pharmacotherapy. (Trial registration: NCT010001169).
4355,10001802,METHODS,METHODS,Eligible participants aged 18-75 years with documented HbA1c > 8.0% underwent 24 weeks of active treatment. (Stratified cluster 4355).
4356,10001224,RESULTS,RESULTS,"Semaglutide significantly reduced mean HbA1c by -1.5% compared to -0.8% with sitagliptin (p < 0.001). (Confidence interval 95%, n=160)."
4357,10001142,BACKGROUND,BACKGROUND,Postoperative pain management following major orthopedic surgery is critical for early patient mobilization. (Cohort identifier: 4357).
4358,10001119,OBJECTIVE,OBJECTIVES,This randomized controlled trial aimed to compare low-dose combination therapy against standard monotherapy. (Trial registration: NCT010001119).
4359,10001640,METHODS,METHODS,"A multi-center, double-blind, randomized controlled trial enrolled 1,200 adult patients across 45 clinical sites. (Stratified cluster 4359)."
4360,10001203,RESULTS,RESULTS,"Mean postoperative pain scores at 24 hours were significantly reduced in the intervention group (2.1 vs 4.8, p = 0.002). (Confidence interval 95%, n=336)."
4361,10001510,BACKGROUND,BACKGROUND,Type 2 diabetes mellitus is a major chronic metabolic disorder associated with high cardiovascular mortality. (Cohort identifier: 4361).
4362,10001885,OBJECTIVE,OBJECTIVES,This randomized controlled trial aimed to compare low-dose combination therapy against standard monotherapy. (Trial registration: NCT010001885).
4363,10001017,METHODS,METHODS,Eligible participants aged 18-75 years with documented HbA1c > 8.0% underwent 24 weeks of active treatment. (Stratified cluster 4363).
4364,10001511,RESULTS,RESULTS,"Combination therapy achieved target blood pressure control in 78.4% of patients compared to 54.2% in the monotherapy group. (Confidence interval 95%, n=901)."
4365,10001151,BACKGROUND,BACKGROUND,Major depressive disorder is a pervasive mental health condition with substantial socioeconomic burden. (Cohort identifier: 4365).
4366,10001628,OBJECTIVE,OBJECTIVES,We investigated whether cognitive behavioral therapy reduces relapse rates compared to standard pharmacotherapy. (Trial registration: NCT010001628).
4367,10001070,METHODS,METHODS,Statistical analyses followed the intention-to-treat principle using mixed-effects linear regression models. (Stratified cluster 4367).
4368,10001694,RESULTS,RESULTS,"No statistically significant difference in serious adverse events was observed between the active drug and placebo arms. (Confidence interval 95%, n=1901)."
4369,10001233,BACKGROUND,BACKGROUND,Type 2 diabetes mellitus is a major chronic metabolic disorder associated with high cardiovascular mortality. (Cohort identifier: 4369).
4370,10001907,OBJECTIVE,OBJECTIVES,We investigated whether cognitive behavioral therapy reduces relapse rates compared to standard pharmacotherapy. (Trial registration: NCT010001907).
4371,10001751,METHODS,METHODS,Eligible participants aged 18-75 years with documented HbA1c > 8.0% underwent 24 weeks of active treatment. (Stratified cluster 4371).
4372,10001584,RESULTS,RESULTS,"No statistically significant difference in serious adverse events was observed between the active drug and placebo arms. (Confidence interval 95%, n=2252)."
4373,10001789,BACKGROUND,BACKGROUND,Hypertension remains the leading preventable cause of cardiovascular disease and premature death worldwide. (Cohort identifier: 4373).
4374,10001221,OBJECTIVE,OBJECTIVES,To evaluate the efficacy and safety of once-weekly semaglutide compared to daily sitagliptin in adults. (Trial registration: NCT010001221).
4375,10001866,METHODS,METHODS,"A multi-center, double-blind, randomized controlled trial enrolled 1,200 adult patients across 45 clinical sites. (Stratified cluster 4375)."
4376,10001451,RESULTS,RESULTS,"Mean postoperative pain scores at 24 hours were significantly reduced in the intervention group (2.1 vs 4.8, p = 0.002). (Confidence interval 95%, n=1483)."
4377,10001629,BACKGROUND,BACKGROUND,Postoperative pain management following major orthopedic surgery is critical for early patient mobilization. (Cohort identifier: 4377).
4378,10001013,OBJECTIVE,OBJECTIVES,The primary aim was to assess the analgesic effectiveness of intravenous dexamethasone versus placebo. (Trial registration: NCT010001013).
4379,10001759,METHODS,METHODS,"A multi-center, double-blind, randomized controlled trial enrolled 1,200 adult patients across 45 clinical sites. (Stratified cluster 4379)."
4380,10001215,RESULTS,RESULTS,"No statistically significant difference in serious adverse events was observed between the active drug and placebo arms. (Confidence interval 95%, n=2239)."
4381,10001219,BACKGROUND,BACKGROUND,Major depressive disorder is a pervasive mental health condition with substantial socioeconomic burden. (Cohort identifier: 4381).
4382,10001897,OBJECTIVE,OBJECTIVES,To evaluate the efficacy and safety of once-weekly semaglutide compared to daily sitagliptin in adults. (Trial registration: NCT010001897).
4383,10001103,METHODS,METHODS,"A multi-center, double-blind, randomized controlled trial enrolled 1,200 adult patients across 45 clinical sites. (Stratified cluster 4383)."
4384,10001144,RESULTS,RESULTS,"Combination therapy achieved target blood pressure control in 78.4% of patients compared to 54.2% in the monotherapy group. (Confidence interval 95%, n=581)."
4385,10001530,BACKGROUND,BACKGROUND,Type 2 diabetes mellitus is a major chronic metabolic disorder associated with high cardiovascular mortality. (Cohort identifier: 4385).
4386,10001903,OBJECTIVE,OBJECTIVES,To determine if inhaled corticosteroid cessation increases acute exacerbation risk in moderate COPD. (Trial registration: NCT010001903).
4387,10001820,METHODS,METHODS,Statistical analyses followed the intention-to-treat principle using mixed-effects linear regression models. (Stratified cluster 4387).
4388,10001907,RESULTS,RESULTS,"Combination therapy achieved target blood pressure control in 78.4% of patients compared to 54.2% in the monotherapy group. (Confidence interval 95%, n=2069)."
4389,10001397,BACKGROUND,BACKGROUND,Postoperative pain management following major orthopedic surgery is critical for early patient mobilization. (Cohort identifier: 4389).
4390,10001697,OBJECTIVE,OBJECTIVES,To determine if inhaled corticosteroid cessation increases acute exacerbation risk in moderate COPD. (Trial registration: NCT010001697).
4391,10001778,METHODS,METHODS,"A multi-center, double-blind, randomized controlled trial enrolled 1,200 adult patients across 45 clinical sites. (Stratified cluster 4391)."
4392,10001120,RESULTS,RESULTS,"No statistically significant difference in serious adverse events was observed between the active drug and placebo arms. (Confidence interval 95%, n=2466)."
4393,10001515,BACKGROUND,BACKGROUND,Chronic obstructive pulmonary disease exacerbations frequently lead to hospital readmission and increased mortality. (Cohort identifier: 4393).
4394,10001776,OBJECTIVE,OBJECTIVES,The primary aim was to assess the analgesic effectiveness of intravenous dexamethasone versus placebo. (Trial registration: NCT010001776).
4395,10001456,METHODS,METHODS,"A multi-center, double-blind, randomized controlled trial enrolled 1,200 adult patients across 45 clinical sites. (Stratified cluster 4395)."
4396,10001796,RESULTS,RESULTS,"Combination therapy achieved target blood pressure control in 78.4% of patients compared to 54.2% in the monotherapy group. (Confidence interval 95%, n=2380)."
4397,10001597,BACKGROUND,BACKGROUND,Major depressive disorder is a pervasive mental health condition with substantial socioeconomic burden. (Cohort identifier: 4397).
4398,10001893,OBJECTIVE,OBJECTIVES,To evaluate the efficacy and safety of once-weekly semaglutide compared to daily sitagliptin in adults. (Trial registration: NCT010001893).
4399,10001486,METHODS,METHODS,Participants were randomly allocated (1:1) using computer-generated block randomization to receive drug A or placebo. (Stratified cluster 4399).
4400,10001479,RESULTS,RESULTS,"Combination therapy achieved target blood pressure control in 78.4% of patients compared to 54.2% in the monotherapy group. (Confidence interval 95%, n=2065)."
4401,10001788,BACKGROUND,BACKGROUND,Postoperative pain management following major orthopedic surgery is critical for early patient mobilization. (Cohort identifier: 4401).
4402,10001932,OBJECTIVE,OBJECTIVES,To evaluate the efficacy and safety of once-weekly semaglutide compared to daily sitagliptin in adults. (Trial registration: NCT010001932).
4403,10001386,METHODS,METHODS,Primary endpoint was change in mean arterial pressure measured at 12 weeks post-randomization. (Stratified cluster 4403).
4404,10001206,RESULTS,RESULTS,"No statistically significant difference in serious adverse events was observed between the active drug and placebo arms. (Confidence interval 95%, n=868)."
4405,10001398,BACKGROUND,BACKGROUND,Hypertension remains the leading preventable cause of cardiovascular disease and premature death worldwide. (Cohort identifier: 4405).
4406,10001442,OBJECTIVE,OBJECTIVES,This randomized controlled trial aimed to compare low-dose combination therapy against standard monotherapy. (Trial registration: NCT010001442).
4407,10001776,METHODS,METHODS,"A multi-center, double-blind, randomized controlled trial enrolled 1,200 adult patients across 45 clinical sites. (Stratified cluster 4407)."
4408,10001586,RESULTS,RESULTS,"Combination therapy achieved target blood pressure control in 78.4% of patients compared to 54.2% in the monotherapy group. (Confidence interval 95%, n=2040)."
4409,10001453,BACKGROUND,BACKGROUND,Type 2 diabetes mellitus is a major chronic metabolic disorder associated with high cardiovascular mortality. (Cohort identifier: 4409).
4410,10001605,OBJECTIVE,OBJECTIVES,We investigated whether cognitive behavioral therapy reduces relapse rates compared to standard pharmacotherapy. (Trial registration: NCT010001605).
4411,10001193,METHODS,METHODS,Statistical analyses followed the intention-to-treat principle using mixed-effects linear regression models. (Stratified cluster 4411).
4412,10001387,RESULTS,RESULTS,"The 12-month relapse rate was significantly lower in the combined therapy arm (18.2% vs 34.6%, HR: 0.48, 9: 0.31-0.75). (Confidence interval 95%, n=651)."
4413,10001552,BACKGROUND,BACKGROUND,Postoperative pain management following major orthopedic surgery is critical for early patient mobilization. (Cohort identifier: 4413).
4414,10001434,OBJECTIVE,OBJECTIVES,To determine if inhaled corticosteroid cessation increases acute exacerbation risk in moderate COPD. (Trial registration: NCT010001434).
4415,10001702,METHODS,METHODS,Statistical analyses followed the intention-to-treat principle using mixed-effects linear regression models. (Stratified cluster 4415).
4416,10001389,RESULTS,RESULTS,"Mean postoperative pain scores at 24 hours were significantly reduced in the intervention group (2.1 vs 4.8, p = 0.002). (Confidence interval 95%, n=1464)."
4417,10001403,BACKGROUND,BACKGROUND,Hypertension remains the leading preventable cause of cardiovascular disease and premature death worldwide. (Cohort identifier: 4417).
4418,10001842,OBJECTIVE,OBJECTIVES,The primary aim was to assess the analgesic effectiveness of intravenous dexamethasone versus placebo. (Trial registration: NCT010001842).
4419,10001694,METHODS,METHODS,Statistical analyses followed the intention-to-treat principle using mixed-effects linear regression models. (Stratified cluster 4419).
4420,10001419,RESULTS,RESULTS,"No statistically significant difference in serious adverse events was observed between the active drug and placebo arms. (Confidence interval 95%, n=901)."
4421,10001728,BACKGROUND,BACKGROUND,Chronic obstructive pulmonary disease exacerbations frequently lead to hospital readmission and increased mortality. (Cohort identifier: 4421).
4422,10001858,OBJECTIVE,OBJECTIVES,To evaluate the efficacy and safety of once-weekly semaglutide compared to daily sitagliptin in adults. (Trial registration: NCT010001858).
4423,10001575,METHODS,METHODS,Statistical analyses followed the intention-to-treat principle using mixed-effects linear regression models. (Stratified cluster 4423).
4424,10001331,RESULTS,RESULTS,"Semaglutide significantly reduced mean HbA1c by -1.5% compared to -0.8% with sitagliptin (p < 0.001). (Confidence interval 95%, n=2107)."
4425,10001478,BACKGROUND,BACKGROUND,Major depressive disorder is a pervasive mental health condition with substantial socioeconomic burden. (Cohort identifier: 4425).
4426,10001700,OBJECTIVE,OBJECTIVES,This randomized controlled trial aimed to compare low-dose combination therapy against standard monotherapy. (Trial registration: NCT010001700).
4427,10001947,METHODS,METHODS,"A multi-center, double-blind, randomized controlled trial enrolled 1,200 adult patients across 45 clinical sites. (Stratified cluster 4427)."
4428,10001166,RESULTS,RESULTS,"No statistically significant difference in serious adverse events was observed between the active drug and placebo arms. (Confidence interval 95%, n=460)."
4429,10001127,BACKGROUND,BACKGROUND,Chronic obstructive pulmonary disease exacerbations frequently lead to hospital readmission and increased mortality. (Cohort identifier: 4429).
4430,10001397,OBJECTIVE,OBJECTIVES,We investigated whether cognitive behavioral therapy reduces relapse rates compared to standard pharmacotherapy. (Trial registration: NCT010001397).
4431,10001960,METHODS,METHODS,Statistical analyses followed the intention-to-treat principle using mixed-effects linear regression models. (Stratified cluster 4431).
4432,10001351,RESULTS,RESULTS,"The 12-month relapse rate was significantly lower in the combined therapy arm (18.2% vs 34.6%, HR: 0.48, 9: 0.31-0.75). (Confidence interval 95%, n=1358)."
4433,10001538,BACKGROUND,BACKGROUND,Type 2 diabetes mellitus is a major chronic metabolic disorder associated with high cardiovascular mortality. (Cohort identifier: 4433).
4434,10001345,OBJECTIVE,OBJECTIVES,This randomized controlled trial aimed to compare low-dose combination therapy against standard monotherapy. (Trial registration: NCT010001345).
4435,10001434,METHODS,METHODS,Eligible participants aged 18-75 years with documented HbA1c > 8.0% underwent 24 weeks of active treatment. (Stratified cluster 4435).
4436,10001615,RESULTS,RESULTS,"No statistically significant difference in serious adverse events was observed between the active drug and placebo arms. (Confidence interval 95%, n=1334)."
4437,10001392,BACKGROUND,BACKGROUND,Chronic obstructive pulmonary disease exacerbations frequently lead to hospital readmission and increased mortality. (Cohort identifier: 4437).
4438,10001823,OBJECTIVE,OBJECTIVES,To evaluate the efficacy and safety of once-weekly semaglutide compared to daily sitagliptin in adults. (Trial registration: NCT010001823).
4439,10001422,METHODS,METHODS,Primary endpoint was change in mean arterial pressure measured at 12 weeks post-randomization. (Stratified cluster 4439).
4440,10001116,RESULTS,RESULTS,"The 12-month relapse rate was significantly lower in the combined therapy arm (18.2% vs 34.6%, HR: 0.48, 9: 0.31-0.75). (Confidence interval 95%, n=1108)."
4441,10001255,BACKGROUND,BACKGROUND,Chronic obstructive pulmonary disease exacerbations frequently lead to hospital readmission and increased mortality. (Cohort identifier: 4441).
4442,10001082,OBJECTIVE,OBJECTIVES,To determine if inhaled corticosteroid cessation increases acute exacerbation risk in moderate COPD. (Trial registration: NCT010001082).
4443,10001069,METHODS,METHODS,Primary endpoint was change in mean arterial pressure measured at 12 weeks post-randomization. (Stratified cluster 4443).
4444,10001154,RESULTS,RESULTS,"Mean postoperative pain scores at 24 hours were significantly reduced in the intervention group (2.1 vs 4.8, p = 0.002). (Confidence interval 95%, n=1640)."
4445,10001633,BACKGROUND,BACKGROUND,Chronic obstructive pulmonary disease exacerbations frequently lead to hospital readmission and increased mortality. (Cohort identifier: 4445).
4446,10001898,OBJECTIVE,OBJECTIVES,This randomized controlled trial aimed to compare low-dose combination therapy against standard monotherapy. (Trial registration: NCT010001898).
4447,10001059,METHODS,METHODS,Participants were randomly allocated (1:1) using computer-generated block randomization to receive drug A or placebo. (Stratified cluster 4447).
4448,10001167,RESULTS,RESULTS,"The 12-month relapse rate was significantly lower in the combined therapy arm (18.2% vs 34.6%, HR: 0.48, 9: 0.31-0.75). (Confidence interval 95%, n=1171)."
4449,10001421,BACKGROUND,BACKGROUND,Hypertension remains the leading preventable cause of cardiovascular disease and premature death worldwide. (Cohort identifier: 4449).
4450,10001335,OBJECTIVE,OBJECTIVES,This randomized controlled trial aimed to compare low-dose combination therapy against standard monotherapy. (Trial registration: NCT010001335).
4451,10001373,METHODS,METHODS,Statistical analyses followed the intention-to-treat principle using mixed-effects linear regression models. (Stratified cluster 4451).
4452,10001429,RESULTS,RESULTS,"Combination therapy achieved target blood pressure control in 78.4% of patients compared to 54.2% in the monotherapy group. (Confidence interval 95%, n=689)."
4453,10001896,BACKGROUND,BACKGROUND,Chronic obstructive pulmonary disease exacerbations frequently lead to hospital readmission and increased mortality. (Cohort identifier: 4453).
4454,10001611,OBJECTIVE,OBJECTIVES,This randomized controlled trial aimed to compare low-dose combination therapy against standard monotherapy. (Trial registration: NCT010001611).
4455,10001814,METHODS,METHODS,Participants were randomly allocated (1:1) using computer-generated block randomization to receive drug A or placebo. (Stratified cluster 4455).
4456,10001635,RESULTS,RESULTS,"No statistically significant difference in serious adverse events was observed between the active drug and placebo arms. (Confidence interval 95%, n=1994)."
4457,10001599,BACKGROUND,BACKGROUND,Hypertension remains the leading preventable cause of cardiovascular disease and premature death worldwide. (Cohort identifier: 4457).
4458,10001648,OBJECTIVE,OBJECTIVES,To evaluate the efficacy and safety of once-weekly semaglutide compared to daily sitagliptin in adults. (Trial registration: NCT010001648).
4459,10001516,METHODS,METHODS,Eligible participants aged 18-75 years with documented HbA1c > 8.0% underwent 24 weeks of active treatment. (Stratified cluster 4459).
4460,10001097,RESULTS,RESULTS,"Semaglutide significantly reduced mean HbA1c by -1.5% compared to -0.8% with sitagliptin (p < 0.001). (Confidence interval 95%, n=1333)."
4461,10001950,BACKGROUND,BACKGROUND,Chronic obstructive pulmonary disease exacerbations frequently lead to hospital readmission and increased mortality. (Cohort identifier: 4461).
4462,10001749,OBJECTIVE,OBJECTIVES,To determine if inhaled corticosteroid cessation increases acute exacerbation risk in moderate COPD. (Trial registration: NCT010001749).
4463,10001399,METHODS,METHODS,Statistical analyses followed the intention-to-treat principle using mixed-effects linear regression models. (Stratified cluster 4463).
4464,10001721,RESULTS,RESULTS,"Mean postoperative pain scores at 24 hours were significantly reduced in the intervention group (2.1 vs 4.8, p = 0.002). (Confidence interval 95%, n=2175)."
4465,10001972,BACKGROUND,BACKGROUND,Hypertension remains the leading preventable cause of cardiovascular disease and premature death worldwide. (Cohort identifier: 4465).
4466,10001459,OBJECTIVE,OBJECTIVES,The primary aim was to assess the analgesic effectiveness of intravenous dexamethasone versus placebo. (Trial registration: NCT010001459).
4467,10001761,METHODS,METHODS,Eligible participants aged 18-75 years with documented HbA1c > 8.0% underwent 24 weeks of active treatment. (Stratified cluster 4467).
4468,10001860,RESULTS,RESULTS,"Mean postoperative pain scores at 24 hours were significantly reduced in the intervention group (2.1 vs 4.8, p = 0.002). (Confidence interval 95%, n=1590)."
4469,10001708,BACKGROUND,BACKGROUND,Major depressive disorder is a pervasive mental health condition with substantial socioeconomic burden. (Cohort identifier: 4469).
4470,10001262,OBJECTIVE,OBJECTIVES,This randomized controlled trial aimed to compare low-dose combination therapy against standard monotherapy. (Trial registration: NCT010001262).
4471,10001409,METHODS,METHODS,Eligible participants aged 18-75 years with documented HbA1c > 8.0% underwent 24 weeks of active treatment. (Stratified cluster 4471).
4472,10001135,RESULTS,RESULTS,"No statistically significant difference in serious adverse events was observed between the active drug and placebo arms. (Confidence interval 95%, n=710)."
4473,10001499,BACKGROUND,BACKGROUND,Chronic obstructive pulmonary disease exacerbations frequently lead to hospital readmission and increased mortality. (Cohort identifier: 4473).
4474,10001911,OBJECTIVE,OBJECTIVES,To evaluate the efficacy and safety of once-weekly semaglutide compared to daily sitagliptin in adults. (Trial registration: NCT010001911).
4475,10001370,METHODS,METHODS,"A multi-center, double-blind, randomized controlled trial enrolled 1,200 adult patients across 45 clinical sites. (Stratified cluster 4475)."
4476,10001220,RESULTS,RESULTS,"The 12-month relapse rate was significantly lower in the combined therapy arm (18.2% vs 34.6%, HR: 0.48, 9: 0.31-0.75). (Confidence interval 95%, n=200)."
4477,10001543,BACKGROUND,BACKGROUND,Hypertension remains the leading preventable cause of cardiovascular disease and premature death worldwide. (Cohort identifier: 4477).
4478,10001038,OBJECTIVE,OBJECTIVES,We investigated whether cognitive behavioral therapy reduces relapse rates compared to standard pharmacotherapy. (Trial registration: NCT010001038).
4479,10001766,METHODS,METHODS,"A multi-center, double-blind, randomized controlled trial enrolled 1,200 adult patients across 45 clinical sites. (Stratified cluster 4479)."
4480,10001111,RESULTS,RESULTS,"Combination therapy achieved target blood pressure control in 78.4% of patients compared to 54.2% in the monotherapy group. (Confidence interval 95%, n=1342)."
4481,10001183,BACKGROUND,BACKGROUND,Chronic obstructive pulmonary disease exacerbations frequently lead to hospital readmission and increased mortality. (Cohort identifier: 4481).
4482,10001353,OBJECTIVE,OBJECTIVES,The primary aim was to assess the analgesic effectiveness of intravenous dexamethasone versus placebo. (Trial registration: NCT010001353).
4483,10001014,METHODS,METHODS,"A multi-center, double-blind, randomized controlled trial enrolled 1,200 adult patients across 45 clinical sites. (Stratified cluster 4483)."
4484,10001673,RESULTS,RESULTS,"The 12-month relapse rate was significantly lower in the combined therapy arm (18.2% vs 34.6%, HR: 0.48, 9: 0.31-0.75). (Confidence interval 95%, n=1774)."
4485,10001189,BACKGROUND,BACKGROUND,Major depressive disorder is a pervasive mental health condition with substantial socioeconomic burden. (Cohort identifier: 4485).
4486,10001116,OBJECTIVE,OBJECTIVES,To evaluate the efficacy and safety of once-weekly semaglutide compared to daily sitagliptin in adults. (Trial registration: NCT010001116).
4487,10001348,METHODS,METHODS,Eligible participants aged 18-75 years with documented HbA1c > 8.0% underwent 24 weeks of active treatment. (Stratified cluster 4487).
4488,10001715,RESULTS,RESULTS,"Combination therapy achieved target blood pressure control in 78.4% of patients compared to 54.2% in the monotherapy group. (Confidence interval 95%, n=298)."
4489,10001505,BACKGROUND,BACKGROUND,Major depressive disorder is a pervasive mental health condition with substantial socioeconomic burden. (Cohort identifier: 4489).
4490,10001836,OBJECTIVE,OBJECTIVES,To determine if inhaled corticosteroid cessation increases acute exacerbation risk in moderate COPD. (Trial registration: NCT010001836).
4491,10001570,METHODS,METHODS,Participants were randomly allocated (1:1) using computer-generated block randomization to receive drug A or placebo. (Stratified cluster 4491).
4492,10001674,RESULTS,RESULTS,"The 12-month relapse rate was significantly lower in the combined therapy arm (18.2% vs 34.6%, HR: 0.48, 9: 0.31-0.75). (Confidence interval 95%, n=1617)."
4493,10001458,BACKGROUND,BACKGROUND,Type 2 diabetes mellitus is a major chronic metabolic disorder associated with high cardiovascular mortality. (Cohort identifier: 4493).
4494,10001524,OBJECTIVE,OBJECTIVES,To determine if inhaled corticosteroid cessation increases acute exacerbation risk in moderate COPD. (Trial registration: NCT010001524).
4495,10001802,METHODS,METHODS,Eligible participants aged 18-75 years with documented HbA1c > 8.0% underwent 24 weeks of active treatment. (Stratified cluster 4495).
4496,10001407,RESULTS,RESULTS,"Mean postoperative pain scores at 24 hours were significantly reduced in the intervention group (2.1 vs 4.8, p = 0.002). (Confidence interval 95%, n=1174)."
4497,10001090,BACKGROUND,BACKGROUND,Type 2 diabetes mellitus is a major chronic metabolic disorder associated with high cardiovascular mortality. (Cohort identifier: 4497).
4498,10001620,OBJECTIVE,OBJECTIVES,We investigated whether cognitive behavioral therapy reduces relapse rates compared to standard pharmacotherapy. (Trial registration: NCT010001620).
4499,10001588,METHODS,METHODS,Primary endpoint was change in mean arterial pressure measured at 12 weeks post-randomization. (Stratified cluster 4499).
4500,10001411,RESULTS,RESULTS,"The 12-month relapse rate was significantly lower in the combined therapy arm (18.2% vs 34.6%, HR: 0.48, 9: 0.31-0.75). (Confidence interval 95%, n=429)."
4501,10001972,BACKGROUND,BACKGROUND,Postoperative pain management following major orthopedic surgery is critical for early patient mobilization. (Cohort identifier: 4501).
4502,10001108,OBJECTIVE,OBJECTIVES,To determine if inhaled corticosteroid cessation increases acute exacerbation risk in moderate COPD. (Trial registration: NCT010001108).
4503,10001904,METHODS,METHODS,Primary endpoint was change in mean arterial pressure measured at 12 weeks post-randomization. (Stratified cluster 4503).
4504,10001881,RESULTS,RESULTS,"Mean postoperative pain scores at 24 hours were significantly reduced in the intervention group (2.1 vs 4.8, p = 0.002). (Confidence interval 95%, n=753)."
4505,10001539,BACKGROUND,BACKGROUND,Major depressive disorder is a pervasive mental health condition with substantial socioeconomic burden. (Cohort identifier: 4505).
4506,10001891,OBJECTIVE,OBJECTIVES,We investigated whether cognitive behavioral therapy reduces relapse rates compared to standard pharmacotherapy. (Trial registration: NCT010001891).
4507,10001850,METHODS,METHODS,Primary endpoint was change in mean arterial pressure measured at 12 weeks post-randomization. (Stratified cluster 4507).
4508,10001770,RESULTS,RESULTS,"Semaglutide significantly reduced mean HbA1c by -1.5% compared to -0.8% with sitagliptin (p < 0.001). (Confidence interval 95%, n=994)."
4509,10001618,BACKGROUND,BACKGROUND,Hypertension remains the leading preventable cause of cardiovascular disease and premature death worldwide. (Cohort identifier: 4509).
4510,10001358,OBJECTIVE,OBJECTIVES,This randomized controlled trial aimed to compare low-dose combination therapy against standard monotherapy. (Trial registration: NCT010001358).
4511,10001109,METHODS,METHODS,Primary endpoint was change in mean arterial pressure measured at 12 weeks post-randomization. (Stratified cluster 4511).
4512,10001989,RESULTS,RESULTS,"Mean postoperative pain scores at 24 hours were significantly reduced in the intervention group (2.1 vs 4.8, p = 0.002). (Confidence interval 95%, n=1250)."
4513,10001965,BACKGROUND,BACKGROUND,Type 2 diabetes mellitus is a major chronic metabolic disorder associated with high cardiovascular mortality. (Cohort identifier: 4513).
4514,10001878,OBJECTIVE,OBJECTIVES,To evaluate the efficacy and safety of once-weekly semaglutide compared to daily sitagliptin in adults. (Trial registration: NCT010001878).
4515,10001367,METHODS,METHODS,Participants were randomly allocated (1:1) using computer-generated block randomization to receive drug A or placebo. (Stratified cluster 4515).
4516,10001361,RESULTS,RESULTS,"Mean postoperative pain scores at 24 hours were significantly reduced in the intervention group (2.1 vs 4.8, p = 0.002). (Confidence interval 95%, n=650)."
4517,10001706,BACKGROUND,BACKGROUND,Major depressive disorder is a pervasive mental health condition with substantial socioeconomic burden. (Cohort identifier: 4517).
4518,10001318,OBJECTIVE,OBJECTIVES,The primary aim was to assess the analgesic effectiveness of intravenous dexamethasone versus placebo. (Trial registration: NCT010001318).
4519,10001868,METHODS,METHODS,Statistical analyses followed the intention-to-treat principle using mixed-effects linear regression models. (Stratified cluster 4519).
4520,10001197,RESULTS,RESULTS,"Mean postoperative pain scores at 24 hours were significantly reduced in the intervention group (2.1 vs 4.8, p = 0.002). (Confidence interval 95%, n=776)."
4521,10001749,BACKGROUND,BACKGROUND,Major depressive disorder is a pervasive mental health condition with substantial socioeconomic burden. (Cohort identifier: 4521).
4522,10001283,OBJECTIVE,OBJECTIVES,The primary aim was to assess the analgesic effectiveness of intravenous dexamethasone versus placebo. (Trial registration: NCT010001283).
4523,10001345,METHODS,METHODS,Participants were randomly allocated (1:1) using computer-generated block randomization to receive drug A or placebo. (Stratified cluster 4523).
4524,10001033,RESULTS,RESULTS,"The 12-month relapse rate was significantly lower in the combined therapy arm (18.2% vs 34.6%, HR: 0.48, 9: 0.31-0.75). (Confidence interval 95%, n=439)."
4525,10001048,BACKGROUND,BACKGROUND,Major depressive disorder is a pervasive mental health condition with substantial socioeconomic burden. (Cohort identifier: 4525).
4526,10001313,OBJECTIVE,OBJECTIVES,To determine if inhaled corticosteroid cessation increases acute exacerbation risk in moderate COPD. (Trial registration: NCT010001313).
4527,10001171,METHODS,METHODS,Primary endpoint was change in mean arterial pressure measured at 12 weeks post-randomization. (Stratified cluster 4527).
4528,10001989,RESULTS,RESULTS,"No statistically significant difference in serious adverse events was observed between the active drug and placebo arms. (Confidence interval 95%, n=652)."
4529,10001337,BACKGROUND,BACKGROUND,Type 2 diabetes mellitus is a major chronic metabolic disorder associated with high cardiovascular mortality. (Cohort identifier: 4529).
4530,10001853,OBJECTIVE,OBJECTIVES,We investigated whether cognitive behavioral therapy reduces relapse rates compared to standard pharmacotherapy. (Trial registration: NCT010001853).
4531,10001699,METHODS,METHODS,Primary endpoint was change in mean arterial pressure measured at 12 weeks post-randomization. (Stratified cluster 4531).
4532,10001382,RESULTS,RESULTS,"Semaglutide significantly reduced mean HbA1c by -1.5% compared to -0.8% with sitagliptin (p < 0.001). (Confidence interval 95%, n=2036)."
4533,10001849,BACKGROUND,BACKGROUND,Major depressive disorder is a pervasive mental health condition with substantial socioeconomic burden. (Cohort identifier: 4533).
4534,10001875,OBJECTIVE,OBJECTIVES,We investigated whether cognitive behavioral therapy reduces relapse rates compared to standard pharmacotherapy. (Trial registration: NCT010001875).
4535,10001208,METHODS,METHODS,Participants were randomly allocated (1:1) using computer-generated block randomization to receive drug A or placebo. (Stratified cluster 4535).
4536,10001889,RESULTS,RESULTS,"Combination therapy achieved target blood pressure control in 78.4% of patients compared to 54.2% in the monotherapy group. (Confidence interval 95%, n=247)."
4537,10001652,BACKGROUND,BACKGROUND,Type 2 diabetes mellitus is a major chronic metabolic disorder associated with high cardiovascular mortality. (Cohort identifier: 4537).
4538,10001248,OBJECTIVE,OBJECTIVES,The primary aim was to assess the analgesic effectiveness of intravenous dexamethasone versus placebo. (Trial registration: NCT010001248).
4539,10001721,METHODS,METHODS,Eligible participants aged 18-75 years with documented HbA1c > 8.0% underwent 24 weeks of active treatment. (Stratified cluster 4539).
4540,10001084,RESULTS,RESULTS,"The 12-month relapse rate was significantly lower in the combined therapy arm (18.2% vs 34.6%, HR: 0.48, 9: 0.31-0.75). (Confidence interval 95%, n=2249)."
4541,10001425,BACKGROUND,BACKGROUND,Type 2 diabetes mellitus is a major chronic metabolic disorder associated with high cardiovascular mortality. (Cohort identifier: 4541).
4542,10001285,OBJECTIVE,OBJECTIVES,This randomized controlled trial aimed to compare low-dose combination therapy against standard monotherapy. (Trial registration: NCT010001285).
4543,10001668,METHODS,METHODS,Statistical analyses followed the intention-to-treat principle using mixed-effects linear regression models. (Stratified cluster 4543).
4544,10001793,RESULTS,RESULTS,"Semaglutide significantly reduced mean HbA1c by -1.5% compared to -0.8% with sitagliptin (p < 0.001). (Confidence interval 95%, n=1064)."
4545,10001139,BACKGROUND,BACKGROUND,Major depressive disorder is a pervasive mental health condition with substantial socioeconomic burden. (Cohort identifier: 4545).
4546,10001242,OBJECTIVE,OBJECTIVES,To determine if inhaled corticosteroid cessation increases acute exacerbation risk in moderate COPD. (Trial registration: NCT010001242).
4547,10001886,METHODS,METHODS,"A multi-center, double-blind, randomized controlled trial enrolled 1,200 adult patients across 45 clinical sites. (Stratified cluster 4547)."
4548,10001205,RESULTS,RESULTS,"The 12-month relapse rate was significantly lower in the combined therapy arm (18.2% vs 34.6%, HR: 0.48, 9: 0.31-0.75). (Confidence interval 95%, n=1557)."
4549,10001392,BACKGROUND,BACKGROUND,Major depressive disorder is a pervasive mental health condition with substantial socioeconomic burden. (Cohort identifier: 4549).
4550,10001277,OBJECTIVE,OBJECTIVES,This randomized controlled trial aimed to compare low-dose combination therapy against standard monotherapy. (Trial registration: NCT010001277).
4551,10001287,METHODS,METHODS,Participants were randomly allocated (1:1) using computer-generated block randomization to receive drug A or placebo. (Stratified cluster 4551).
4552,10001604,RESULTS,RESULTS,"No statistically significant difference in serious adverse events was observed between the active drug and placebo arms. (Confidence interval 95%, n=2364)."
4553,10001344,BACKGROUND,BACKGROUND,Major depressive disorder is a pervasive mental health condition with substantial socioeconomic burden. (Cohort identifier: 4553).
4554,10001640,OBJECTIVE,OBJECTIVES,We investigated whether cognitive behavioral therapy reduces relapse rates compared to standard pharmacotherapy. (Trial registration: NCT010001640).
4555,10001009,METHODS,METHODS,Statistical analyses followed the intention-to-treat principle using mixed-effects linear regression models. (Stratified cluster 4555).
4556,10001513,RESULTS,RESULTS,"No statistically significant difference in serious adverse events was observed between the active drug and placebo arms. (Confidence interval 95%, n=1215)."
4557,10001711,BACKGROUND,BACKGROUND,Type 2 diabetes mellitus is a major chronic metabolic disorder associated with high cardiovascular mortality. (Cohort identifier: 4557).
4558,10001298,OBJECTIVE,OBJECTIVES,The primary aim was to assess the analgesic effectiveness of intravenous dexamethasone versus placebo. (Trial registration: NCT010001298).
4559,10001795,METHODS,METHODS,Eligible participants aged 18-75 years with documented HbA1c > 8.0% underwent 24 weeks of active treatment. (Stratified cluster 4559).
4560,10001959,RESULTS,RESULTS,"Combination therapy achieved target blood pressure control in 78.4% of patients compared to 54.2% in the monotherapy group. (Confidence interval 95%, n=995)."
4561,10001628,BACKGROUND,BACKGROUND,Hypertension remains the leading preventable cause of cardiovascular disease and premature death worldwide. (Cohort identifier: 4561).
4562,10001276,OBJECTIVE,OBJECTIVES,We investigated whether cognitive behavioral therapy reduces relapse rates compared to standard pharmacotherapy. (Trial registration: NCT010001276).
4563,10001987,METHODS,METHODS,Eligible participants aged 18-75 years with documented HbA1c > 8.0% underwent 24 weeks of active treatment. (Stratified cluster 4563).
4564,10001607,RESULTS,RESULTS,"Mean postoperative pain scores at 24 hours were significantly reduced in the intervention group (2.1 vs 4.8, p = 0.002). (Confidence interval 95%, n=1868)."
4565,10001389,BACKGROUND,BACKGROUND,Hypertension remains the leading preventable cause of cardiovascular disease and premature death worldwide. (Cohort identifier: 4565).
4566,10001874,OBJECTIVE,OBJECTIVES,We investigated whether cognitive behavioral therapy reduces relapse rates compared to standard pharmacotherapy. (Trial registration: NCT010001874).
4567,10001823,METHODS,METHODS,Primary endpoint was change in mean arterial pressure measured at 12 weeks post-randomization. (Stratified cluster 4567).
4568,10001511,RESULTS,RESULTS,"Mean postoperative pain scores at 24 hours were significantly reduced in the intervention group (2.1 vs 4.8, p = 0.002). (Confidence interval 95%, n=2154)."
4569,10001765,BACKGROUND,BACKGROUND,Chronic obstructive pulmonary disease exacerbations frequently lead to hospital readmission and increased mortality. (Cohort identifier: 4569).
4570,10001133,OBJECTIVE,OBJECTIVES,This randomized controlled trial aimed to compare low-dose combination therapy against standard monotherapy. (Trial registration: NCT010001133).
4571,10001240,METHODS,METHODS,Primary endpoint was change in mean arterial pressure measured at 12 weeks post-randomization. (Stratified cluster 4571).
4572,10001718,RESULTS,RESULTS,"Mean postoperative pain scores at 24 hours were significantly reduced in the intervention group (2.1 vs 4.8, p = 0.002). (Confidence interval 95%, n=314)."
4573,10001106,BACKGROUND,BACKGROUND,Chronic obstructive pulmonary disease exacerbations frequently lead to hospital readmission and increased mortality. (Cohort identifier: 4573).
4574,10001175,OBJECTIVE,OBJECTIVES,To evaluate the efficacy and safety of once-weekly semaglutide compared to daily sitagliptin in adults. (Trial registration: NCT010001175).
4575,10001683,METHODS,METHODS,Statistical analyses followed the intention-to-treat principle using mixed-effects linear regression models. (Stratified cluster 4575).
4576,10001026,RESULTS,RESULTS,"Combination therapy achieved target blood pressure control in 78.4% of patients compared to 54.2% in the monotherapy group. (Confidence interval 95%, n=1201)."
4577,10001984,BACKGROUND,BACKGROUND,Chronic obstructive pulmonary disease exacerbations frequently lead to hospital readmission and increased mortality. (Cohort identifier: 4577).
4578,10001078,OBJECTIVE,OBJECTIVES,To evaluate the efficacy and safety of once-weekly semaglutide compared to daily sitagliptin in adults. (Trial registration: NCT010001078).
4579,10001998,METHODS,METHODS,Eligible participants aged 18-75 years with documented HbA1c > 8.0% underwent 24 weeks of active treatment. (Stratified cluster 4579).
4580,10001146,RESULTS,RESULTS,"Mean postoperative pain scores at 24 hours were significantly reduced in the intervention group (2.1 vs 4.8, p = 0.002). (Confidence interval 95%, n=2402)."
4581,10001069,BACKGROUND,BACKGROUND,Hypertension remains the leading preventable cause of cardiovascular disease and premature death worldwide. (Cohort identifier: 4581).
4582,10001889,OBJECTIVE,OBJECTIVES,The primary aim was to assess the analgesic effectiveness of intravenous dexamethasone versus placebo. (Trial registration: NCT010001889).
4583,10001414,METHODS,METHODS,"A multi-center, double-blind, randomized controlled trial enrolled 1,200 adult patients across 45 clinical sites. (Stratified cluster 4583)."
4584,10001952,RESULTS,RESULTS,"Combination therapy achieved target blood pressure control in 78.4% of patients compared to 54.2% in the monotherapy group. (Confidence interval 95%, n=716)."
4585,10001669,BACKGROUND,BACKGROUND,Hypertension remains the leading preventable cause of cardiovascular disease and premature death worldwide. (Cohort identifier: 4585).
4586,10001112,OBJECTIVE,OBJECTIVES,To determine if inhaled corticosteroid cessation increases acute exacerbation risk in moderate COPD. (Trial registration: NCT010001112).
4587,10001463,METHODS,METHODS,Eligible participants aged 18-75 years with documented HbA1c > 8.0% underwent 24 weeks of active treatment. (Stratified cluster 4587).
4588,10001860,RESULTS,RESULTS,"No statistically significant difference in serious adverse events was observed between the active drug and placebo arms. (Confidence interval 95%, n=751)."
4589,10001605,BACKGROUND,BACKGROUND,Hypertension remains the leading preventable cause of cardiovascular disease and premature death worldwide. (Cohort identifier: 4589).
4590,10001371,OBJECTIVE,OBJECTIVES,To determine if inhaled corticosteroid cessation increases acute exacerbation risk in moderate COPD. (Trial registration: NCT010001371).
4591,10001966,METHODS,METHODS,Primary endpoint was change in mean arterial pressure measured at 12 weeks post-randomization. (Stratified cluster 4591).
4592,10001924,RESULTS,RESULTS,"No statistically significant difference in serious adverse events was observed between the active drug and placebo arms. (Confidence interval 95%, n=661)."
4593,10001634,BACKGROUND,BACKGROUND,Major depressive disorder is a pervasive mental health condition with substantial socioeconomic burden. (Cohort identifier: 4593).
4594,10001319,OBJECTIVE,OBJECTIVES,We investigated whether cognitive behavioral therapy reduces relapse rates compared to standard pharmacotherapy. (Trial registration: NCT010001319).
4595,10001559,METHODS,METHODS,Participants were randomly allocated (1:1) using computer-generated block randomization to receive drug A or placebo. (Stratified cluster 4595).
4596,10001851,RESULTS,RESULTS,"The 12-month relapse rate was significantly lower in the combined therapy arm (18.2% vs 34.6%, HR: 0.48, 9: 0.31-0.75). (Confidence interval 95%, n=2427)."
4597,10001853,BACKGROUND,BACKGROUND,Chronic obstructive pulmonary disease exacerbations frequently lead to hospital readmission and increased mortality. (Cohort identifier: 4597).
4598,10001376,OBJECTIVE,OBJECTIVES,To determine if inhaled corticosteroid cessation increases acute exacerbation risk in moderate COPD. (Trial registration: NCT010001376).
4599,10001553,METHODS,METHODS,Primary endpoint was change in mean arterial pressure measured at 12 weeks post-randomization. (Stratified cluster 4599).
4600,10001442,RESULTS,RESULTS,"Semaglutide significantly reduced mean HbA1c by -1.5% compared to -0.8% with sitagliptin (p < 0.001). (Confidence interval 95%, n=2399)."
4601,10001424,BACKGROUND,BACKGROUND,Hypertension remains the leading preventable cause of cardiovascular disease and premature death worldwide. (Cohort identifier: 4601).
4602,10001032,OBJECTIVE,OBJECTIVES,The primary aim was to assess the analgesic effectiveness of intravenous dexamethasone versus placebo. (Trial registration: NCT010001032).
4603,10001607,METHODS,METHODS,Participants were randomly allocated (1:1) using computer-generated block randomization to receive drug A or placebo. (Stratified cluster 4603).
4604,10001283,RESULTS,RESULTS,"No statistically significant difference in serious adverse events was observed between the active drug and placebo arms. (Confidence interval 95%, n=1542)."
4605,10001753,BACKGROUND,BACKGROUND,Type 2 diabetes mellitus is a major chronic metabolic disorder associated with high cardiovascular mortality. (Cohort identifier: 4605).
4606,10001589,OBJECTIVE,OBJECTIVES,We investigated whether cognitive behavioral therapy reduces relapse rates compared to standard pharmacotherapy. (Trial registration: NCT010001589).
4607,10001422,METHODS,METHODS,"A multi-center, double-blind, randomized controlled trial enrolled 1,200 adult patients across 45 clinical sites. (Stratified cluster 4607)."
4608,10001904,RESULTS,RESULTS,"Combination therapy achieved target blood pressure control in 78.4% of patients compared to 54.2% in the monotherapy group. (Confidence interval 95%, n=988)."
4609,10001008,BACKGROUND,BACKGROUND,Chronic obstructive pulmonary disease exacerbations frequently lead to hospital readmission and increased mortality. (Cohort identifier: 4609).
4610,10001799,OBJECTIVE,OBJECTIVES,To evaluate the efficacy and safety of once-weekly semaglutide compared to daily sitagliptin in adults. (Trial registration: NCT010001799).
4611,10001269,METHODS,METHODS,Primary endpoint was change in mean arterial pressure measured at 12 weeks post-randomization. (Stratified cluster 4611).
4612,10001910,RESULTS,RESULTS,"No statistically significant difference in serious adverse events was observed between the active drug and placebo arms. (Confidence interval 95%, n=1132)."
4613,10001734,BACKGROUND,BACKGROUND,Postoperative pain management following major orthopedic surgery is critical for early patient mobilization. (Cohort identifier: 4613).
4614,10001785,OBJECTIVE,OBJECTIVES,To determine if inhaled corticosteroid cessation increases acute exacerbation risk in moderate COPD. (Trial registration: NCT010001785).
4615,10001885,METHODS,METHODS,Statistical analyses followed the intention-to-treat principle using mixed-effects linear regression models. (Stratified cluster 4615).
4616,10001144,RESULTS,RESULTS,"No statistically significant difference in serious adverse events was observed between the active drug and placebo arms. (Confidence interval 95%, n=828)."
4617,10001666,BACKGROUND,BACKGROUND,Hypertension remains the leading preventable cause of cardiovascular disease and premature death worldwide. (Cohort identifier: 4617).
4618,10001859,OBJECTIVE,OBJECTIVES,To determine if inhaled corticosteroid cessation increases acute exacerbation risk in moderate COPD. (Trial registration: NCT010001859).
4619,10001882,METHODS,METHODS,"A multi-center, double-blind, randomized controlled trial enrolled 1,200 adult patients across 45 clinical sites. (Stratified cluster 4619)."
4620,10001555,RESULTS,RESULTS,"Combination therapy achieved target blood pressure control in 78.4% of patients compared to 54.2% in the monotherapy group. (Confidence interval 95%, n=499)."
4621,10001404,BACKGROUND,BACKGROUND,Major depressive disorder is a pervasive mental health condition with substantial socioeconomic burden. (Cohort identifier: 4621).
4622,10001704,OBJECTIVE,OBJECTIVES,The primary aim was to assess the analgesic effectiveness of intravenous dexamethasone versus placebo. (Trial registration: NCT010001704).
4623,10001879,METHODS,METHODS,Statistical analyses followed the intention-to-treat principle using mixed-effects linear regression models. (Stratified cluster 4623).
4624,10001019,RESULTS,RESULTS,"Semaglutide significantly reduced mean HbA1c by -1.5% compared to -0.8% with sitagliptin (p < 0.001). (Confidence interval 95%, n=2126)."
4625,10001220,BACKGROUND,BACKGROUND,Major depressive disorder is a pervasive mental health condition with substantial socioeconomic burden. (Cohort identifier: 4625).
4626,10001598,OBJECTIVE,OBJECTIVES,To determine if inhaled corticosteroid cessation increases acute exacerbation risk in moderate COPD. (Trial registration: NCT010001598).
4627,10001856,METHODS,METHODS,"A multi-center, double-blind, randomized controlled trial enrolled 1,200 adult patients across 45 clinical sites. (Stratified cluster 4627)."
4628,10001946,RESULTS,RESULTS,"Combination therapy achieved target blood pressure control in 78.4% of patients compared to 54.2% in the monotherapy group. (Confidence interval 95%, n=1315)."
4629,10001423,BACKGROUND,BACKGROUND,Postoperative pain management following major orthopedic surgery is critical for early patient mobilization. (Cohort identifier: 4629).
4630,10001820,OBJECTIVE,OBJECTIVES,To determine if inhaled corticosteroid cessation increases acute exacerbation risk in moderate COPD. (Trial registration: NCT010001820).
4631,10001096,METHODS,METHODS,Participants were randomly allocated (1:1) using computer-generated block randomization to receive drug A or placebo. (Stratified cluster 4631).
4632,10001282,RESULTS,RESULTS,"Semaglutide significantly reduced mean HbA1c by -1.5% compared to -0.8% with sitagliptin (p < 0.001). (Confidence interval 95%, n=490)."
4633,10001805,BACKGROUND,BACKGROUND,Chronic obstructive pulmonary disease exacerbations frequently lead to hospital readmission and increased mortality. (Cohort identifier: 4633).
4634,10001693,OBJECTIVE,OBJECTIVES,We investigated whether cognitive behavioral therapy reduces relapse rates compared to standard pharmacotherapy. (Trial registration: NCT010001693).
4635,10001736,METHODS,METHODS,Primary endpoint was change in mean arterial pressure measured at 12 weeks post-randomization. (Stratified cluster 4635).
4636,10001285,RESULTS,RESULTS,"Combination therapy achieved target blood pressure control in 78.4% of patients compared to 54.2% in the monotherapy group. (Confidence interval 95%, n=1253)."
4637,10001053,BACKGROUND,BACKGROUND,Postoperative pain management following major orthopedic surgery is critical for early patient mobilization. (Cohort identifier: 4637).
4638,10001253,OBJECTIVE,OBJECTIVES,This randomized controlled trial aimed to compare low-dose combination therapy against standard monotherapy. (Trial registration: NCT010001253).
4639,10001979,METHODS,METHODS,Participants were randomly allocated (1:1) using computer-generated block randomization to receive drug A or placebo. (Stratified cluster 4639).
4640,10001845,RESULTS,RESULTS,"Combination therapy achieved target blood pressure control in 78.4% of patients compared to 54.2% in the monotherapy group. (Confidence interval 95%, n=1766)."
4641,10001066,BACKGROUND,BACKGROUND,Type 2 diabetes mellitus is a major chronic metabolic disorder associated with high cardiovascular mortality. (Cohort identifier: 4641).
4642,10001706,OBJECTIVE,OBJECTIVES,To determine if inhaled corticosteroid cessation increases acute exacerbation risk in moderate COPD. (Trial registration: NCT010001706).
4643,10001109,METHODS,METHODS,Eligible participants aged 18-75 years with documented HbA1c > 8.0% underwent 24 weeks of active treatment. (Stratified cluster 4643).
4644,10001630,RESULTS,RESULTS,"Semaglutide significantly reduced mean HbA1c by -1.5% compared to -0.8% with sitagliptin (p < 0.001). (Confidence interval 95%, n=1218)."
4645,10001073,BACKGROUND,BACKGROUND,Type 2 diabetes mellitus is a major chronic metabolic disorder associated with high cardiovascular mortality. (Cohort identifier: 4645).
4646,10001971,OBJECTIVE,OBJECTIVES,The primary aim was to assess the analgesic effectiveness of intravenous dexamethasone versus placebo. (Trial registration: NCT010001971).
4647,10001841,METHODS,METHODS,Participants were randomly allocated (1:1) using computer-generated block randomization to receive drug A or placebo. (Stratified cluster 4647).
4648,10001410,RESULTS,RESULTS,"The 12-month relapse rate was significantly lower in the combined therapy arm (18.2% vs 34.6%, HR: 0.48, 9: 0.31-0.75). (Confidence interval 95%, n=2390)."
4649,10001229,BACKGROUND,BACKGROUND,Chronic obstructive pulmonary disease exacerbations frequently lead to hospital readmission and increased mortality. (Cohort identifier: 4649).
4650,10001014,OBJECTIVE,OBJECTIVES,We investigated whether cognitive behavioral therapy reduces relapse rates compared to standard pharmacotherapy. (Trial registration: NCT010001014).
4651,10001568,METHODS,METHODS,Primary endpoint was change in mean arterial pressure measured at 12 weeks post-randomization. (Stratified cluster 4651).
4652,10001462,RESULTS,RESULTS,"Combination therapy achieved target blood pressure control in 78.4% of patients compared to 54.2% in the monotherapy group. (Confidence interval 95%, n=1703)."
4653,10001758,BACKGROUND,BACKGROUND,Hypertension remains the leading preventable cause of cardiovascular disease and premature death worldwide. (Cohort identifier: 4653).
4654,10001648,OBJECTIVE,OBJECTIVES,To determine if inhaled corticosteroid cessation increases acute exacerbation risk in moderate COPD. (Trial registration: NCT010001648).
4655,10001926,METHODS,METHODS,"A multi-center, double-blind, randomized controlled trial enrolled 1,200 adult patients across 45 clinical sites. (Stratified cluster 4655)."
4656,10001712,RESULTS,RESULTS,"Mean postoperative pain scores at 24 hours were significantly reduced in the intervention group (2.1 vs 4.8, p = 0.002). (Confidence interval 95%, n=1568)."
4657,10001214,BACKGROUND,BACKGROUND,Type 2 diabetes mellitus is a major chronic metabolic disorder associated with high cardiovascular mortality. (Cohort identifier: 4657).
4658,10001610,OBJECTIVE,OBJECTIVES,This randomized controlled trial aimed to compare low-dose combination therapy against standard monotherapy. (Trial registration: NCT010001610).
4659,10001891,METHODS,METHODS,"A multi-center, double-blind, randomized controlled trial enrolled 1,200 adult patients across 45 clinical sites. (Stratified cluster 4659)."
4660,10001274,RESULTS,RESULTS,"Combination therapy achieved target blood pressure control in 78.4% of patients compared to 54.2% in the monotherapy group. (Confidence interval 95%, n=1585)."
4661,10001135,BACKGROUND,BACKGROUND,Chronic obstructive pulmonary disease exacerbations frequently lead to hospital readmission and increased mortality. (Cohort identifier: 4661).
4662,10001323,OBJECTIVE,OBJECTIVES,This randomized controlled trial aimed to compare low-dose combination therapy against standard monotherapy. (Trial registration: NCT010001323).
4663,10001364,METHODS,METHODS,"A multi-center, double-blind, randomized controlled trial enrolled 1,200 adult patients across 45 clinical sites. (Stratified cluster 4663)."
4664,10001852,RESULTS,RESULTS,"Combination therapy achieved target blood pressure control in 78.4% of patients compared to 54.2% in the monotherapy group. (Confidence interval 95%, n=1493)."
4665,10001939,BACKGROUND,BACKGROUND,Type 2 diabetes mellitus is a major chronic metabolic disorder associated with high cardiovascular mortality. (Cohort identifier: 4665).
4666,10001229,OBJECTIVE,OBJECTIVES,To evaluate the efficacy and safety of once-weekly semaglutide compared to daily sitagliptin in adults. (Trial registration: NCT010001229).
4667,10001558,METHODS,METHODS,"A multi-center, double-blind, randomized controlled trial enrolled 1,200 adult patients across 45 clinical sites. (Stratified cluster 4667)."
4668,10001617,RESULTS,RESULTS,"The 12-month relapse rate was significantly lower in the combined therapy arm (18.2% vs 34.6%, HR: 0.48, 9: 0.31-0.75). (Confidence interval 95%, n=350)."
4669,10001525,BACKGROUND,BACKGROUND,Chronic obstructive pulmonary disease exacerbations frequently lead to hospital readmission and increased mortality. (Cohort identifier: 4669).
4670,10001372,OBJECTIVE,OBJECTIVES,To determine if inhaled corticosteroid cessation increases acute exacerbation risk in moderate COPD. (Trial registration: NCT010001372).
4671,10001165,METHODS,METHODS,Participants were randomly allocated (1:1) using computer-generated block randomization to receive drug A or placebo. (Stratified cluster 4671).
4672,10001085,RESULTS,RESULTS,"No statistically significant difference in serious adverse events was observed between the active drug and placebo arms. (Confidence interval 95%, n=1881)."
4673,10001538,BACKGROUND,BACKGROUND,Hypertension remains the leading preventable cause of cardiovascular disease and premature death worldwide. (Cohort identifier: 4673).
4674,10001658,OBJECTIVE,OBJECTIVES,The primary aim was to assess the analgesic effectiveness of intravenous dexamethasone versus placebo. (Trial registration: NCT010001658).
4675,10001274,METHODS,METHODS,"A multi-center, double-blind, randomized controlled trial enrolled 1,200 adult patients across 45 clinical sites. (Stratified cluster 4675)."
4676,10001826,RESULTS,RESULTS,"Combination therapy achieved target blood pressure control in 78.4% of patients compared to 54.2% in the monotherapy group. (Confidence interval 95%, n=386)."
4677,10001566,BACKGROUND,BACKGROUND,Hypertension remains the leading preventable cause of cardiovascular disease and premature death worldwide. (Cohort identifier: 4677).
4678,10001188,OBJECTIVE,OBJECTIVES,To evaluate the efficacy and safety of once-weekly semaglutide compared to daily sitagliptin in adults. (Trial registration: NCT010001188).
4679,10001145,METHODS,METHODS,Eligible participants aged 18-75 years with documented HbA1c > 8.0% underwent 24 weeks of active treatment. (Stratified cluster 4679).
4680,10001598,RESULTS,RESULTS,"The 12-month relapse rate was significantly lower in the combined therapy arm (18.2% vs 34.6%, HR: 0.48, 9: 0.31-0.75). (Confidence interval 95%, n=1991)."
4681,10001808,BACKGROUND,BACKGROUND,Type 2 diabetes mellitus is a major chronic metabolic disorder associated with high cardiovascular mortality. (Cohort identifier: 4681).
4682,10001276,OBJECTIVE,OBJECTIVES,This randomized controlled trial aimed to compare low-dose combination therapy against standard monotherapy. (Trial registration: NCT010001276).
4683,10001195,METHODS,METHODS,Eligible participants aged 18-75 years with documented HbA1c > 8.0% underwent 24 weeks of active treatment. (Stratified cluster 4683).
4684,10001484,RESULTS,RESULTS,"No statistically significant difference in serious adverse events was observed between the active drug and placebo arms. (Confidence interval 95%, n=2371)."
4685,10001692,BACKGROUND,BACKGROUND,Hypertension remains the leading preventable cause of cardiovascular disease and premature death worldwide. (Cohort identifier: 4685).
4686,10001490,OBJECTIVE,OBJECTIVES,To evaluate the efficacy and safety of once-weekly semaglutide compared to daily sitagliptin in adults. (Trial registration: NCT010001490).
4687,10001828,METHODS,METHODS,Statistical analyses followed the intention-to-treat principle using mixed-effects linear regression models. (Stratified cluster 4687).
4688,10001374,RESULTS,RESULTS,"Mean postoperative pain scores at 24 hours were significantly reduced in the intervention group (2.1 vs 4.8, p = 0.002). (Confidence interval 95%, n=886)."
4689,10001587,BACKGROUND,BACKGROUND,Hypertension remains the leading preventable cause of cardiovascular disease and premature death worldwide. (Cohort identifier: 4689).
4690,10001003,OBJECTIVE,OBJECTIVES,The primary aim was to assess the analgesic effectiveness of intravenous dexamethasone versus placebo. (Trial registration: NCT010001003).
4691,10001291,METHODS,METHODS,Eligible participants aged 18-75 years with documented HbA1c > 8.0% underwent 24 weeks of active treatment. (Stratified cluster 4691).
4692,10001323,RESULTS,RESULTS,"Semaglutide significantly reduced mean HbA1c by -1.5% compared to -0.8% with sitagliptin (p < 0.001). (Confidence interval 95%, n=990)."
4693,10001300,BACKGROUND,BACKGROUND,Type 2 diabetes mellitus is a major chronic metabolic disorder associated with high cardiovascular mortality. (Cohort identifier: 4693).
4694,10001770,OBJECTIVE,OBJECTIVES,We investigated whether cognitive behavioral therapy reduces relapse rates compared to standard pharmacotherapy. (Trial registration: NCT010001770).
4695,10001659,METHODS,METHODS,Statistical analyses followed the intention-to-treat principle using mixed-effects linear regression models. (Stratified cluster 4695).
4696,10001933,RESULTS,RESULTS,"No statistically significant difference in serious adverse events was observed between the active drug and placebo arms. (Confidence interval 95%, n=1749)."
4697,10001527,BACKGROUND,BACKGROUND,Hypertension remains the leading preventable cause of cardiovascular disease and premature death worldwide. (Cohort identifier: 4697).
4698,10001937,OBJECTIVE,OBJECTIVES,We investigated whether cognitive behavioral therapy reduces relapse rates compared to standard pharmacotherapy. (Trial registration: NCT010001937).
4699,10001400,METHODS,METHODS,Primary endpoint was change in mean arterial pressure measured at 12 weeks post-randomization. (Stratified cluster 4699).
4700,10001490,RESULTS,RESULTS,"No statistically significant difference in serious adverse events was observed between the active drug and placebo arms. (Confidence interval 95%, n=1481)."
4701,10001513,BACKGROUND,BACKGROUND,Hypertension remains the leading preventable cause of cardiovascular disease and premature death worldwide. (Cohort identifier: 4701).
4702,10001088,OBJECTIVE,OBJECTIVES,To evaluate the efficacy and safety of once-weekly semaglutide compared to daily sitagliptin in adults. (Trial registration: NCT010001088).
4703,10001120,METHODS,METHODS,Statistical analyses followed the intention-to-treat principle using mixed-effects linear regression models. (Stratified cluster 4703).
4704,10001288,RESULTS,RESULTS,"Semaglutide significantly reduced mean HbA1c by -1.5% compared to -0.8% with sitagliptin (p < 0.001). (Confidence interval 95%, n=2062)."
4705,10001718,BACKGROUND,BACKGROUND,Postoperative pain management following major orthopedic surgery is critical for early patient mobilization. (Cohort identifier: 4705).
4706,10001563,OBJECTIVE,OBJECTIVES,The primary aim was to assess the analgesic effectiveness of intravenous dexamethasone versus placebo. (Trial registration: NCT010001563).
4707,10001705,METHODS,METHODS,"A multi-center, double-blind, randomized controlled trial enrolled 1,200 adult patients across 45 clinical sites. (Stratified cluster 4707)."
4708,10001080,RESULTS,RESULTS,"Semaglutide significantly reduced mean HbA1c by -1.5% compared to -0.8% with sitagliptin (p < 0.001). (Confidence interval 95%, n=1761)."
4709,10001972,BACKGROUND,BACKGROUND,Chronic obstructive pulmonary disease exacerbations frequently lead to hospital readmission and increased mortality. (Cohort identifier: 4709).
4710,10001859,OBJECTIVE,OBJECTIVES,We investigated whether cognitive behavioral therapy reduces relapse rates compared to standard pharmacotherapy. (Trial registration: NCT010001859).
4711,10001763,METHODS,METHODS,Eligible participants aged 18-75 years with documented HbA1c > 8.0% underwent 24 weeks of active treatment. (Stratified cluster 4711).
4712,10001464,RESULTS,RESULTS,"The 12-month relapse rate was significantly lower in the combined therapy arm (18.2% vs 34.6%, HR: 0.48, 9: 0.31-0.75). (Confidence interval 95%, n=238)."
4713,10001129,BACKGROUND,BACKGROUND,Type 2 diabetes mellitus is a major chronic metabolic disorder associated with high cardiovascular mortality. (Cohort identifier: 4713).
4714,10001427,OBJECTIVE,OBJECTIVES,To evaluate the efficacy and safety of once-weekly semaglutide compared to daily sitagliptin in adults. (Trial registration: NCT010001427).
4715,10001873,METHODS,METHODS,Participants were randomly allocated (1:1) using computer-generated block randomization to receive drug A or placebo. (Stratified cluster 4715).
4716,10001014,RESULTS,RESULTS,"The 12-month relapse rate was significantly lower in the combined therapy arm (18.2% vs 34.6%, HR: 0.48, 9: 0.31-0.75). (Confidence interval 95%, n=1817)."
4717,10001619,BACKGROUND,BACKGROUND,Postoperative pain management following major orthopedic surgery is critical for early patient mobilization. (Cohort identifier: 4717).
4718,10001567,OBJECTIVE,OBJECTIVES,We investigated whether cognitive behavioral therapy reduces relapse rates compared to standard pharmacotherapy. (Trial registration: NCT010001567).
4719,10001557,METHODS,METHODS,Statistical analyses followed the intention-to-treat principle using mixed-effects linear regression models. (Stratified cluster 4719).
4720,10001604,RESULTS,RESULTS,"Semaglutide significantly reduced mean HbA1c by -1.5% compared to -0.8% with sitagliptin (p < 0.001). (Confidence interval 95%, n=345)."
4721,10001722,BACKGROUND,BACKGROUND,Chronic obstructive pulmonary disease exacerbations frequently lead to hospital readmission and increased mortality. (Cohort identifier: 4721).
4722,10001303,OBJECTIVE,OBJECTIVES,To evaluate the efficacy and safety of once-weekly semaglutide compared to daily sitagliptin in adults. (Trial registration: NCT010001303).
4723,10001356,METHODS,METHODS,Participants were randomly allocated (1:1) using computer-generated block randomization to receive drug A or placebo. (Stratified cluster 4723).
4724,10001942,RESULTS,RESULTS,"Mean postoperative pain scores at 24 hours were significantly reduced in the intervention group (2.1 vs 4.8, p = 0.002). (Confidence interval 95%, n=1943)."
4725,10001325,BACKGROUND,BACKGROUND,Postoperative pain management following major orthopedic surgery is critical for early patient mobilization. (Cohort identifier: 4725).
4726,10001294,OBJECTIVE,OBJECTIVES,To determine if inhaled corticosteroid cessation increases acute exacerbation risk in moderate COPD. (Trial registration: NCT010001294).
4727,10001949,METHODS,METHODS,Eligible participants aged 18-75 years with documented HbA1c > 8.0% underwent 24 weeks of active treatment. (Stratified cluster 4727).
4728,10001690,RESULTS,RESULTS,"Semaglutide significantly reduced mean HbA1c by -1.5% compared to -0.8% with sitagliptin (p < 0.001). (Confidence interval 95%, n=1171)."
4729,10001614,BACKGROUND,BACKGROUND,Major depressive disorder is a pervasive mental health condition with substantial socioeconomic burden. (Cohort identifier: 4729).
4730,10001231,OBJECTIVE,OBJECTIVES,We investigated whether cognitive behavioral therapy reduces relapse rates compared to standard pharmacotherapy. (Trial registration: NCT010001231).
4731,10001239,METHODS,METHODS,Participants were randomly allocated (1:1) using computer-generated block randomization to receive drug A or placebo. (Stratified cluster 4731).
4732,10001802,RESULTS,RESULTS,"No statistically significant difference in serious adverse events was observed between the active drug and placebo arms. (Confidence interval 95%, n=1279)."
4733,10001754,BACKGROUND,BACKGROUND,Hypertension remains the leading preventable cause of cardiovascular disease and premature death worldwide. (Cohort identifier: 4733).
4734,10001681,OBJECTIVE,OBJECTIVES,To determine if inhaled corticosteroid cessation increases acute exacerbation risk in moderate COPD. (Trial registration: NCT010001681).
4735,10001352,METHODS,METHODS,Primary endpoint was change in mean arterial pressure measured at 12 weeks post-randomization. (Stratified cluster 4735).
4736,10001804,RESULTS,RESULTS,"Mean postoperative pain scores at 24 hours were significantly reduced in the intervention group (2.1 vs 4.8, p = 0.002). (Confidence interval 95%, n=1740)."
4737,10001001,BACKGROUND,BACKGROUND,Type 2 diabetes mellitus is a major chronic metabolic disorder associated with high cardiovascular mortality. (Cohort identifier: 4737).
4738,10001145,OBJECTIVE,OBJECTIVES,We investigated whether cognitive behavioral therapy reduces relapse rates compared to standard pharmacotherapy. (Trial registration: NCT010001145).
4739,10001387,METHODS,METHODS,Primary endpoint was change in mean arterial pressure measured at 12 weeks post-randomization. (Stratified cluster 4739).
4740,10001246,RESULTS,RESULTS,"Semaglutide significantly reduced mean HbA1c by -1.5% compared to -0.8% with sitagliptin (p < 0.001). (Confidence interval 95%, n=882)."
4741,10001732,BACKGROUND,BACKGROUND,Hypertension remains the leading preventable cause of cardiovascular disease and premature death worldwide. (Cohort identifier: 4741).
4742,10001190,OBJECTIVE,OBJECTIVES,To determine if inhaled corticosteroid cessation increases acute exacerbation risk in moderate COPD. (Trial registration: NCT010001190).
4743,10001258,METHODS,METHODS,Primary endpoint was change in mean arterial pressure measured at 12 weeks post-randomization. (Stratified cluster 4743).
4744,10001518,RESULTS,RESULTS,"Combination therapy achieved target blood pressure control in 78.4% of patients compared to 54.2% in the monotherapy group. (Confidence interval 95%, n=2403)."
4745,10001851,BACKGROUND,BACKGROUND,Postoperative pain management following major orthopedic surgery is critical for early patient mobilization. (Cohort identifier: 4745).
4746,10001668,OBJECTIVE,OBJECTIVES,This randomized controlled trial aimed to compare low-dose combination therapy against standard monotherapy. (Trial registration: NCT010001668).
4747,10001728,METHODS,METHODS,Primary endpoint was change in mean arterial pressure measured at 12 weeks post-randomization. (Stratified cluster 4747).
4748,10001866,RESULTS,RESULTS,"Mean postoperative pain scores at 24 hours were significantly reduced in the intervention group (2.1 vs 4.8, p = 0.002). (Confidence interval 95%, n=244)."
4749,10001217,BACKGROUND,BACKGROUND,Type 2 diabetes mellitus is a major chronic metabolic disorder associated with high cardiovascular mortality. (Cohort identifier: 4749).
4750,10001080,OBJECTIVE,OBJECTIVES,To determine if inhaled corticosteroid cessation increases acute exacerbation risk in moderate COPD. (Trial registration: NCT010001080).
4751,10001485,METHODS,METHODS,Participants were randomly allocated (1:1) using computer-generated block randomization to receive drug A or placebo. (Stratified cluster 4751).
4752,10001620,RESULTS,RESULTS,"The 12-month relapse rate was significantly lower in the combined therapy arm (18.2% vs 34.6%, HR: 0.48, 9: 0.31-0.75). (Confidence interval 95%, n=1021)."
4753,10001849,BACKGROUND,BACKGROUND,Postoperative pain management following major orthopedic surgery is critical for early patient mobilization. (Cohort identifier: 4753).
4754,10001491,OBJECTIVE,OBJECTIVES,The primary aim was to assess the analgesic effectiveness of intravenous dexamethasone versus placebo. (Trial registration: NCT010001491).
4755,10001289,METHODS,METHODS,Primary endpoint was change in mean arterial pressure measured at 12 weeks post-randomization. (Stratified cluster 4755).
4756,10001577,RESULTS,RESULTS,"Mean postoperative pain scores at 24 hours were significantly reduced in the intervention group (2.1 vs 4.8, p = 0.002). (Confidence interval 95%, n=1376)."
4757,10001549,BACKGROUND,BACKGROUND,Type 2 diabetes mellitus is a major chronic metabolic disorder associated with high cardiovascular mortality. (Cohort identifier: 4757).
4758,10001881,OBJECTIVE,OBJECTIVES,The primary aim was to assess the analgesic effectiveness of intravenous dexamethasone versus placebo. (Trial registration: NCT010001881).
4759,10001034,METHODS,METHODS,"A multi-center, double-blind, randomized controlled trial enrolled 1,200 adult patients across 45 clinical sites. (Stratified cluster 4759)."
4760,10001795,RESULTS,RESULTS,"Semaglutide significantly reduced mean HbA1c by -1.5% compared to -0.8% with sitagliptin (p < 0.001). (Confidence interval 95%, n=1337)."
4761,10001951,BACKGROUND,BACKGROUND,Chronic obstructive pulmonary disease exacerbations frequently lead to hospital readmission and increased mortality. (Cohort identifier: 4761).
4762,10001655,OBJECTIVE,OBJECTIVES,To evaluate the efficacy and safety of once-weekly semaglutide compared to daily sitagliptin in adults. (Trial registration: NCT010001655).
4763,10001087,METHODS,METHODS,Eligible participants aged 18-75 years with documented HbA1c > 8.0% underwent 24 weeks of active treatment. (Stratified cluster 4763).
4764,10001911,RESULTS,RESULTS,"The 12-month relapse rate was significantly lower in the combined therapy arm (18.2% vs 34.6%, HR: 0.48, 9: 0.31-0.75). (Confidence interval 95%, n=351)."
4765,10001854,BACKGROUND,BACKGROUND,Major depressive disorder is a pervasive mental health condition with substantial socioeconomic burden. (Cohort identifier: 4765).
4766,10001129,OBJECTIVE,OBJECTIVES,To determine if inhaled corticosteroid cessation increases acute exacerbation risk in moderate COPD. (Trial registration: NCT010001129).
4767,10001878,METHODS,METHODS,Primary endpoint was change in mean arterial pressure measured at 12 weeks post-randomization. (Stratified cluster 4767).
4768,10001079,RESULTS,RESULTS,"The 12-month relapse rate was significantly lower in the combined therapy arm (18.2% vs 34.6%, HR: 0.48, 9: 0.31-0.75). (Confidence interval 95%, n=1587)."
4769,10001111,BACKGROUND,BACKGROUND,Postoperative pain management following major orthopedic surgery is critical for early patient mobilization. (Cohort identifier: 4769).
4770,10001779,OBJECTIVE,OBJECTIVES,To evaluate the efficacy and safety of once-weekly semaglutide compared to daily sitagliptin in adults. (Trial registration: NCT010001779).
4771,10001643,METHODS,METHODS,Statistical analyses followed the intention-to-treat principle using mixed-effects linear regression models. (Stratified cluster 4771).
4772,10001677,RESULTS,RESULTS,"Mean postoperative pain scores at 24 hours were significantly reduced in the intervention group (2.1 vs 4.8, p = 0.002). (Confidence interval 95%, n=654)."
4773,10001368,BACKGROUND,BACKGROUND,Major depressive disorder is a pervasive mental health condition with substantial socioeconomic burden. (Cohort identifier: 4773).
4774,10001566,OBJECTIVE,OBJECTIVES,We investigated whether cognitive behavioral therapy reduces relapse rates compared to standard pharmacotherapy. (Trial registration: NCT010001566).
4775,10001843,METHODS,METHODS,"A multi-center, double-blind, randomized controlled trial enrolled 1,200 adult patients across 45 clinical sites. (Stratified cluster 4775)."
4776,10001461,RESULTS,RESULTS,"Combination therapy achieved target blood pressure control in 78.4% of patients compared to 54.2% in the monotherapy group. (Confidence interval 95%, n=268)."
4777,10001987,BACKGROUND,BACKGROUND,Hypertension remains the leading preventable cause of cardiovascular disease and premature death worldwide. (Cohort identifier: 4777).
4778,10001383,OBJECTIVE,OBJECTIVES,The primary aim was to assess the analgesic effectiveness of intravenous dexamethasone versus placebo. (Trial registration: NCT010001383).
4779,10001284,METHODS,METHODS,Participants were randomly allocated (1:1) using computer-generated block randomization to receive drug A or placebo. (Stratified cluster 4779).
4780,10001717,RESULTS,RESULTS,"Mean postoperative pain scores at 24 hours were significantly reduced in the intervention group (2.1 vs 4.8, p = 0.002). (Confidence interval 95%, n=358)."
4781,10001101,BACKGROUND,BACKGROUND,Chronic obstructive pulmonary disease exacerbations frequently lead to hospital readmission and increased mortality. (Cohort identifier: 4781).
4782,10001729,OBJECTIVE,OBJECTIVES,This randomized controlled trial aimed to compare low-dose combination therapy against standard monotherapy. (Trial registration: NCT010001729).
4783,10001290,METHODS,METHODS,Statistical analyses followed the intention-to-treat principle using mixed-effects linear regression models. (Stratified cluster 4783).
4784,10001852,RESULTS,RESULTS,"The 12-month relapse rate was significantly lower in the combined therapy arm (18.2% vs 34.6%, HR: 0.48, 9: 0.31-0.75). (Confidence interval 95%, n=1020)."
4785,10001923,BACKGROUND,BACKGROUND,Hypertension remains the leading preventable cause of cardiovascular disease and premature death worldwide. (Cohort identifier: 4785).
4786,10001858,OBJECTIVE,OBJECTIVES,The primary aim was to assess the analgesic effectiveness of intravenous dexamethasone versus placebo. (Trial registration: NCT010001858).
4787,10001030,METHODS,METHODS,"A multi-center, double-blind, randomized controlled trial enrolled 1,200 adult patients across 45 clinical sites. (Stratified cluster 4787)."
4788,10001299,RESULTS,RESULTS,"Mean postoperative pain scores at 24 hours were significantly reduced in the intervention group (2.1 vs 4.8, p = 0.002). (Confidence interval 95%, n=2081)."
4789,10001325,BACKGROUND,BACKGROUND,Chronic obstructive pulmonary disease exacerbations frequently lead to hospital readmission and increased mortality. (Cohort identifier: 4789).
4790,10001887,OBJECTIVE,OBJECTIVES,The primary aim was to assess the analgesic effectiveness of intravenous dexamethasone versus placebo. (Trial registration: NCT010001887).
4791,10001216,METHODS,METHODS,"A multi-center, double-blind, randomized controlled trial enrolled 1,200 adult patients across 45 clinical sites. (Stratified cluster 4791)."
4792,10001904,RESULTS,RESULTS,"No statistically significant difference in serious adverse events was observed between the active drug and placebo arms. (Confidence interval 95%, n=1946)."
4793,10001281,BACKGROUND,BACKGROUND,Type 2 diabetes mellitus is a major chronic metabolic disorder associated with high cardiovascular mortality. (Cohort identifier: 4793).
4794,10001059,OBJECTIVE,OBJECTIVES,To evaluate the efficacy and safety of once-weekly semaglutide compared to daily sitagliptin in adults. (Trial registration: NCT010001059).
4795,10001455,METHODS,METHODS,Participants were randomly allocated (1:1) using computer-generated block randomization to receive drug A or placebo. (Stratified cluster 4795).
4796,10001887,RESULTS,RESULTS,"No statistically significant difference in serious adverse events was observed between the active drug and placebo arms. (Confidence interval 95%, n=1076)."
4797,10001702,BACKGROUND,BACKGROUND,Major depressive disorder is a pervasive mental health condition with substantial socioeconomic burden. (Cohort identifier: 4797).
4798,10001793,OBJECTIVE,OBJECTIVES,To evaluate the efficacy and safety of once-weekly semaglutide compared to daily sitagliptin in adults. (Trial registration: NCT010001793).
4799,10001914,METHODS,METHODS,Statistical analyses followed the intention-to-treat principle using mixed-effects linear regression models. (Stratified cluster 4799).
4800,10001977,RESULTS,RESULTS,"No statistically significant difference in serious adverse events was observed between the active drug and placebo arms. (Confidence interval 95%, n=407)."
4801,10001730,BACKGROUND,BACKGROUND,Major depressive disorder is a pervasive mental health condition with substantial socioeconomic burden. (Cohort identifier: 4801).
4802,10001707,OBJECTIVE,OBJECTIVES,We investigated whether cognitive behavioral therapy reduces relapse rates compared to standard pharmacotherapy. (Trial registration: NCT010001707).
4803,10001051,METHODS,METHODS,Eligible participants aged 18-75 years with documented HbA1c > 8.0% underwent 24 weeks of active treatment. (Stratified cluster 4803).
4804,10001323,RESULTS,RESULTS,"Mean postoperative pain scores at 24 hours were significantly reduced in the intervention group (2.1 vs 4.8, p = 0.002). (Confidence interval 95%, n=1598)."
4805,10001275,BACKGROUND,BACKGROUND,Hypertension remains the leading preventable cause of cardiovascular disease and premature death worldwide. (Cohort identifier: 4805).
4806,10001879,OBJECTIVE,OBJECTIVES,This randomized controlled trial aimed to compare low-dose combination therapy against standard monotherapy. (Trial registration: NCT010001879).
4807,10001984,METHODS,METHODS,"A multi-center, double-blind, randomized controlled trial enrolled 1,200 adult patients across 45 clinical sites. (Stratified cluster 4807)."
4808,10001091,RESULTS,RESULTS,"The 12-month relapse rate was significantly lower in the combined therapy arm (18.2% vs 34.6%, HR: 0.48, 9: 0.31-0.75). (Confidence interval 95%, n=938)."
4809,10001423,BACKGROUND,BACKGROUND,Hypertension remains the leading preventable cause of cardiovascular disease and premature death worldwide. (Cohort identifier: 4809).
4810,10001352,OBJECTIVE,OBJECTIVES,We investigated whether cognitive behavioral therapy reduces relapse rates compared to standard pharmacotherapy. (Trial registration: NCT010001352).
4811,10001980,METHODS,METHODS,Eligible participants aged 18-75 years with documented HbA1c > 8.0% underwent 24 weeks of active treatment. (Stratified cluster 4811).
4812,10001371,RESULTS,RESULTS,"No statistically significant difference in serious adverse events was observed between the active drug and placebo arms. (Confidence interval 95%, n=1224)."
4813,10001665,BACKGROUND,BACKGROUND,Chronic obstructive pulmonary disease exacerbations frequently lead to hospital readmission and increased mortality. (Cohort identifier: 4813).
4814,10001307,OBJECTIVE,OBJECTIVES,The primary aim was to assess the analgesic effectiveness of intravenous dexamethasone versus placebo. (Trial registration: NCT010001307).
4815,10001058,METHODS,METHODS,"A multi-center, double-blind, randomized controlled trial enrolled 1,200 adult patients across 45 clinical sites. (Stratified cluster 4815)."
4816,10001298,RESULTS,RESULTS,"Semaglutide significantly reduced mean HbA1c by -1.5% compared to -0.8% with sitagliptin (p < 0.001). (Confidence interval 95%, n=2215)."
4817,10001172,BACKGROUND,BACKGROUND,Chronic obstructive pulmonary disease exacerbations frequently lead to hospital readmission and increased mortality. (Cohort identifier: 4817).
4818,10001191,OBJECTIVE,OBJECTIVES,The primary aim was to assess the analgesic effectiveness of intravenous dexamethasone versus placebo. (Trial registration: NCT010001191).
4819,10001805,METHODS,METHODS,Primary endpoint was change in mean arterial pressure measured at 12 weeks post-randomization. (Stratified cluster 4819).
4820,10001549,RESULTS,RESULTS,"No statistically significant difference in serious adverse events was observed between the active drug and placebo arms. (Confidence interval 95%, n=2402)."
4821,10001130,BACKGROUND,BACKGROUND,Chronic obstructive pulmonary disease exacerbations frequently lead to hospital readmission and increased mortality. (Cohort identifier: 4821).
4822,10001398,OBJECTIVE,OBJECTIVES,This randomized controlled trial aimed to compare low-dose combination therapy against standard monotherapy. (Trial registration: NCT010001398).
4823,10001003,METHODS,METHODS,Participants were randomly allocated (1:1) using computer-generated block randomization to receive drug A or placebo. (Stratified cluster 4823).
4824,10001851,RESULTS,RESULTS,"Semaglutide significantly reduced mean HbA1c by -1.5% compared to -0.8% with sitagliptin (p < 0.001). (Confidence interval 95%, n=2388)."
4825,10001556,BACKGROUND,BACKGROUND,Hypertension remains the leading preventable cause of cardiovascular disease and premature death worldwide. (Cohort identifier: 4825).
4826,10001818,OBJECTIVE,OBJECTIVES,To determine if inhaled corticosteroid cessation increases acute exacerbation risk in moderate COPD. (Trial registration: NCT010001818).
4827,10001249,METHODS,METHODS,Participants were randomly allocated (1:1) using computer-generated block randomization to receive drug A or placebo. (Stratified cluster 4827).
4828,10001554,RESULTS,RESULTS,"Semaglutide significantly reduced mean HbA1c by -1.5% compared to -0.8% with sitagliptin (p < 0.001). (Confidence interval 95%, n=2236)."
4829,10001987,BACKGROUND,BACKGROUND,Chronic obstructive pulmonary disease exacerbations frequently lead to hospital readmission and increased mortality. (Cohort identifier: 4829).
4830,10001033,OBJECTIVE,OBJECTIVES,The primary aim was to assess the analgesic effectiveness of intravenous dexamethasone versus placebo. (Trial registration: NCT010001033).
4831,10001420,METHODS,METHODS,Primary endpoint was change in mean arterial pressure measured at 12 weeks post-randomization. (Stratified cluster 4831).
4832,10001868,RESULTS,RESULTS,"No statistically significant difference in serious adverse events was observed between the active drug and placebo arms. (Confidence interval 95%, n=664)."
4833,10001899,BACKGROUND,BACKGROUND,Postoperative pain management following major orthopedic surgery is critical for early patient mobilization. (Cohort identifier: 4833).
4834,10001418,OBJECTIVE,OBJECTIVES,To determine if inhaled corticosteroid cessation increases acute exacerbation risk in moderate COPD. (Trial registration: NCT010001418).
4835,10001679,METHODS,METHODS,Eligible participants aged 18-75 years with documented HbA1c > 8.0% underwent 24 weeks of active treatment. (Stratified cluster 4835).
4836,10001474,RESULTS,RESULTS,"The 12-month relapse rate was significantly lower in the combined therapy arm (18.2% vs 34.6%, HR: 0.48, 9: 0.31-0.75). (Confidence interval 95%, n=2307)."
4837,10001281,BACKGROUND,BACKGROUND,Chronic obstructive pulmonary disease exacerbations frequently lead to hospital readmission and increased mortality. (Cohort identifier: 4837).
4838,10001668,OBJECTIVE,OBJECTIVES,We investigated whether cognitive behavioral therapy reduces relapse rates compared to standard pharmacotherapy. (Trial registration: NCT010001668).
4839,10001676,METHODS,METHODS,Statistical analyses followed the intention-to-treat principle using mixed-effects linear regression models. (Stratified cluster 4839).
4840,10001100,RESULTS,RESULTS,"Semaglutide significantly reduced mean HbA1c by -1.5% compared to -0.8% with sitagliptin (p < 0.001). (Confidence interval 95%, n=1155)."
4841,10001063,BACKGROUND,BACKGROUND,Postoperative pain management following major orthopedic surgery is critical for early patient mobilization. (Cohort identifier: 4841).
4842,10001860,OBJECTIVE,OBJECTIVES,The primary aim was to assess the analgesic effectiveness of intravenous dexamethasone versus placebo. (Trial registration: NCT010001860).
4843,10001307,METHODS,METHODS,Statistical analyses followed the intention-to-treat principle using mixed-effects linear regression models. (Stratified cluster 4843).
4844,10001922,RESULTS,RESULTS,"Semaglutide significantly reduced mean HbA1c by -1.5% compared to -0.8% with sitagliptin (p < 0.001). (Confidence interval 95%, n=1605)."
4845,10001069,BACKGROUND,BACKGROUND,Chronic obstructive pulmonary disease exacerbations frequently lead to hospital readmission and increased mortality. (Cohort identifier: 4845).
4846,10001674,OBJECTIVE,OBJECTIVES,This randomized controlled trial aimed to compare low-dose combination therapy against standard monotherapy. (Trial registration: NCT010001674).
4847,10001334,METHODS,METHODS,"A multi-center, double-blind, randomized controlled trial enrolled 1,200 adult patients across 45 clinical sites. (Stratified cluster 4847)."
4848,10001760,RESULTS,RESULTS,"Mean postoperative pain scores at 24 hours were significantly reduced in the intervention group (2.1 vs 4.8, p = 0.002). (Confidence interval 95%, n=696)."
4849,10001205,BACKGROUND,BACKGROUND,Major depressive disorder is a pervasive mental health condition with substantial socioeconomic burden. (Cohort identifier: 4849).
4850,10001153,OBJECTIVE,OBJECTIVES,We investigated whether cognitive behavioral therapy reduces relapse rates compared to standard pharmacotherapy. (Trial registration: NCT010001153).
4851,10001159,METHODS,METHODS,Statistical analyses followed the intention-to-treat principle using mixed-effects linear regression models. (Stratified cluster 4851).
4852,10001412,RESULTS,RESULTS,"No statistically significant difference in serious adverse events was observed between the active drug and placebo arms. (Confidence interval 95%, n=664)."
4853,10001603,BACKGROUND,BACKGROUND,Major depressive disorder is a pervasive mental health condition with substantial socioeconomic burden. (Cohort identifier: 4853).
4854,10001373,OBJECTIVE,OBJECTIVES,The primary aim was to assess the analgesic effectiveness of intravenous dexamethasone versus placebo. (Trial registration: NCT010001373).
4855,10001111,METHODS,METHODS,Eligible participants aged 18-75 years with documented HbA1c > 8.0% underwent 24 weeks of active treatment. (Stratified cluster 4855).
4856,10001024,RESULTS,RESULTS,"No statistically significant difference in serious adverse events was observed between the active drug and placebo arms. (Confidence interval 95%, n=2387)."
4857,10001704,BACKGROUND,BACKGROUND,Type 2 diabetes mellitus is a major chronic metabolic disorder associated with high cardiovascular mortality. (Cohort identifier: 4857).
4858,10001905,OBJECTIVE,OBJECTIVES,The primary aim was to assess the analgesic effectiveness of intravenous dexamethasone versus placebo. (Trial registration: NCT010001905).
4859,10001773,METHODS,METHODS,Participants were randomly allocated (1:1) using computer-generated block randomization to receive drug A or placebo. (Stratified cluster 4859).
4860,10001306,RESULTS,RESULTS,"Mean postoperative pain scores at 24 hours were significantly reduced in the intervention group (2.1 vs 4.8, p = 0.002). (Confidence interval 95%, n=2230)."
4861,10001346,BACKGROUND,BACKGROUND,Postoperative pain management following major orthopedic surgery is critical for early patient mobilization. (Cohort identifier: 4861).
4862,10001654,OBJECTIVE,OBJECTIVES,This randomized controlled trial aimed to compare low-dose combination therapy against standard monotherapy. (Trial registration: NCT010001654).
4863,10001786,METHODS,METHODS,Statistical analyses followed the intention-to-treat principle using mixed-effects linear regression models. (Stratified cluster 4863).
4864,10001508,RESULTS,RESULTS,"Mean postoperative pain scores at 24 hours were significantly reduced in the intervention group (2.1 vs 4.8, p = 0.002). (Confidence interval 95%, n=2330)."
4865,10001406,BACKGROUND,BACKGROUND,Type 2 diabetes mellitus is a major chronic metabolic disorder associated with high cardiovascular mortality. (Cohort identifier: 4865).
4866,10001099,OBJECTIVE,OBJECTIVES,We investigated whether cognitive behavioral therapy reduces relapse rates compared to standard pharmacotherapy. (Trial registration: NCT010001099).
4867,10001003,METHODS,METHODS,Primary endpoint was change in mean arterial pressure measured at 12 weeks post-randomization. (Stratified cluster 4867).
4868,10001007,RESULTS,RESULTS,"The 12-month relapse rate was significantly lower in the combined therapy arm (18.2% vs 34.6%, HR: 0.48, 9: 0.31-0.75). (Confidence interval 95%, n=1576)."
4869,10001498,BACKGROUND,BACKGROUND,Chronic obstructive pulmonary disease exacerbations frequently lead to hospital readmission and increased mortality. (Cohort identifier: 4869).
4870,10001143,OBJECTIVE,OBJECTIVES,To evaluate the efficacy and safety of once-weekly semaglutide compared to daily sitagliptin in adults. (Trial registration: NCT010001143).
4871,10001193,METHODS,METHODS,"A multi-center, double-blind, randomized controlled trial enrolled 1,200 adult patients across 45 clinical sites. (Stratified cluster 4871)."
4872,10001461,RESULTS,RESULTS,"No statistically significant difference in serious adverse events was observed between the active drug and placebo arms. (Confidence interval 95%, n=303)."
4873,10001350,BACKGROUND,BACKGROUND,Hypertension remains the leading preventable cause of cardiovascular disease and premature death worldwide. (Cohort identifier: 4873).
4874,10001204,OBJECTIVE,OBJECTIVES,We investigated whether cognitive behavioral therapy reduces relapse rates compared to standard pharmacotherapy. (Trial registration: NCT010001204).
4875,10001640,METHODS,METHODS,"A multi-center, double-blind, randomized controlled trial enrolled 1,200 adult patients across 45 clinical sites. (Stratified cluster 4875)."
4876,10001608,RESULTS,RESULTS,"Mean postoperative pain scores at 24 hours were significantly reduced in the intervention group (2.1 vs 4.8, p = 0.002). (Confidence interval 95%, n=1561)."
4877,10001040,BACKGROUND,BACKGROUND,Hypertension remains the leading preventable cause of cardiovascular disease and premature death worldwide. (Cohort identifier: 4877).
4878,10001031,OBJECTIVE,OBJECTIVES,To evaluate the efficacy and safety of once-weekly semaglutide compared to daily sitagliptin in adults. (Trial registration: NCT010001031).
4879,10001045,METHODS,METHODS,Eligible participants aged 18-75 years with documented HbA1c > 8.0% underwent 24 weeks of active treatment. (Stratified cluster 4879).
4880,10001264,RESULTS,RESULTS,"The 12-month relapse rate was significantly lower in the combined therapy arm (18.2% vs 34.6%, HR: 0.48, 9: 0.31-0.75). (Confidence interval 95%, n=2152)."
4881,10001265,BACKGROUND,BACKGROUND,Hypertension remains the leading preventable cause of cardiovascular disease and premature death worldwide. (Cohort identifier: 4881).
4882,10001392,OBJECTIVE,OBJECTIVES,The primary aim was to assess the analgesic effectiveness of intravenous dexamethasone versus placebo. (Trial registration: NCT010001392).
4883,10001460,METHODS,METHODS,Eligible participants aged 18-75 years with documented HbA1c > 8.0% underwent 24 weeks of active treatment. (Stratified cluster 4883).
4884,10001678,RESULTS,RESULTS,"No statistically significant difference in serious adverse events was observed between the active drug and placebo arms. (Confidence interval 95%, n=2393)."
4885,10001589,BACKGROUND,BACKGROUND,Hypertension remains the leading preventable cause of cardiovascular disease and premature death worldwide. (Cohort identifier: 4885).
4886,10001462,OBJECTIVE,OBJECTIVES,This randomized controlled trial aimed to compare low-dose combination therapy against standard monotherapy. (Trial registration: NCT010001462).
4887,10001860,METHODS,METHODS,Primary endpoint was change in mean arterial pressure measured at 12 weeks post-randomization. (Stratified cluster 4887).
4888,10001845,RESULTS,RESULTS,"No statistically significant difference in serious adverse events was observed between the active drug and placebo arms. (Confidence interval 95%, n=2197)."
4889,10001345,BACKGROUND,BACKGROUND,Chronic obstructive pulmonary disease exacerbations frequently lead to hospital readmission and increased mortality. (Cohort identifier: 4889).
4890,10001510,OBJECTIVE,OBJECTIVES,We investigated whether cognitive behavioral therapy reduces relapse rates compared to standard pharmacotherapy. (Trial registration: NCT010001510).
4891,10001438,METHODS,METHODS,Statistical analyses followed the intention-to-treat principle using mixed-effects linear regression models. (Stratified cluster 4891).
4892,10001423,RESULTS,RESULTS,"No statistically significant difference in serious adverse events was observed between the active drug and placebo arms. (Confidence interval 95%, n=725)."
4893,10001187,BACKGROUND,BACKGROUND,Type 2 diabetes mellitus is a major chronic metabolic disorder associated with high cardiovascular mortality. (Cohort identifier: 4893).
4894,10001618,OBJECTIVE,OBJECTIVES,To determine if inhaled corticosteroid cessation increases acute exacerbation risk in moderate COPD. (Trial registration: NCT010001618).
4895,10001679,METHODS,METHODS,"A multi-center, double-blind, randomized controlled trial enrolled 1,200 adult patients across 45 clinical sites. (Stratified cluster 4895)."
4896,10001456,RESULTS,RESULTS,"The 12-month relapse rate was significantly lower in the combined therapy arm (18.2% vs 34.6%, HR: 0.48, 9: 0.31-0.75). (Confidence interval 95%, n=1773)."
4897,10001128,BACKGROUND,BACKGROUND,Type 2 diabetes mellitus is a major chronic metabolic disorder associated with high cardiovascular mortality. (Cohort identifier: 4897).
4898,10001790,OBJECTIVE,OBJECTIVES,This randomized controlled trial aimed to compare low-dose combination therapy against standard monotherapy. (Trial registration: NCT010001790).
4899,10001128,METHODS,METHODS,Participants were randomly allocated (1:1) using computer-generated block randomization to receive drug A or placebo. (Stratified cluster 4899).
4900,10001968,RESULTS,RESULTS,"No statistically significant difference in serious adverse events was observed between the active drug and placebo arms. (Confidence interval 95%, n=2103)."
4901,10001733,BACKGROUND,BACKGROUND,Hypertension remains the leading preventable cause of cardiovascular disease and premature death worldwide. (Cohort identifier: 4901).
4902,10001610,OBJECTIVE,OBJECTIVES,We investigated whether cognitive behavioral therapy reduces relapse rates compared to standard pharmacotherapy. (Trial registration: NCT010001610).
4903,10001841,METHODS,METHODS,Participants were randomly allocated (1:1) using computer-generated block randomization to receive drug A or placebo. (Stratified cluster 4903).
4904,10001107,RESULTS,RESULTS,"Mean postoperative pain scores at 24 hours were significantly reduced in the intervention group (2.1 vs 4.8, p = 0.002). (Confidence interval 95%, n=1340)."
4905,10001857,BACKGROUND,BACKGROUND,Hypertension remains the leading preventable cause of cardiovascular disease and premature death worldwide. (Cohort identifier: 4905).
4906,10001075,OBJECTIVE,OBJECTIVES,This randomized controlled trial aimed to compare low-dose combination therapy against standard monotherapy. (Trial registration: NCT010001075).
4907,10001285,METHODS,METHODS,Participants were randomly allocated (1:1) using computer-generated block randomization to receive drug A or placebo. (Stratified cluster 4907).
4908,10001974,RESULTS,RESULTS,"Semaglutide significantly reduced mean HbA1c by -1.5% compared to -0.8% with sitagliptin (p < 0.001). (Confidence interval 95%, n=2064)."
4909,10001415,BACKGROUND,BACKGROUND,Postoperative pain management following major orthopedic surgery is critical for early patient mobilization. (Cohort identifier: 4909).
4910,10001366,OBJECTIVE,OBJECTIVES,This randomized controlled trial aimed to compare low-dose combination therapy against standard monotherapy. (Trial registration: NCT010001366).
4911,10001039,METHODS,METHODS,Participants were randomly allocated (1:1) using computer-generated block randomization to receive drug A or placebo. (Stratified cluster 4911).
4912,10001988,RESULTS,RESULTS,"Combination therapy achieved target blood pressure control in 78.4% of patients compared to 54.2% in the monotherapy group. (Confidence interval 95%, n=1174)."
4913,10001636,BACKGROUND,BACKGROUND,Chronic obstructive pulmonary disease exacerbations frequently lead to hospital readmission and increased mortality. (Cohort identifier: 4913).
4914,10001243,OBJECTIVE,OBJECTIVES,The primary aim was to assess the analgesic effectiveness of intravenous dexamethasone versus placebo. (Trial registration: NCT010001243).
4915,10001515,METHODS,METHODS,Statistical analyses followed the intention-to-treat principle using mixed-effects linear regression models. (Stratified cluster 4915).
4916,10001341,RESULTS,RESULTS,"Combination therapy achieved target blood pressure control in 78.4% of patients compared to 54.2% in the monotherapy group. (Confidence interval 95%, n=2172)."
4917,10001875,BACKGROUND,BACKGROUND,Postoperative pain management following major orthopedic surgery is critical for early patient mobilization. (Cohort identifier: 4917).
4918,10001227,OBJECTIVE,OBJECTIVES,We investigated whether cognitive behavioral therapy reduces relapse rates compared to standard pharmacotherapy. (Trial registration: NCT010001227).
4919,10001669,METHODS,METHODS,Primary endpoint was change in mean arterial pressure measured at 12 weeks post-randomization. (Stratified cluster 4919).
4920,10001609,RESULTS,RESULTS,"Semaglutide significantly reduced mean HbA1c by -1.5% compared to -0.8% with sitagliptin (p < 0.001). (Confidence interval 95%, n=1568)."
4921,10001629,BACKGROUND,BACKGROUND,Chronic obstructive pulmonary disease exacerbations frequently lead to hospital readmission and increased mortality. (Cohort identifier: 4921).
4922,10001989,OBJECTIVE,OBJECTIVES,To determine if inhaled corticosteroid cessation increases acute exacerbation risk in moderate COPD. (Trial registration: NCT010001989).
4923,10001653,METHODS,METHODS,Primary endpoint was change in mean arterial pressure measured at 12 weeks post-randomization. (Stratified cluster 4923).
4924,10001596,RESULTS,RESULTS,"Semaglutide significantly reduced mean HbA1c by -1.5% compared to -0.8% with sitagliptin (p < 0.001). (Confidence interval 95%, n=723)."
4925,10001391,BACKGROUND,BACKGROUND,Major depressive disorder is a pervasive mental health condition with substantial socioeconomic burden. (Cohort identifier: 4925).
4926,10001997,OBJECTIVE,OBJECTIVES,We investigated whether cognitive behavioral therapy reduces relapse rates compared to standard pharmacotherapy. (Trial registration: NCT010001997).
4927,10001862,METHODS,METHODS,"A multi-center, double-blind, randomized controlled trial enrolled 1,200 adult patients across 45 clinical sites. (Stratified cluster 4927)."
4928,10001485,RESULTS,RESULTS,"The 12-month relapse rate was significantly lower in the combined therapy arm (18.2% vs 34.6%, HR: 0.48, 9: 0.31-0.75). (Confidence interval 95%, n=1091)."
4929,10001174,BACKGROUND,BACKGROUND,Type 2 diabetes mellitus is a major chronic metabolic disorder associated with high cardiovascular mortality. (Cohort identifier: 4929).
4930,10001539,OBJECTIVE,OBJECTIVES,To determine if inhaled corticosteroid cessation increases acute exacerbation risk in moderate COPD. (Trial registration: NCT010001539).
4931,10001745,METHODS,METHODS,"A multi-center, double-blind, randomized controlled trial enrolled 1,200 adult patients across 45 clinical sites. (Stratified cluster 4931)."
4932,10001169,RESULTS,RESULTS,"The 12-month relapse rate was significantly lower in the combined therapy arm (18.2% vs 34.6%, HR: 0.48, 9: 0.31-0.75). (Confidence interval 95%, n=1384)."
4933,10001736,BACKGROUND,BACKGROUND,Hypertension remains the leading preventable cause of cardiovascular disease and premature death worldwide. (Cohort identifier: 4933).
4934,10001871,OBJECTIVE,OBJECTIVES,To evaluate the efficacy and safety of once-weekly semaglutide compared to daily sitagliptin in adults. (Trial registration: NCT010001871).
4935,10001529,METHODS,METHODS,Primary endpoint was change in mean arterial pressure measured at 12 weeks post-randomization. (Stratified cluster 4935).
4936,10001008,RESULTS,RESULTS,"Combination therapy achieved target blood pressure control in 78.4% of patients compared to 54.2% in the monotherapy group. (Confidence interval 95%, n=994)."
4937,10001661,BACKGROUND,BACKGROUND,Chronic obstructive pulmonary disease exacerbations frequently lead to hospital readmission and increased mortality. (Cohort identifier: 4937).
4938,10001578,OBJECTIVE,OBJECTIVES,To evaluate the efficacy and safety of once-weekly semaglutide compared to daily sitagliptin in adults. (Trial registration: NCT010001578).
4939,10001564,METHODS,METHODS,Participants were randomly allocated (1:1) using computer-generated block randomization to receive drug A or placebo. (Stratified cluster 4939).
4940,10001468,RESULTS,RESULTS,"No statistically significant difference in serious adverse events was observed between the active drug and placebo arms. (Confidence interval 95%, n=1949)."
4941,10001318,BACKGROUND,BACKGROUND,Hypertension remains the leading preventable cause of cardiovascular disease and premature death worldwide. (Cohort identifier: 4941).
4942,10001521,OBJECTIVE,OBJECTIVES,The primary aim was to assess the analgesic effectiveness of intravenous dexamethasone versus placebo. (Trial registration: NCT010001521).
4943,10001333,METHODS,METHODS,Eligible participants aged 18-75 years with documented HbA1c > 8.0% underwent 24 weeks of active treatment. (Stratified cluster 4943).
4944,10001874,RESULTS,RESULTS,"No statistically significant difference in serious adverse events was observed between the active drug and placebo arms. (Confidence interval 95%, n=1180)."
4945,10001254,BACKGROUND,BACKGROUND,Major depressive disorder is a pervasive mental health condition with substantial socioeconomic burden. (Cohort identifier: 4945).
4946,10001773,OBJECTIVE,OBJECTIVES,We investigated whether cognitive behavioral therapy reduces relapse rates compared to standard pharmacotherapy. (Trial registration: NCT010001773).
4947,10001301,METHODS,METHODS,Eligible participants aged 18-75 years with documented HbA1c > 8.0% underwent 24 weeks of active treatment. (Stratified cluster 4947).
4948,10001709,RESULTS,RESULTS,"Mean postoperative pain scores at 24 hours were significantly reduced in the intervention group (2.1 vs 4.8, p = 0.002). (Confidence interval 95%, n=317)."
4949,10001803,BACKGROUND,BACKGROUND,Major depressive disorder is a pervasive mental health condition with substantial socioeconomic burden. (Cohort identifier: 4949).
4950,10001743,OBJECTIVE,OBJECTIVES,We investigated whether cognitive behavioral therapy reduces relapse rates compared to standard pharmacotherapy. (Trial registration: NCT010001743).
4951,10001291,METHODS,METHODS,Primary endpoint was change in mean arterial pressure measured at 12 weeks post-randomization. (Stratified cluster 4951).
4952,10001284,RESULTS,RESULTS,"Combination therapy achieved target blood pressure control in 78.4% of patients compared to 54.2% in the monotherapy group. (Confidence interval 95%, n=2327)."
4953,10001621,BACKGROUND,BACKGROUND,Hypertension remains the leading preventable cause of cardiovascular disease and premature death worldwide. (Cohort identifier: 4953).
4954,10001133,OBJECTIVE,OBJECTIVES,This randomized controlled trial aimed to compare low-dose combination therapy against standard monotherapy. (Trial registration: NCT010001133).
4955,10001695,METHODS,METHODS,Eligible participants aged 18-75 years with documented HbA1c > 8.0% underwent 24 weeks of active treatment. (Stratified cluster 4955).
4956,10001957,RESULTS,RESULTS,"Combination therapy achieved target blood pressure control in 78.4% of patients compared to 54.2% in the monotherapy group. (Confidence interval 95%, n=2152)."
4957,10001700,BACKGROUND,BACKGROUND,Major depressive disorder is a pervasive mental health condition with substantial socioeconomic burden. (Cohort identifier: 4957).
4958,10001250,OBJECTIVE,OBJECTIVES,This randomized controlled trial aimed to compare low-dose combination therapy against standard monotherapy. (Trial registration: NCT010001250).
4959,10001053,METHODS,METHODS,Statistical analyses followed the intention-to-treat principle using mixed-effects linear regression models. (Stratified cluster 4959).
4960,10001997,RESULTS,RESULTS,"The 12-month relapse rate was significantly lower in the combined therapy arm (18.2% vs 34.6%, HR: 0.48, 9: 0.31-0.75). (Confidence interval 95%, n=2062)."
4961,10001283,BACKGROUND,BACKGROUND,Chronic obstructive pulmonary disease exacerbations frequently lead to hospital readmission and increased mortality. (Cohort identifier: 4961).
4962,10001842,OBJECTIVE,OBJECTIVES,To determine if inhaled corticosteroid cessation increases acute exacerbation risk in moderate COPD. (Trial registration: NCT010001842).
4963,10001000,METHODS,METHODS,Primary endpoint was change in mean arterial pressure measured at 12 weeks post-randomization. (Stratified cluster 4963).
4964,10001631,RESULTS,RESULTS,"No statistically significant difference in serious adverse events was observed between the active drug and placebo arms. (Confidence interval 95%, n=2419)."
4965,10001397,BACKGROUND,BACKGROUND,Type 2 diabetes mellitus is a major chronic metabolic disorder associated with high cardiovascular mortality. (Cohort identifier: 4965).
4966,10001808,OBJECTIVE,OBJECTIVES,We investigated whether cognitive behavioral therapy reduces relapse rates compared to standard pharmacotherapy. (Trial registration: NCT010001808).
4967,10001994,METHODS,METHODS,Primary endpoint was change in mean arterial pressure measured at 12 weeks post-randomization. (Stratified cluster 4967).
4968,10001181,RESULTS,RESULTS,"Semaglutide significantly reduced mean HbA1c by -1.5% compared to -0.8% with sitagliptin (p < 0.001). (Confidence interval 95%, n=1447)."
4969,10001628,BACKGROUND,BACKGROUND,Major depressive disorder is a pervasive mental health condition with substantial socioeconomic burden. (Cohort identifier: 4969).
4970,10001057,OBJECTIVE,OBJECTIVES,The primary aim was to assess the analgesic effectiveness of intravenous dexamethasone versus placebo. (Trial registration: NCT010001057).
4971,10001264,METHODS,METHODS,Primary endpoint was change in mean arterial pressure measured at 12 weeks post-randomization. (Stratified cluster 4971).
4972,10001431,RESULTS,RESULTS,"Combination therapy achieved target blood pressure control in 78.4% of patients compared to 54.2% in the monotherapy group. (Confidence interval 95%, n=1078)."
4973,10001376,BACKGROUND,BACKGROUND,Hypertension remains the leading preventable cause of cardiovascular disease and premature death worldwide. (Cohort identifier: 4973).
4974,10001051,OBJECTIVE,OBJECTIVES,To determine if inhaled corticosteroid cessation increases acute exacerbation risk in moderate COPD. (Trial registration: NCT010001051).
4975,10001530,METHODS,METHODS,Primary endpoint was change in mean arterial pressure measured at 12 weeks post-randomization. (Stratified cluster 4975).
4976,10001636,RESULTS,RESULTS,"Combination therapy achieved target blood pressure control in 78.4% of patients compared to 54.2% in the monotherapy group. (Confidence interval 95%, n=833)."
4977,10001255,BACKGROUND,BACKGROUND,Chronic obstructive pulmonary disease exacerbations frequently lead to hospital readmission and increased mortality. (Cohort identifier: 4977).
4978,10001062,OBJECTIVE,OBJECTIVES,This randomized controlled trial aimed to compare low-dose combination therapy against standard monotherapy. (Trial registration: NCT010001062).
4979,10001311,METHODS,METHODS,Primary endpoint was change in mean arterial pressure measured at 12 weeks post-randomization. (Stratified cluster 4979).
4980,10001543,RESULTS,RESULTS,"No statistically significant difference in serious adverse events was observed between the active drug and placebo arms. (Confidence interval 95%, n=1813)."
4981,10001793,BACKGROUND,BACKGROUND,Chronic obstructive pulmonary disease exacerbations frequently lead to hospital readmission and increased mortality. (Cohort identifier: 4981).
4982,10001677,OBJECTIVE,OBJECTIVES,To evaluate the efficacy and safety of once-weekly semaglutide compared to daily sitagliptin in adults. (Trial registration: NCT010001677).
4983,10001525,METHODS,METHODS,Participants were randomly allocated (1:1) using computer-generated block randomization to receive drug A or placebo. (Stratified cluster 4983).
4984,10001887,RESULTS,RESULTS,"No statistically significant difference in serious adverse events was observed between the active drug and placebo arms. (Confidence interval 95%, n=2341)."
4985,10001503,BACKGROUND,BACKGROUND,Major depressive disorder is a pervasive mental health condition with substantial socioeconomic burden. (Cohort identifier: 4985).
4986,10001925,OBJECTIVE,OBJECTIVES,To evaluate the efficacy and safety of once-weekly semaglutide compared to daily sitagliptin in adults. (Trial registration: NCT010001925).
4987,10001104,METHODS,METHODS,"A multi-center, double-blind, randomized controlled trial enrolled 1,200 adult patients across 45 clinical sites. (Stratified cluster 4987)."
4988,10001768,RESULTS,RESULTS,"Combination therapy achieved target blood pressure control in 78.4% of patients compared to 54.2% in the monotherapy group. (Confidence interval 95%, n=2093)."
4989,10001646,BACKGROUND,BACKGROUND,Chronic obstructive pulmonary disease exacerbations frequently lead to hospital readmission and increased mortality. (Cohort identifier: 4989).
4990,10001217,OBJECTIVE,OBJECTIVES,This randomized controlled trial aimed to compare low-dose combination therapy against standard monotherapy. (Trial registration: NCT010001217).
4991,10001797,METHODS,METHODS,Eligible participants aged 18-75 years with documented HbA1c > 8.0% underwent 24 weeks of active treatment. (Stratified cluster 4991).
4992,10001144,RESULTS,RESULTS,"Semaglutide significantly reduced mean HbA1c by -1.5% compared to -0.8% with sitagliptin (p < 0.001). (Confidence interval 95%, n=861)."
4993,10001951,BACKGROUND,BACKGROUND,Chronic obstructive pulmonary disease exacerbations frequently lead to hospital readmission and increased mortality. (Cohort identifier: 4993).
4994,10001958,OBJECTIVE,OBJECTIVES,The primary aim was to assess the analgesic effectiveness of intravenous dexamethasone versus placebo. (Trial registration: NCT010001958).
4995,10001461,METHODS,METHODS,Eligible participants aged 18-75 years with documented HbA1c > 8.0% underwent 24 weeks of active treatment. (Stratified cluster 4995).
4996,10001756,RESULTS,RESULTS,"Mean postoperative pain scores at 24 hours were significantly reduced in the intervention group (2.1 vs 4.8, p = 0.002). (Confidence interval 95%, n=2165)."
4997,10001518,BACKGROUND,BACKGROUND,Chronic obstructive pulmonary disease exacerbations frequently lead to hospital readmission and increased mortality. (Cohort identifier: 4997).
4998,10001527,OBJECTIVE,OBJECTIVES,We investigated whether cognitive behavioral therapy reduces relapse rates compared to standard pharmacotherapy. (Trial registration: NCT010001527).
4999,10001291,METHODS,METHODS,Statistical analyses followed the intention-to-treat principle using mixed-effects linear regression models. (Stratified cluster 4999).
5000,10001702,RESULTS,RESULTS,"No statistically significant difference in serious adverse events was observed between the active drug and placebo arms. (Confidence interval 95%, n=2480)."
